village_code,village_name,lgd_code,pincode,block_code
636338,Alagapuram,636338,,5983
636343,Andimadam,636343,,5983
636353,Anikudichan (North),636353,,5983
636354,Anikudichan (South),636354,,5983
636334,Authukurichi,636334,,5983
636342,Ayyur,636342,,5983
636430,Ayyur (Kanguli) R.F,636430,,5983
636429,Ayyur RF,636429,,5983
636363,Devanur,636363,,5983
636341,Edaayankurichi,636341,,5983
636380,Elaiyur (East),636380,,5983
636379,Elaiyur (West),636379,,5983
636357,Kattathur (North),636357,,5983
636358,Kattathur (South),636358,,5983
636360,Kodukkur,636360,,5983
636355,Koovathur (North),636355,,5983
636431,Koovathur RF,636431,,5983
636356,Koovathur (South),636356,,5983
636359,Kuvagam,636359,,5983
636433,Kuvagam RF,636433,,5983
636361,Marudur,636361,,5983
636364,Melur,636364,,5983
636432,Melur Devanur RF,636432,,5983
636428,Mudukulam R.F,636428,,5983
636333,Olaiyur,636333,,5983
636346,Periakrishnapuram,636346,,5983
636336,Rangiyam,636336,,5983
636339,Silumbur (North),636339,,5983
636340,Silumbur (South),636340,,5983
636337,Siluvaicheri,636337,,5983
636427,Siluvaicheri RF,636427,,5983
636335,Sriraman,636335,,5983
636347,Thirukalappur,636347,,5983
931845,வரதராஜன்பேட்டை,931845,,5983
636362,Variyankaval,636362,,5983
636344,Vilandai (North),636344,,5983
636345,Vilandai (South),636345,,5983
636517,Alagiyamanavalam,636517,,5787
636486,Alanduraiyarkattalai,636486,,5787
636464,Ammenabath,636464,,5787
636487,Andipattakkadu,636487,,5787
636510,Annimangalam,636510,,5787
636466,Ariyalur (North),636466,,5787
931841,அரியலூர் (தெற்கு),931841,,5787
636484,Arungal,636484,,5787
636482,Avansuthamalli,636482,,5787
636459,Ayanathur,636459,,5787
636494,Chinnapattakadu,636494,,5787
636475,Edayathankudi,636475,,5787
636516,Elakurichi,636516,,5787
636505,Elandakudam,636505,,5787
636456,Govindapuram,636456,,5787
636491,Guruvadi,636491,,5787
636454,Illuppaiyur,636454,,5787
636458,Kadugur,636458,,5787
636457,Kallankurichi,636457,,5787
636492,Kamarasavalli,636492,,5787
636509,Kandiratheertham,636509,,5787
636498,Karaiyavetti,636498,,5787
636485,Karuppilakattalai,636485,,5787
636476,Karuppur (Senapathy),636476,,5787
636460,Kavanur,636460,,5787
636465,Kayarlabath,636465,,5787
636479,Keelaiyur,636479,,5787
636495,Keelakolathur,636495,,5787
636497,Keezhakavattankurichi,636497,,5787
636477,Keezhapalur,636477,,5787
636503,Kovil Esanai (East),636503,,5787
636504,Kovil Esanai (West),636504,,5787
636493,Kovilur,636493,,5787
636506,Kulamanickam (East),636506,,5787
636507,Kulamanickam (West),636507,,5787
636469,Mallur,636469,,5787
636511,Manjamedu,636511,,5787
636480,Melapalur,636480,,5787
636473,Nagamangalam,636473,,5787
636489,Oriyur,636489,,5787
636455,Ottakoil,636455,,5787
636502,Palinganatham,636502,,5787
636478,Papanacheri,636478,,5787
636463,Periyanagalur,636463,,5787
636474,Periyathirukonam,636474,,5787
636481,Poondi,636481,,5787
636451,Pottaveli,636451,,5787
636471,Pudupalayam,636471,,5787
636488,Pungankuzhi,636488,,5787
636452,Rayampuram,636452,,5787
636472,Reddipalayam,636472,,5787
636500,Sannavur (North),636500,,5787
636501,Sannavur (South),636501,,5787
636483,Sathamangalam,636483,,5787
636453,Sennivanam,636453,,5787
636470,Siruvalur,636470,,5787
636515,Sullangudi,636515,,5787
636462,Thelur,636462,,5787
636512,Thirumanur,636512,,5787
636508,Thirumazhapadi,636508,,5787
636490,Thuthur,636490,,5787
636513,Vadugapalayam,636513,,5787
636467,Valajanagaram,636467,,5787
636468,Varanavasi,636468,,5787
636499,Venganur,636499,,5787
636496,Vetriyur,636496,,5787
636461,Vilangudi,636461,,5787
636514,Vilupanankurichi,636514,,5787
636309,Adhanakurichi,636309,,5785
636308,Alathiyur,636308,,5785
636331,Anandavadi,636331,,5785
636314,Asaveerankudikkadu,636314,,5785
636311,Ayanathathanur,636311,,5785
636330,Irumbilikurichi,636330,,5785
636323,Keezhamaligai,636323,,5785
636332,Kilimangalam,636332,,5785
636312,Kulumur,636312,,5785
636310,Manakkudaiyan,636310,,5785
636313,Manapathur,636313,,5785
636321,Maruvathur,636321,,5785
636324,Nagalkuzhi,636324,,5785
636320,Nakkampadi,636320,,5785
636319,Namangunam,636319,,5785
636329,Paranam,636329,,5785
636317,Periyakurichi,636317,,5785
636325,Pilakurichi,636325,,5785
636322,Ponparappi,636322,,5785
636305,Sannasinallur,636305,,5785
636327,Sendurai,636327,,5785
636316,Sirkalathur,636316,,5785
636328,Sirukadambur,636328,,5785
636306,Thalavoi (North),636306,,5785
636307,Thalavoi (South),636307,,5785
636315,Tular,636315,,5785
636326,Unjini,636326,,5785
636318,Vanjinapuram,636318,,5785
636444,Adichanur RF,636444,,5786
636449,Alvoy Extention RF,636449,,5786
636447,Alvoy RF,636447,,5786
636376,Amanakkanthondi,636376,,5786
636418,Ammbappur,636418,,5786
636446,Ammbappur RF,636446,,5786
636394,Anaikudam,636394,,5786
636382,Angarayanallur (East),636382,,5786
931847,அங்கராயனல்லூர் (மேற்கு),931847,,5786
636393,Cholamadevi,636393,,5786
636383,Devamangalam,636383,,5786
636349,Dharmasamudram,636349,,5786
636409,Edanganni,636409,,5786
636381,Edayar,636381,,5786
636374,Elayaperumalnallur,636374,,5786
636352,Eravangudy,636352,,5786
636423,Govindaputhur,636423,,5786
636386,Guruvalapparkovil,636386,,5786
636413,Irugaiyur,636413,,5786
931850,ஜெயங்கொண்டசோழபுரம்,931850,,5786
636421,Kadambur,636421,,5786
636412,Karaikurichi,636412,,5786
636371,Kattagaram (North),636371,,5786
636372,Kattagaram (South),636372,,5786
636366,Keelakudiyiruppu,636366,,5786
636420,Keelanatham,636420,,5786
636392,Kodalikaruppur,636392,,5786
636407,Kodangudi (North),636407,,5786
636408,Kodangudi (South),636408,,5786
636387,Kulothunganallur,636387,,5786
636370,Kundaveli (East),636370,,5786
636369,Kundaveli (West),636369,,5786
636450,Madanathur RF,636450,,5786
636401,Managethi,636401,,5786
636439,Managethi RF,636439,,5786
636373,Muthuservamadam,636373,,5786
636414,Naduvalur (East),636414,,5786
636442,Naduvalur RF,636442,,5786
636415,Naduvalur (West),636415,,5786
636406,Nayaganaipriyal,636406,,5786
636441,Nayaganaipriyal RF,636441,,5786
636350,Pappakudi (North),636350,,5786
636351,Pappakudi (South),636351,,5786
636405,Parukkal (East),636405,,5786
636440,Parukkal RF,636440,,5786
636404,Parukkal (West),636404,,5786
636377,Periyavalayam,636377,,5786
636436,Periyavalayam R.F,636436,,5786
636396,Pilichikuzihi,636396,,5786
636367,Pirancheri,636367,,5786
636375,Pitchanur,636375,,5786
636422,Sathambadi,636422,,5786
636448,Sathambadi RF,636448,,5786
636378,Sooriyamanal,636378,,5786
636437,Sooriyamanal R.F,636437,,5786
636424,Sripurandan (North),636424,,5786
636425,Sripurandan (South),636425,,5786
636443,Sundaresapuram RF,636443,,5786
636416,Suthamalli,636416,,5786
636388,Thaluthalaimedu,636388,,5786
636365,Thandalai,636365,,5786
636434,Thanimarathukadu RF,636434,,5786
636399,Thathanur(East),636399,,5786
636400,Thathanur(West),636400,,5786
636410,Thenkatchiperumalnatham,636410,,5786
636411,T.Palur,636411,,5786
636397,T.Sholankurichi (North),636397,,5786
636398,T.Sholankurichi (South),636398,,5786
636391,Udayanatham (East),636391,,5786
636390,Udayanatham (West),636390,,5786
931852,உடையார்பாளையம் (கிழக்கு),931852,,5786
636438,Udayarpalayam R.F,636438,,5786
931853,உடையார்பாளையம் (மேற்கு),931853,,5786
636419,Udayavarthiyanur,636419,,5786
636417,Uliyankudi,636417,,5786
636384,Ulkottai (North),636384,,5786
636385,Ulkottai (South),636385,,5786
636445,Ulliyankudi RF,636445,,5786
636426,Valaikurichi,636426,,5786
636395,Vanathirayampattinam,636395,,5786
636348,Vangudi,636348,,5786
636389,Vembukudi,636389,,5786
636403,Venmankondan (East),636403,,5786
636402,Venmankondan (West),636402,,5786
636368,Vethiyarvettu,636368,,5786
636435,Vethiyarvettu R.F,636435,,5786
629573,Alapakkam (CT),629573,,5706
934037,Ammanambakkam,934037,,5706
629467,Anjur,629467,,5706
629560,Anjur R.F,629560,,5706
629427,Appur,629427,,5706
629548,Appur R.F,629548,,5706
629473,Athur,629473,,5706
932372,ஆத்தூா் ஆ,932372,,5706
932160,செங்கல்பட்டு,932160,,5706
629453,Chettipunyam,629453,,5706
932262,சித்தமனுர்,932262,,5706
629444,Dasarikunnathur,629444,,5706
629478,Echankaranai,629478,,5706
629543,Gudalore R.F,629543,,5706
932165,குண்டுா்,932165,,5706
629445,Guruvanmedu,629445,,5706
629476,Hanumanthai,629476,,5706
629472,Ideeyankodumanthangal,629472,,5706
932170,இருங்குன்றப்பள்ளி,932170,,5706
629454,Kachadimangalam,629454,,5706
932224,களிவந்தம்பட்டு,932224,,5706
629471,Kanthalur,629471,,5706
629442,Karambur,629442,,5706
629441,Karunilam,629441,,5706
932382,காட்டாங்கொளத்தூர்,932382,,5706
629547,Kattankolathur R.F,629547,,5706
629411,Kayarambedu,629411,,5706
932285,கீழகரணை,932285,,5706
629443,Kolathur,629443,,5706
932202,கோனாதி,932202,,5706
629455,Kondamangalam,629455,,5706
629452,Kongadu,629452,,5706
629504,Kovilanthangal,629504,,5706
629477,Kunnavakkam,629477,,5706
629507,Melamaiyur,629507,,5706
629446,Melmanapakkam,629446,,5706
932154,நத்தம் அ,932154,,5706
932145,நத்தம் ஆ,932145,,5706
932219,நின்னக்கரை,932219,,5706
629508,Ozhalur,629508,,5706
629447,Palur,629447,,5706
932185,பாலூா் ஆ,932185,,5706
932189,பாலூா் இ,932189,,5706
932231,பனங்காட்டூா்,932231,,5706
629470,Paranur,629470,,5706
629561,Paranur R.F,629561,,5706
932249,பாரேரி,932249,,5706
629479,Pattaravakkam,629479,,5706
629506,Pazhaveli,629506,,5706
932237,பேரமனூா்,932237,,5706
629502,Periyaputheri,629502,,5706
629425,Perumalthangal,629425,,5706
629509,Porunthavakkam,629509,,5706
932192,பொத்தேரி,932192,,5706
629474,Pulipakkam,629474,,5706
629475,Rajakulipettai,629475,,5706
629449,Sasthirambakkam,629449,,5706
932241,சட்டமங்கலம்,932241,,5706
629553,Sengundram R.F,629553,,5706
629480,Senneri,629480,,5706
629426,Senthamangalam,629426,,5706
629571,Singaperumalkoil (CT),629571,,5706
932208,தைலாவரம்,932208,,5706
629428,Thalimangalam,629428,,5706
629468,Thenmelpakkam,629468,,5706
629505,Thenur,629505,,5706
932272,திருக்கச்சூர்,932272,,5706
629554,Thirutheri R.F,629554,,5706
629503,Thiruvadisoolam,629503,,5706
629572,Vallam (CT),629572,,5706
629564,Vallam R.F,629564,,5706
934038,Vallancheri,934038,,5706
932180,வேதநாராயணபுரம்,932180,,5706
629469,Veerapuram,629469,,5706
629450,Vembakkam,629450,,5706
629451,Venkatapuram,629451,,5706
629448,Villiambakkam,629448,,5706
932246,விஞ்சியம்பாக்கம்,932246,,5706
630256,Agaram,630256,,5711
630196,Akkinambattu,630196,,5711
932568,ஆலம்பரை,932568,,5711
630236,Ammanambakkam,630236,,5711
630209,Ammanur,630209,,5711
630264,Andarkuppam,630264,,5711
630238,Arappedu,630238,,5711
630263,Arasur,630263,,5711
630205,Atchivilagam,630205,,5711
630245,Attupattukottaipunji,630245,,5711
630240,Ayakunnam,630240,,5711
630208,Cheyyur,630208,,5711
932518,செய்யூா் ஆ,932518,,5711
932529,செய்யூா் இ,932529,,5711
932541,செய்யூா் ஈ உ,932541,,5711
932550,செய்யூா் ஆர்,932550,,5711
932557,சின்ன கயப்பாக்கம்,932557,,5711
630181,Chinnavelikadu,630181,,5711
630219,Chithamur,630219,,5711
630211,Chitharkadu,630211,,5711
630254,Chunampet,630254,,5711
630262,Easur,630262,,5711
932584,கெங்கதேவன் குப்பம்,932584,,5711
630255,Illedu,630255,,5711
630235,Indalur,630235,,5711
630199,Iranyasidhi,630199,,5711
630228,Irumbili,630228,,5711
630164,Kadalur,630164,,5711
630259,Kadappari,630259,,5711
630183,Kadugupattu,630183,,5711
630252,Kadukalur,630252,,5711
630170,Kalkulam,630170,,5711
630191,Kanathur,630191,,5711
630218,Kannimangalam,630218,,5711
630154,Karuppur,630154,,5711
630246,Kayapakkam,630246,,5711
630227,Keelmaruvathur,630227,,5711
630225,Kesavarayanpettai,630225,,5711
630165,Kilarkollai,630165,,5711
630190,Kodapattinam,630190,,5711
630194,Kodur,630194,,5711
630212,Kokkaranthangal,630212,,5711
630239,Kolathur,630239,,5711
932692,கூனங்கரணை,932692,,5711
630166,Koovathur,630166,,5711
630251,Kottaikadu,630251,,5711
630221,Kurambarai,630221,,5711
630176,Lathur,630176,,5711
630156,Madavilagam,630156,,5711
630204,Madayambakkam,630204,,5711
630230,Magundagiri,630230,,5711
630187,Malrajakuppam,630187,,5711
630222,Maluvankaranai,630222,,5711
630168,Manicuppam,630168,,5711
630210,Maruderi,630210,,5711
630226,Melmaruvathur,630226,,5711
932588,முதலியார் குப்பம்,932588,,5711
630193,Mugaiyur,630193,,5711
630189,Murukkanthangal,630189,,5711
630188,Nedumaram,630188,,5711
630152,Neelamangalam,630152,,5711
630153,Nelvoy,630153,,5711
630185,Nelvoypalayam,630185,,5711
630200,Nemanadam,630200,,5711
630244,Nerkunam,630244,,5711
630167,Nerkunampattu,630167,,5711
630253,Othivilagam,630253,,5711
630177,Pachambakkam,630177,,5711
630201,Pakkavancheri,630201,,5711
630207,Pakkur,630207,,5711
630184,Palur,630184,,5711
932574,பனையூா்,932574,,5711
630249,Panayadivakkam,630249,,5711
630206,Paramankeni,630206,,5711
630162,Parameswaramangalam,630162,,5711
630159,Parasanallur,630159,,5711
630232,Parukkal,630232,,5711
630178,Pavunjur,630178,,5711
630173,Pekkaranai,630173,,5711
630229,Perambakkam,630229,,5711
630247,Periakalakadi,630247,,5711
630180,Periavelikadu,630180,,5711
630231,Perukkaranai,630231,,5711
932602,பெருக்கரணை ஆ,932602,,5711
630186,Perumalcheri,630186,,5711
630197,Perumbakkam,630197,,5711
630160,Poiganallur,630160,,5711
630220,Polambakkam,630220,,5711
630213,Pondur,630213,,5711
630216,Poongunam,630216,,5711
630223,Poraiyur,630223,,5711
630161,Poranjeri,630161,,5711
630215,Porur,630215,,5711
630198,Pudupattu,630198,,5711
630267,Pudupattu,630267,,5711
630242,Puliyani,630242,,5711
630175,Punnamai,630175,,5711
630217,Puoriampakkam,630217,,5711
630248,Puthirankottai,630248,,5711
630172,Sathamangalam,630172,,5711
630195,Sathiamangalam,630195,,5711
630174,Seevadi,630174,,5711
630157,Sembur,630157,,5711
630202,Sengattur,630202,,5711
630155,Sevur,630155,,5711
630258,Sirumailur,630258,,5711
630257,Sirunagar,630257,,5711
630260,Siruvilambakkam,630260,,5711
630224,Sothupakkam,630224,,5711
630233,Thandalam,630233,,5711
630158,Thandarai,630158,,5711
630237,Thenpakkam,630237,,5711
630203,Thirupurakoil,630203,,5711
630182,Thiruvadur,630182,,5711
630169,Thondamanallur,630169,,5711
630241,Thuthuvilampattu,630241,,5711
630179,Uludamangalam,630179,,5711
630171,Vadakkuvayaloor,630171,,5711
630192,Vadapattinam,630192,,5711
630265,Vannianallur,630265,,5711
630250,Vedal,630250,,5711
630268,Vellankondagaram,630268,,5711
932562,வேம்பனூா்,932562,,5711
630261,Venmalagaram,630261,,5711
630163,Veppancheri,630163,,5711
630234,Vettamperumbakkam,630234,,5711
630266,Vilambattu,630266,,5711
630214,Vilangadu,630214,,5711
630243,Voyalur,630243,,5711
932639,அச்சிறுப்பாக்கம்,932639,,5710
630069,Agili,630069,,5710
630037,Alapakkam,630037,,5710
630132,Allanur,630132,,5710
630146,Allur,630146,,5710
630075,Amayambattu,630075,,5710
630112,Anaikunnam,630112,,5710
630123,Anathamangalam,630123,,5710
630000,Andavakkam,630000,,5710
630115,Annangal,630115,,5710
932659,அனுமந்தக்குப்பம்,932659,,5710
629992,Arayapakkam,629992,,5710
630087,Ariyanur,630087,,5710
630053,Arungunam,630053,,5710
629994,Athimanam,629994,,5710
630106,Athivakkam,630106,,5710
630084,Athivakkam,630084,,5710
629966,Athiyur,629966,,5710
630151,Athur,630151,,5710
630079,Avirimedu,630079,,5710
630130,Baburayanpettai,630130,,5710
630020,Budur,630020,,5710
629971,Bukkathurai,629971,,5710
630089,Chinnavenmani,630089,,5710
630070,Chinthamani,630070,,5710
630094,Chitamur,630094,,5710
629999,Chithalamangalam,629999,,5710
629979,Chithamur,629979,,5710
630004,Chithathur,630004,,5710
630080,Chitravadi,630080,,5710
630052,Devadur,630052,,5710
630098,Devanur,630098,,5710
630085,Dharmapuram,630085,,5710
630149,Edayalam,630149,,5710
630111,Elappakkam,630111,,5710
630101,Erumbedu,630101,,5710
630019,Eruvakkam,630019,,5710
630055,Gendracheri,630055,,5710
630033,Gudapakkam,630033,,5710
630058,Guddalur,630058,,5710
630114,Gunankaranai,630114,,5710
630025,Irusumanallur,630025,,5710
630021,Isur,630021,,5710
629993,Janakipuram (Sanur),629993,,5710
630139,Kadamalaiputhur,630139,,5710
630008,Kadambur,630008,,5710
934049,Kadaperi,934049,,5710
630042,Kalanipakkam,630042,,5710
630127,Kalathur,630127,,5710
629995,Kallabiranpuram,629995,,5710
630147,Karasangal,630147,,5710
629981,Karikkili,629981,,5710
629974,Karunagaracheri,629974,,5710
630044,Karunagaravilagam,630044,,5710
932665,கருங்குழி,932665,,5710
630028,Kathiricheri,630028,,5710
630095,Kattudevadur,630095,,5710
630066,Kattugudalur,630066,,5710
630065,Kattukkaranai,630065,,5710
630049,Kavadur,630049,,5710
630018,Keelavalam,630018,,5710
630061,Keezhamur,630061,,5710
630129,Kilathivakkam,630129,,5710
630038,Kiliyanagar,630038,,5710
630142,Kilpattu,630142,,5710
630103,Kilvasalai,630103,,5710
630026,Kinar,630026,,5710
629972,Kodithandalam,629972,,5710
629980,Kolathur,629980,,5710
630126,Kongaraimambattu,630126,,5710
630108,Kottakayapakkam,630108,,5710
630010,Kozhiyalam,630010,,5710
629973,Kumaravadi,629973,,5710
629983,Kunnankolathur,629983,,5710
630022,Kunnathur,630022,,5710
630013,Kunnavakkam,630013,,5710
630035,Ladakaranai,630035,,5710
629990,Lakshminarayanapuram,629990,,5710
630036,L.Endathur,630036,,5710
630109,Madhur,630109,,5710
630031,Madurai,630031,,5710
934048,Maduranthakam Part 1,934048,,5710
629968,Maiyur,629968,,5710
629969,Mamandur,629969,,5710
629984,Mambattu,629984,,5710
629977,Mangalam,629977,,5710
630051,Mariputhur,630051,,5710
630068,Mathur,630068,,5710
630083,Melakandai,630083,,5710
932673,மேலவளம்,932673,,5710
630141,Minnal Chithamur,630141,,5710
630140,Minnalkilminnal,630140,,5710
630064,Mogalvadi,630064,,5710
629986,Moosivakkam,629986,,5710
630043,Morappakkam,630043,,5710
630046,Mulli,630046,,5710
630059,Muniyanthangal,630059,,5710
630144,Munnakulam,630144,,5710
630045,Munuthikuppam,630045,,5710
630050,Murukkambakkam,630050,,5710
630024,Murukkancheri,630024,,5710
630145,Murungai,630145,,5710
630093,Nallamur Keelakaranai,630093,,5710
630100,Nallur,630100,,5710
630143,Nedungal,630143,,5710
630104,Neerpair,630104,,5710
630007,Nellai,630007,,5710
629976,Nelli,629976,,5710
629978,Nelvoy,629978,,5710
630105,Nemam,630105,,5710
630086,Nesapakkam,630086,,5710
630077,Nethapakkam,630077,,5710
630091,Netrambakkam,630091,,5710
630060,Orathur,630060,,5710
630116,Orathy,630116,,5710
630090,Ozhavetti,630090,,5710
629988,Padalam,629988,,5710
630062,Padiri,630062,,5710
630073,Pakkam,630073,,5710
629987,Palayanur,629987,,5710
629975,Palliagaram,629975,,5710
630137,Pallipettai,630137,,5710
630006,Pambayambattu,630006,,5710
630005,Pappanallur,630005,,5710
630015,Pasumbur,630015,,5710
630039,Pasuvankaranai,630039,,5710
629991,Pathur,629991,,5710
630138,Perumbairkandigai,630138,,5710
630032,Perumbakkam,630032,,5710
630092,Peruveli,630092,,5710
629964,Pilappur,629964,,5710
630014,Pillanthikuppam,630014,,5710
630110,Pinnampoondi,630110,,5710
630097,Poondi,630097,,5710
630128,Poragal,630128,,5710
630030,Puducheri,630030,,5710
630016,Pudupattu,630016,,5710
630074,Pulikkoradu,630074,,5710
629989,Pulipurakoil,629989,,5710
630081,Puliyaranankottai,630081,,5710
629982,Puzhuthivakkam,629982,,5710
629970,Pzhamathur,629970,,5710
630113,Rajapalayam,630113,,5710
932653,ராவத்தநல்லூா்,932653,,5710
629967,Sampathinallur,629967,,5710
629996,Sathamai,629996,,5710
630134,Seethapuram,630134,,5710
630040,Semppondi,630040,,5710
630124,Senayaneri,630124,,5710
630067,Sendivakkam,630067,,5710
630054,Sholamthangal,630054,,5710
630057,Silavattam,630057,,5710
630125,Sirudamur,630125,,5710
630078,Sirunallur,630078,,5710
630072,Sirungalur,630072,,5710
630131,Sirupairpandi,630131,,5710
630122,Siruvangunam,630122,,5710
629965,Sithandi,629965,,5710
629998,Soorai,629998,,5710
630041,Thandalam,630041,,5710
630029,Thandarai,630029,,5710
630009,Theetalam,630009,,5710
630107,Thimmapuram,630107,,5710
630120,Thinnalur,630120,,5710
630136,Thirumukkadu,630136,,5710
630017,Thottanaval,630017,,5710
630150,Thozhuppedu,630150,,5710
630003,Thuraiyur,630003,,5710
630027,Uludamangalam,630027,,5710
630071,Unamalai,630071,,5710
630135,Uthamanallur,630135,,5710
630118,Vadakkuputhur,630118,,5710
630119,Vadamanipakkam,630119,,5710
630034,Vaippanai,630034,,5710
629985,Vaiyavur,629985,,5710
630047,Valarbirai,630047,,5710
630011,Valayaputhur,630011,,5710
630076,Vasanthavadi,630076,,5710
630012,Vedanthangal,630012,,5710
629997,Vedavakkam,629997,,5710
630023,Veeranakunnam,630023,,5710
630063,Velamur,630063,,5710
630148,Veliambakkam,630148,,5710
630002,Vellaputhur,630002,,5710
630099,Vellarai,630099,,5710
630088,Venmari,630088,,5710
630117,Veppankaranai,630117,,5710
630048,Vilagam,630048,,5710
630133,Vilangadu,630133,,5710
630056,Vilvarayanallur,630056,,5710
630001,Vinayaganallur,630001,,5710
630121,Vinnampoondi,630121,,5710
630096,Viralur,630096,,5710
630102,Z.Budur,630102,,5710
630082,Z.Endathur,630082,,5710
933218,அனகாபுத்தூர்,933218,,6629
933215,கண்டோன்மெண்ட் பல்லாவரம்,933215,,6629
629374,Cowl Bazaar (OG),629374,,6629
933209,இசா பல்லாவரம்,933209,,6629
933211,அஸ்தினாபுரம்,933211,,6629
933203,ஜமீன் பல்லாவரம் அ,933203,,6629
933207,ஜமீன் பல்லாவரம் ஆ,933207,,6629
629373,Moovarasampettai (CT),629373,,6629
933213,நெமிலிச்சேரி,933213,,6629
934047,Pallavaram Urban,934047,,6629
933219,பம்மல்,933219,,6629
629371,Polichalur (CT),629371,,6629
933217,புனித தோமையர் மலை,933217,,6629
933220,திருநீர்மலை,933220,,6629
629372,Tirusulam (CT),629372,,6629
629366,Agaramthen,629366,,5703
629378,Arasankalani,629378,,5703
932830,சிட்லபாக்கம்,932830,,5703
932852,கௌரிவாக்கம்,932852,,5703
932890,இரும்புலியூா்,932890,,5703
932868,கடப்பேரி,932868,,5703
629364,Kasbapuram,629364,,5703
629386,Koilambakkam (CT),629386,,5703
629367,Kovilancheri,629367,,5703
932825,மாடம்பாக்கம்,932825,,5703
629368,Madurapakkam,629368,,5703
629387,Medavakkam (CT),629387,,5703
629369,Moolacheri,629369,,5703
629363,Mudichur,629363,,5703
629391,Nanmangalam (OG),629391,,5703
629377,Ottiambakkam,629377,,5703
932884,பீா்க்கன்கரணை,932884,,5703
629375,Perumbakkam,629375,,5703
932878,பெருங்களத்தூா்,932878,,5703
932855,புலிக்கொரடு,932855,,5703
932848,இராஜகீழ்பாக்கம்,932848,,5703
932827,சேலையூர்,932827,,5703
932837,செம்பாக்கம்,932837,,5703
629376,Sittalapakkam,629376,,5703
932873,தாம்பரம்,932873,,5703
629370,Tiruvancheri (OG),629370,,5703
629365,Vengapakkam,629365,,5703
629390,Vengavasal (CT),629390,,5703
629895,Acharavakkam,629895,,5709
629884,Adavilagam,629884,,5709
629869,Alagusamudram,629869,,5709
629902,Amaipakkam,629902,,5709
629962,Amanambakkam RF,629962,,5709
629932,Aminjikarai,629932,,5709
629908,Ammanambakkam,629908,,5709
629916,Anoor,629916,,5709
629926,Arambakkam,629926,,5709
629944,Attavakkam,629944,,5709
629954,Ayapakkam,629954,,5709
932775,பொம்மராஜபுரம்,932775,,5709
932780,சின்னக்காட்டுபாக்கம்,932780,,5709
629907,Echankaranai,629907,,5709
629878,Echur,629878,,5709
629891,Edaiyur,629891,,5709
629900,Edaiyur,629900,,5709
629943,Edayathur,629943,,5709
629894,Egai,629894,,5709
629940,Elumichampattu,629940,,5709
629880,Irumbuli,629880,,5709
629868,Janakipuram,629868,,5709
629875,Kadambady,629875,,5709
629927,Kalpakkam,629927,,5709
629882,Kankeyamkuppam,629882,,5709
629906,Karmarapakkam,629906,,5709
629865,Keelavedu,629865,,5709
629870,Keerapakkam,629870,,5709
629920,Kilapakkam,629920,,5709
629899,Kokilamedu,629899,,5709
932785,கொந்தகாரிகுப்பம்,932785,,5709
629917,Korappattu,629917,,5709
629892,Kothimangalam,629892,,5709
629930,Kudiperumbakkam,629930,,5709
629873,Kuhipanthandalam,629873,,5709
629901,Kunnathur,629901,,5709
629922,Kunnavakkam,629922,,5709
629947,Lattur,629947,,5709
932790,மாமல்லபுரம்,932790,,5709
629918,Mambakkam,629918,,5709
629898,Manamai,629898,,5709
629887,Manapakkam,629887,,5709
932795,மங்களம் ஆ,932795,,5709
629928,Meiyur,629928,,5709
629871,Melapattu,629871,,5709
629866,Meleripakkam,629866,,5709
629877,Melkuppam,629877,,5709
629951,Merkandai,629951,,5709
629919,Mudaiyur,629919,,5709
629905,Mullakolathur,629905,,5709
932799,முத்திகைநல்லான்குப்பம்,932799,,5709
629934,Nadurvakkarai,629934,,5709
629876,Nallanpillaipettral,629876,,5709
629953,Nallathur - A,629953,,5709
629952,Nallathur - B,629952,,5709
629897,Nallur,629897,,5709
629910,Narapakkam,629910,,5709
629903,Narasankuppam,629903,,5709
629904,Nathamkariamcheri,629904,,5709
932859,நாவலூா்,932859,,5709
629960,Navalur RF,629960,,5709
629924,Neikuppi,629924,,5709
629872,Nelvoy,629872,,5709
629862,Nemmeli,629862,,5709
629945,Nerumbur,629945,,5709
629885,Osivakkam,629885,,5709
629888,Othivakkam,629888,,5709
629935,Pakkam,629935,,5709
932803,பனங்காட்டுச்சேரி,932803,,5709
629936,Pandur,629936,,5709
629896,Pattikadu,629896,,5709
629931,Perambakkam,629931,,5709
629933,Periayakattupakkam,629933,,5709
629874,Perumaleri,629874,,5709
629921,Perumbedu,629921,,5709
629912,Ponpathirkoodam,629912,,5709
629929,Poonthandalam,629929,,5709
629886,Pudupakkam,629886,,5709
932863,புதுப்பட்டிணம்,932863,,5709
629963,Pudupattinam (CT),629963,,5709
629949,Pudupattinam (Part),629949,,5709
629879,Pulikundram,629879,,5709
629893,Puliyur,629893,,5709
629863,Pulleri,629863,,5709
932805,பூஞ்சேரி,932805,,5709
629915,Punnapattu,629915,,5709
629889,P.V.Kalathur,629889,,5709
932816,பொ வி களத்தூா் ஆ,932816,,5709
932818,ருத்ரகோட்டி,932818,,5709
629950,Sadurangapattinam,629950,,5709
629911,Salur,629911,,5709
629961,Salur RF,629961,,5709
629883,Sogandy,629883,,5709
932820,சோலைகுப்பம்,932820,,5709
629946,Sooradimangalam,629946,,5709
629909,Thathalur,629909,,5709
629881,Thazambedu,629881,,5709
629939,Thimmur,629939,,5709
932824,திருக்கழுக்குன்றம் அ,932824,,5709
932828,திருக்கழுக்குன்றம் ஆ,932828,,5709
629867,Thirumani,629867,,5709
629958,Thirumani RF,629958,,5709
629864,Thunjam,629864,,5709
629959,Tirukkalukunram forest,629959,,5709
629914,Udayambakkam,629914,,5709
629941,Vallipuram,629941,,5709
629955,Vasavasamudram,629955,,5709
629938,Vazhuvodur,629938,,5709
629890,Veerakuppam,629890,,5709
629923,Veerapuram,629923,,5709
629937,Vellapandal,629937,,5709
629913,Venbakkam,629913,,5709
629925,Vengabakkam,629925,,5709
629942,Vilagam,629942,,5709
629948,Vittlapuram,629948,,5709
629956,Voyalur,629956,,5709
629494,Acharavakkam,629494,,5958
629438,Agaram,629438,,5958
629514,Agaram,629514,,5958
629490,Alathur,629490,,5958
629562,Alathur RF,629562,,5958
629524,Amaiyampattu,629524,,5958
629530,Amirthampallam,629530,,5958
629515,Amoor,629515,,5958
629536,Arungundram,629536,,5958
629517,Athigamanallur,629517,,5958
629487,Chettipatturayamankuppam,629487,,5958
629531,Chinna Irumbedu,629531,,5958
629528,Chinnavippedu,629528,,5958
629466,Dasarikuppam,629466,,5958
629522,Dhakshnavarthy,629522,,5958
629496,Edarkundram,629496,,5958
629460,Edayankuppam,629460,,5958
629557,Edayankuppam RF,629557,,5958
932029,ஏகாட்டூர்,932029,,5958
629456,Hanumanthapuram,629456,,5958
629563,Hanumanthaputheri R.F,629563,,5958
629435,Illalur,629435,,5958
629556,Illalur RF,629556,,5958
629535,Kalanipakkam,629535,,5958
932025,காலவாக்கம்,932025,,5958
629552,Kalvoy R.F,629552,,5958
932027,கண்ணகப்பட்டு,932027,,5958
629401,Kannathur Reddy Kuppam,629401,,5958
629398,Karanai,629398,,5958
629483,Karumbakkam,629483,,5958
629492,Karunguzhipallam,629492,,5958
629529,Kattakhazhani,629529,,5958
629459,Kattur,629459,,5958
629559,Kattur R.F.,629559,,5958
629431,Kayar,629431,,5958
629550,Kayar RF,629550,,5958
932031,கழிபட்டுர்,932031,,5958
629418,Kelambakkam,629418,,5958
629458,Kizhur,629458,,5958
629439,Kondangi,629439,,5958
629500,Konerikuppam,629500,,5958
629463,Kottamedu,629463,,5958
629570,Kovalam (CT),629570,,5958
629461,Krishanankaranai,629461,,5958
629521,Kunnappattu,629521,,5958
629558,Madathur RF,629558,,5958
629488,Madayathur,629488,,5958
629485,Mailai,629485,,5958
629513,Manamathy,629513,,5958
629537,Mannavedudevadaram,629537,,5958
629440,Maruderi,629440,,5958
629457,Melaiyur,629457,,5958
629525,Melkanagampattu,629525,,5958
629498,Mullipakkam,629498,,5958
629569,Muthukadu (CT),629569,,5958
629400,Navalur,629400,,5958
629437,Nellikuppam,629437,,5958
629433,Nemmeli,629433,,5958
629957,Nemmeli RF,629957,,5958
629534,Oragadam,629534,,5958
629532,Orathur,629532,,5958
629511,Otteri,629511,,5958
629416,Padur,629416,,5958
629519,Paiyanur,629519,,5958
629520,Panchanthiruthy,629520,,5958
629491,Pattipulam,629491,,5958
629510,PeriyaIrumbedu,629510,,5958
629527,Periyavippedu,629527,,5958
629481,Perunthandalam,629481,,5958
629482,Pooluppai,629482,,5958
629495,Poondi,629495,,5958
629516,Poranthavakkam,629516,,5958
629512,Rayamangalam,629512,,5958
629501,Reddikuppam,629501,,5958
629497,Royalpattu,629497,,5958
629518,Salavankuppam,629518,,5958
629523,Santhanampattu,629523,,5958
629486,Sembakkam,629486,,5958
629434,Sengadu,629434,,5958
629493,Sirudavoor,629493,,5958
629555,Sirukundram RF,629555,,5958
629465,Sirunkundram,629465,,5958
629432,Thaiyur,629432,,5958
932034,தையூர் ஆ,932034,,5958
629551,Thaiyur R.F.,629551,,5958
629462,Thandalam,629462,,5958
629533,Thandarai,629533,,5958
629526,Thirunilai,629526,,5958
932024,திருப்போரூர்,932024,,5958
629417,Thiruvidanthai,629417,,5958
629499,Valarkundram,629499,,5958
629538,Valavanthangal,629538,,5958
629419,Velichi,629419,,5958
629436,Vembedu,629436,,5958
629489,Vengaleri,629489,,5958
629464,Vengur u,629464,,5958
629484,Viralpakkam,629484,,5958
629409,Arungal,629409,,7058
932321,அய்யஞ்சேரி,932321,,7058
932291,கூடுவாஞ்சேரி,932291,,7058
629430,Hasthinapuram,629430,,7058
629429,Kalvoy,629429,,7058
629423,Kannivakkam,629423,,7058
629539,Karanai,629539,,7058
629410,Karanaipuducheri,629410,,7058
629406,Keelakottiyur,629406,,7058
629413,Keerappakkam,629413,,7058
932324,கிளாம்பாக்கம்,932324,,7058
932367,கொளப்பாக்கம்,932367,,7058
629420,Kolathur,629420,,7058
629546,Kolathur RF,629546,,7058
629422,Kumizhi,629422,,7058
629544,Kumuzhi R.F,629544,,7058
629405,Mambakkam,629405,,7058
629545,Mambakkam RF,629545,,7058
629393,Mannivakkam,629393,,7058
629407,Melakottiyur,629407,,7058
629414,Murugamangalam,629414,,7058
629408,Nallambakkam,629408,,7058
932309,நந்திவரம்,932309,,7058
629567,Nedungundram (CT),629567,,7058
629421,Othivakkam,629421,,7058
629549,Othivakkam R.F,629549,,7058
629424,Pandur,629424,,7058
629412,Perumathunallur,629412,,7058
629403,Polacheri,629403,,7058
629397,Ponmar,629397,,7058
629415,Pudupakkam,629415,,7058
932351,புத்தூா்,932351,,7058
629395,Rattinamangalam,629395,,7058
629402,Siruseri,629402,,7058
629404,Sonallur,629404,,7058
629541,Sonnallur RF,629541,,7058
629399,Thazhambur,629399,,7058
629394,Unamancheri,629394,,7058
629542,Unamancheri R.F,629542,,7058
629568,Urapakkam (CT),629568,,7058
629566,Vandalur (CT),629566,,7058
629540,Vandalur R.F,629540,,7058
629396,Vengadamangalam,629396,,7058
933821,Adambakkam,933821,,5704
933818,Alandur,933818,,5704
933806,Madanandapuram,933806,,5704
933814,Manappakkam,933814,,5704
933830,Meenambakkam,933830,,5704
933813,Mugalivakkam,933813,,5704
933825,Pazhavanthangal,933825,,5704
933879,Ambattur,933879,,5700
933883,Kakkapallam,933883,,5700
933882,Korattur,933882,,5700
933881,Mannurpet,933881,,5700
933877,Menambedu,933877,,5700
933884,Mogapair,933884,,5700
933876,Oragadam,933876,,5700
933885,Paadi,933885,,5700
933878,Patravakkam,933878,,5700
942736,அமைந்தகரை,942736,,7161
933880,Attipattu,933880,,7161
942737,செஞ்சேரி,942737,,7161
933875,Chettimedu,933875,,7163
933835,Karampakkam,933835,,7164
933827,Nanganallur,933827,,7169
933839,Chettiyar Agaram,933839,,5981
933831,Maduravoyal,933831,,5981
933833,Porur,933833,,5981
933837,Ramapuram,933837,,5981
933838,Sivabootham,933838,,5981
933832,Valasaravalkam,933832,,5981
933828,Thalakanancheri,933828,,7165
933858,Kathirvedu,933858,,5701
933874,Kosapur,933874,,5701
933859,Madhavaram,933859,,5701
933873,Manchambakkam,933873,,5701
933872,Mathur,933872,,5701
933857,Puthagaram,933857,,5701
933860,Puzhal,933860,,5701
933855,Surapet,933855,,5701
933862,Vadaperumbakkam,933862,,5701
933864,Villakupattu,933864,,5701
933871,Villlakupattu,933871,,5701
933816,Nandambakkam,933816,,7170
933836,Nerkundram,933836,,7166
933834,Nolambur,933834,,7167
933866,Enjambakkam,933866,,5705
933849,Jaladampet,933849,,5705
933867,Karapakkam,933867,,5705
933854,Kottivakkam,933854,,5705
933848,Madipakkam,933848,,5705
933863,Neelangarai,933863,,5705
933865,Okkiam Thorapakkam,933865,,5705
933856,Palavakkam,933856,,5705
933850,Pallikaranai,933850,,5705
933861,Seevaram,933861,,5705
933870,Semmanjeri,933870,,5705
933868,Sholinganallur,933868,,5705
933844,Ullagaram,933844,,5705
933869,Uthandi,933869,,5705
933852,Chinnasekkadu,933852,,5982
933434,இடையன்சாவடி   ஆ,933434,,5982
933842,Elandanchery,933842,,5982
933846,Ernavoor,933846,,5982
629181,Kadapakkam,629181,,5982
933845,Kathivakkam,933845,,5982
933841,Manali,933841,,5982
933843,Sadayankuppam,933843,,5982
933851,Sathangadu,933851,,5982
933847,Thiruvottiyur,933847,,5982
933840,Thandalam,933840,,7168
933853,Perungudi,933853,,7171
644561,Ambarampalayam,644561,,6643
932073,ANAIMALAI,932073,,6643
644590,Angalakurichi,644590,,6643
644587,Arthanaripalayam,644587,,6643
644564,Athupollachi,644564,,6643
644577,Dhalavaipalayam,644577,,6643
644588,Jallipatti,644588,,6643
644583,Kaliyapuram,644583,,6643
644586,Kambalapatti,644586,,6643
644585,Kariyanchettipalayam,644585,,6643
932080,KOTTUR,932080,,6643
644565,Marchinaickenpalayam,644565,,6643
644560,Naickenpalayam,644560,,6643
931960,ODAYAKULAM,931960,,6643
644570,Palayur,644570,,6643
644582,Periapodu,644582,,6643
644568,Pethanaickanur,644568,,6643
644579,Pillchinnampalayam,644579,,6643
932082,SAMATHUR,932082,,6643
644566,Singanallur,644566,,6643
644575,S. Nallur,644575,,6643
644580,Somandurai,644580,,6643
644569,S. Ponnapuram,644569,,6643
644571,Thenkumarapalayam,644571,,6643
644584,Thensangampalayam,644584,,6643
644581,Thensithur,644581,,6643
644578,Thondamuthur,644578,,6643
644589,Thorayur,644589,,6643
933603,VAKKAMPALAYAM,933603,,6643
644576,Veeralpatti,644576,,6643
932076,VETTAIKARANPUTHUR,932076,,6643
644431,Agraharasamakulam,644431,,5955
644407,Akkaraisengapalli,644407,,5955
644410,Allapalayam,644410,,5955
644409,Ambodi,644409,,5955
932156,ANNUR,932156,,5955
644412,Annur Mettupalayam,644412,,5955
932164,IDIKARAI,932164,,5955
644437,Kallipalayam,644437,,5955
644419,Kanjappali,644419,,5955
644408,Kanuvakkarai,644408,,5955
644418,Karegoundenpalayam,644418,,5955
644421,Kariampalayam,644421,,5955
644423,Kattampatti,644423,,5955
644436,Keeranatham,644436,,5955
644430,Kondayampalayam,644430,,5955
644424,Kunnathur,644424,,5955
644415,Kuppanur,644415,,5955
644422,Kuppepalayam,644422,,5955
644425,Masagoundenchettipalayam,644425,,5955
644427,Naranapuram,644427,,5955
644414,Odderpalayam,644414,,5955
644426,Pachapalayam,644426,,5955
644411,Pasur,644411,,5955
644420,Pillaiappampalayam,644420,,5955
644416,Pogalur,644416,,5955
932152,SARKAR SAMAKULAM,932152,,5955
644413,Vadakkalur,644413,,5955
644417,Vadavalli,644417,,5955
644429,Vellamadai,644429,,5955
644438,Vellanaipatti,644438,,5955
933363,ANNUPPERPALAYAM,933363,,5897
644443,Ashokapuram (CT),644443,,5897
644428,Bilichi,644428,,5897
644444,Chinnathadagam (CT),644444,,5897
933375,CHINNAVEDAMPATTY,933375,,5897
933376,GANAPATHI (E) AND (W),933376,,5897
933379,GOUNDENPALAYAM,933379,,5897
933364,GUDALUR (N) and (S),933364,,5897
933367,KALAPATTI (EAST),933367,,5897
933368,KALAPATTI (WEST),933368,,5897
933377,KRISHNARAYAPURAM,933377,,5897
644442,Kurudampalayam (CT),644442,,5897
644432,Naickenpalayam,644432,,5897
644434,Nanjundapuram,644434,,5897
933369,NARASIMMANAIKENPALAYAM,933369,,5897
644435,Pannimadai,644435,,5897
933365,PERIYANAIKANPALAYAM,933365,,5897
933378,PULIYAKULAM,933378,,5897
933374,SANGANUR,933374,,5897
933366,SARVANAMPATTY,933366,,5897
644446,Somayampalayam (CT),644446,,5897
933373,THELUNGUPALAYAM,933373,,5897
933371,THUDIYALUR,933371,,5897
644433,Veerapandi,644433,,5897
933372,VEERAPANDI 24,933372,,5897
933370,VELLAKINAR,933370,,5897
644445,Vilankurichi (CT),644445,,5897
933380,COIMBATORE RURAL,933380,,5898
933382,RAMANATHAPURAM,933382,,5898
933383,SINGANALLUR,933383,,5898
933384,SOWRIPALAYAM,933384,,5898
933385,UPPILIPALAYAM,933385,,5898
644492,Andipalayam,644492,,5956
644475,Arasampalayam,644475,,5956
644493,Chettiakkapalayam,644493,,5956
644504,Devanampalayam,644504,,5956
644495,Devarayapuram,644495,,5956
644496,Govindapuram,644496,,5956
644510,Kakkadavu,644510,,5956
644503,Kaniyalampalayam,644503,,5956
644505,Kappalankarai,644505,,5956
644491,Kattampatti,644491,,5956
932174,KINATHUKADAVU,932174,,5956
644487,Kodangipalayam,644487,,5956
644479,Kondampatty,644479,,5956
644488,Kothavadi,644488,,5956
644523,Krishnarayapuram,644523,,5956
644489,Kurunallipalayam,644489,,5956
644482,Kuthiraialampalayam,644482,,5956
644477,Mettubavi,644477,,5956
644501,Mettupalayam (Part),644501,,5956
644502,Mullipadi,644502,,5956
644486,Muthur,644486,,5956
644494,Nallattipalayam,644494,,5956
644476,Panappatti,644476,,5956
644490,Periakalandai,644490,,5956
644483,Pottaiyandiporambu,644483,,5956
644485,Sangarayapuram,644485,,5956
644511,Sholanur,644511,,5956
644506,Sirukkalandai,644506,,5956
644484,Sokkanur,644484,,5956
644480,Solavampalayam,644480,,5956
644497,Sulakkal,644497,,5956
644481,Vadaputhur,644481,,5956
644478,Vadasithur,644478,,5956
644509,Vaguthampalayam,644509,,5956
644524,Varadanur,644524,,5956
644464,Arisippalayam,644464,,5986
932328,CHETTYPALAYAM,932328,,5986
932330,ETTIMADAI,932330,,5986
644460,Karunchamigoundenpalayam,644460,,5986
932332,KURICHY,932332,,5986
932333,MADUKARAI,932333,,5986
644474,Malumichampatti (CT),644474,,5986
644456,Mavuthampathi,644456,,5986
644462,Myleripalayam,644462,,5986
644463,Nachippalayam,644463,,5986
932335,OORATTUKUPPAI,932335,,5986
932336,OTHAKALMANDAPAM,932336,,5986
644458,Palathurai,644458,,5986
644457,Pichanur,644457,,5986
644461,Seerappalayam,644461,,5986
644459,Thambagoundenpalayam,644459,,5986
932339,THIRUMALAYAMPALAYAM (N),932339,,5986
932342,THIRUMALAYAMPALAYAM (S),932342,,5986
644465,Valukkupparai,644465,,5986
932343,VELLALUR,932343,,5986
644355,Belladhi,644355,,5895
644344,Bellapalayam,644344,,5895
644346,Chickadasampalayam,644346,,5895
644356,Chikkarampalayam,644356,,5895
644340,Chinnakallipatti,644340,,5895
644343,Illuppanatham,644343,,5895
644342,Irumborai,644342,,5895
644345,Jadayampalayam,644345,,5895
644353,Kalampalayam,644353,,5895
932141,KARAMADAI,932141,,5895
644352,Kemmarampalayam,644352,,5895
644354,Marudur,644354,,5895
644341,Muduthurai,644341,,5895
644348,Nellithurai,644348,,5895
644347,Odanthurai,644347,,5895
932142,SIRUMUGAI,932142,,5895
644349,Thekkampatti,644349,,5895
644350,Tholampalayam,644350,,5895
644351,Velliangadu,644351,,5895
932200,ALANTHURAI,932200,,5957
932205,DEVARAYANPURAM,932205,,5957
644448,Devarayapuram,644448,,5957
932230,EAST CHITHIRAI CHAVADI,932230,,5957
932267,IKARAIPOLUVAMPATTY (N),932267,,5957
644453,Ikkaraibooluvampatti,644453,,5957
644449,Jagirnaickenpalyam,644449,,5957
932243,KALIKANAIKEN PALAYAM,932243,,5957
932252,KOMARAPALAYAM,932252,,5957
932292,KUNIAMUTHUR,932292,,5957
644454,Madampatti,644454,,5957
644452,Madavarayapuram,644452,,5957
644451,Narasipuram,644451,,5957
932256,PERUR,932256,,5957
644473,Perur Chettipalayam (CT),644473,,5957
932271,POOLUVAMPATTI,932271,,5957
932311,SEMMEDU,932311,,5957
932289,SUNDAKAMUTHUR,932289,,5957
644455,Theethipalayam,644455,,5957
932281,THENKARAI,932281,,5957
644447,Thennammanallur,644447,,5957
932226,THONDAMUTHUR,932226,,5957
932244,VADAVALLI,932244,,5957
932247,VEDAPATTY,932247,,5957
932299,VEERA KERALAM,932299,,5957
644450,Vellaimalaipattinam,644450,,5957
932261,WEST CHITHIRAI CHAVADI,932261,,5957
644592,Achipatti (CT),644592,,5899
644537,A. Nagoor,644537,,5899
644535,Anupparpalayam,644535,,5899
644528,Avaleppampatti,644528,,5899
644543,Ayyampalayam,644543,,5899
644549,Bodipalayam,644549,,5899
644539,Boligoundenpalayam,644539,,5899
644507,Chandrapuram,644507,,5899
644518,Chikkarayapuram,644518,,5899
644593,Chinnampalayam (CT),644593,,5899
644515,Devambadi,644515,,5899
644540,Eripatti,644540,,5899
644536,Gollapatti,644536,,5899
644554,Gomangalam,644554,,5899
644573,Gomangalampudur,644573,,5899
644519,Kabilipalayam,644519,,5899
644525,Kallipatti,644525,,5899
644557,Kanjampatti,644557,,5899
644534,Kittasuarampalayam,644534,,5899
644591,Koil palayam (CT),644591,,5899
644556,Kolarpatti,644556,,5899
644526,Kondegoundenpalayam,644526,,5899
644572,Koolanaickenpatti,644572,,5899
644522,Kulakkalpalayam,644522,,5899
644562,Kulathur,644562,,5899
644513,Kullichettipalayam,644513,,5899
644545,Kumarapalayam,644545,,5899
644521,Kurumbapalayam,644521,,5899
644594,Makkinampatti (CT),644594,,5899
644546,Manur,644546,,5899
644527,Mulanur,644527,,5899
644552,Nallampalli,644552,,5899
644544,Nallathukuli,644544,,5899
644558,Nathukkalpalayam,644558,,5899
644520,Okkilipalayam,644520,,5899
933430,PERIYA NEGAMAM,933430,,5899
933432,POLLACHI,933432,,5899
644514,Poosanaickendhali,644514,,5899
644538,Poosaripatti,644538,,5899
644498,Poravipalayam,644498,,5899
644532,Puliampatti,644532,,5899
644516,Ramapatinam,644516,,5899
644531,Rasakkapalayam,644531,,5899
644548,Rasichettipalayam,644548,,5899
644533,R. Ponnapuram,644533,,5899
933436,SANGAMPALAYAM,933436,,5899
644512,Santhegoundanpalayam,644512,,5899
644553,Seelakkampatti,644553,,5899
644563,Servaikaranpalayam,644563,,5899
644499,Servakaranpalayam,644499,,5899
644574,Sinjuvadi,644574,,5899
644508,Sinna Negamam,644508,,5899
644555,S. Malayandipatnam,644555,,5899
644550,Solapalayam,644550,,5899
933441,SOOLEESWARANPATTY,933441,,5899
644517,Thalakkarai,644517,,5899
644547,Thimmanguthu,644547,,5899
644551,Thippampatti,644551,,5899
644530,Thoppampatti,644530,,5899
933448,T KOTTAMPATTY,933448,,5899
644541,Unjavelampatti,644541,,5899
933454,VADAKIPALAYAM,933454,,5899
644500,Vadakkipalayam,644500,,5899
644567,Vekkampalayam,644567,,5899
644529,Vellalapalayam,644529,,5899
933457,ZAMIN UTHUKULI,933457,,5899
644559,Z. Kottampatti,644559,,5899
644542,Z. Muthur,644542,,5899
644378,Appanaickenpatti,644378,,5896
644401,Arasur (CT),644401,,5896
644388,Bogampatti,644388,,5896
644405,Chinniam palayam (CT),644405,,5896
644383,Edayapalayam,644383,,5896
932416,IRUGUR,932416,,5896
644394,Jallipatti,644394,,5896
644399,J.Krishnapuram,644399,,5896
644376,Kadampadi,644376,,5896
644371,Kaduvettipalayam,644371,,5896
644379,Kalangal,644379,,5896
644381,Kallapalayam,644381,,5896
644393,Kammalapatti,644393,,5896
644377,Kangayampalayam,644377,,5896
644400,Kaniyur (CT),644400,,5896
932417,KANNAMPALAYAM,932417,,5896
932424,KARUMATHAMPATTY,932424,,5896
644372,Kittampalayam,644372,,5896
644402,K.Madapur (CT),644402,,5896
644391,Kumarapalayam,644391,,5896
644397,Malaipalayam,644397,,5896
932426,MOPPIRIPALAYAM,932426,,5896
644403,Muthugoundam Pudur (CT),644403,,5896
644374,Mylampatti,644374,,5896
644404,Neelambur (CT),644404,,5896
932444,OTTERPALAYAM,932444,,5896
644389,Pachapalayam,644389,,5896
644370,Paduvampalli,644370,,5896
644382,Pappampatti,644382,,5896
644406,Pattanam (CT),644406,,5896
644380,Peedampalli,644380,,5896
644390,Poorandampalayam,644390,,5896
644375,Rasipalayam,644375,,5896
644384,Sellakkarichal,644384,,5896
644373,Semmandampalayam,644373,,5896
644396,Senjeri Ayyampalayam,644396,,5896
644395,Senjeriputhur,644395,,5896
932429,SULUR,932429,,5896
644398,Thalakkarai,644398,,5896
644385,Vadambacheri,644385,,5896
644387,Vadavalli,644387,,5896
644392,Vadavedampatti,644392,,5896
644386,Varapatti,644386,,5896
644876,Anamalai R.F.,644876,,5900
636773,Adanur (Bhuvanagiri),636773,,6645
636772,Agara Alambadi,636772,,6645
933701,அகரம்,933701,,6645
636799,Alambadi(Kasba),636799,,6645
636751,Alamelumangapuram,636751,,6645
636768,Ambapuram,636768,,6645
636777,Anaivari,636777,,6645
636758,Ariyakoshti,636758,,6645
636794,Ayipuram,636794,,6645
636805,Azhichikudi,636805,,6645
636792,B.Adhivaraganallur,636792,,6645
636793,B.Arunmozhidevan,636793,,6645
933712,பு. ஆதிவராகநத்தம்,933712,,6645
636791,B.Mutlur,636791,,6645
636800,B.Udaiyur,636800,,6645
636798,Budararayanpettai,636798,,6645
636759,Chinnakummatti,636759,,6645
636775,Chinna Nerkunam,636775,,6645
636748,Chokkankollai,636748,,6645
636790,சி. முட்டலூர்,636790,,6645
636744,Ellaikudi,636744,,6645
636770,Erumbur,636770,,6645
636746,Jayankondan,636746,,6645
636739,Kathazhai,636739,,6645
933702,கீழ்புவணகிரி,933702,,6645
636804,Kilavadinatham,636804,,6645
636784,Kizhamanakudi,636784,,6645
636757,Kothattai,636757,,6645
636782,Krishnapuram (Then),636782,,6645
636764,Krishnapuram (Vada),636764,,6645
636743,Kulakudi,636743,,6645
636745,Kummudimulai,636745,,6645
636795,Kuriyamangalam,636795,,6645
636753,Manikollai,636753,,6645
636779,Manjakkollai,636779,,6645
636786,Manjakuzhi,636786,,6645
636765,Marudur,636765,,6645
933703,மேல்புவணகிரி,933703,,6645
636783,Melmanakkudi,636783,,6645
636778,Miralur,636778,,6645
636747,Nathamedu,636747,,6645
636769,Nellikollai,636769,,6645
636752,Palavattunnan,636752,,6645
933698,பரங்கிப்பேட்டை,933698,,6645
636787,Periyakumatti,636787,,6645
636774,Periya Nerkunam,636774,,6645
636754,Periyapattu,636754,,6645
636742,Pinnalur,636742,,6645
636750,பூவாலை கிழக்கு,636750,,6645
933693,பூவாலை மேற்கு,933693,,6645
636767,Prasannaramapuram,636767,,6645
636762,Sathappadi,636762,,6645
636761,Sendirakillai,636761,,6645
933713,சேத்தியாத்தோப்பு,933713,,6645
636755,Silambimangalam,636755,,6645
636796,Sitheri,636796,,6645
636801,Siyappadi,636801,,6645
933709,சுத்துக்குழி,933709,,6645
636785,Tachakkadu,636785,,6645
636781,Thalaikulam (Then),636781,,6645
636766,Thalaikulam (Vada),636766,,6645
636797,Therkuthittai,636797,,6645
636741,Turinjikollai,636741,,6645
636780,Uluthur,636780,,6645
636763,Vadakkuthittai,636763,,6645
636749,Vaiyalamur,636749,,6645
636740,வளையமாதேவி கீழ்பாதி,636740,,6645
636771,Valayamadevi (Melpathi),636771,,6645
636806,Vandarayampattu,636806,,6645
636803,Vatharayanthethu,636803,,6645
636776,Veeramudaiyanatham,636776,,6645
636760,Velangippattu,636760,,6645
636756,Villiyanallur,636756,,6645
636906,Agaranallur,636906,,5791
636890,Ambigapuram,636890,,5791
636821,Ayipettai,636821,,5791
636871,Ayyanurakkaramangalam,636871,,5791
636789,B.Maduvankarai,636789,,5791
636825,Buthangudi,636825,,5791
934042,சிதம்பரம் ( முனிசிபல்),934042,,5791
636914,Chidambaram (Nm) (CT),636914,,5791
636843,Chidambaranathanpettai,636843,,5791
636867,Chithalapadi,636867,,5791
636884,Chittimuttu,636884,,5791
636861,C.Kothangudi,636861,,5791
636831,C.Melvanniyur,636831,,5791
636860,C.Thandeswaranallur,636860,,5791
636896,C.Vakkaramari,636896,,5791
636859,சி. வீரசோழகன் கிழக்கு,636859,,5791
932642,சி. வீரசோழகன் மேற்கு,932642,,5791
636857,Devangudi,636857,,5791
636848,Edayanpalacheri,636848,,5791
636895,Elanangur,636895,,5791
636832,Ennanagaram,636832,,5791
636909,Erukankattupadugai,636909,,5791
636881,Esanai,636881,,5791
636891,Jayamkondapattanam,636891,,5791
636885,Kadavacheri,636885,,5791
636858,கே. ஆடூர்  வடக்கு,636858,,5791
932634,கே. ஆடூர் தெற்கு,932634,,5791
636841,Kanakkarapattu,636841,,5791
636846,Kannangudi,636846,,5791
636904,Kattukudalur,636904,,5791
636864,Kavarapattu,636864,,5791
636817,Keerapalayam,636817,,5791
636908,Kezhakundalapadi,636908,,5791
636808,Kezhamungiladi,636808,,5791
636812,Kezhanuvampattu,636812,,5791
636865,Kezhaperambai,636865,,5791
636822,Kiliyanur,636822,,5791
932615,கிள்ளை வடக்கு,932615,,5791
636910,Killai R.F.,636910,,5791
932623,கிள்ளை தெற்கு,932623,,5791
636847,Kizhnatham,636847,,5791
636836,Kodippallam,636836,,5791
636898,Kodiyalam,636898,,5791
636894,Koothankoil,636894,,5791
636835,Kovilampundi,636835,,5791
636875,Kulappadi,636875,,5791
636862,Kumaramangalam,636862,,5791
636833,Lalpuram,636833,,5791
636872,Manakkudaiyaniruppu,636872,,5791
932678,மானம்பாடி,932678,,5791
636849,Mathuranthaganallur,636849,,5791
636844,Meethikudi,636844,,5791
636813,Melanubavambattu,636813,,5791
636815,Melchokkanathanpettai,636815,,5791
636807,Melmungilladi,636807,,5791
636899,Mugaiyur,636899,,5791
636842,Nakkaravanthangudi,636842,,5791
932649,நஞ்சமகத்துவாழ்கை மேற்கு,932649,,5791
636788,நஞ்சமகத்துவாழ்கை கிழக்கு,636788,,5791
636883,Nanjalur,636883,,5791
636855,Odakakkanalur,636855,,5791
636823,Orathur,636823,,5791
636827,Palayancherthangudi,636827,,5791
636913,Pallippadai (CT),636913,,5791
636814,Paluttankarai,636814,,5791
636870,Pannapattu,636870,,5791
636824,பரதூர் வடக்கு,636824,,5791
932630,பரதூர் தெற்கு,932630,,5791
636845,Parameswaranallur,636845,,5791
636892,Perampattu,636892,,5791
636900,Perungalur,636900,,5791
636887,Pettai,636887,,5791
636839,Pichavaram,636839,,5791
636912,Pichavaram extension R.F.,636912,,5791
636911,Pichavaram R.F.,636911,,5791
636811,பின்னத்தூர் கிழக்கு,636811,,5791
932668,பின்னத்தூர் மேற்கு,932668,,5791
636902,Poolamedu,636902,,5791
636850,Poonthottam,636850,,5791
636829,Puliyagudi (Harirajapuram),636829,,5791
636869,Pungudi,636869,,5791
636809,Punjamangattuvalkkai,636809,,5791
636837,Radhavilagam,636837,,5791
636828,Sakkangudi,636828,,5791
636893,Saliyanthoppu,636893,,5791
636802,Sathamangalam,636802,,5791
636882,Sengalmedu,636882,,5791
636874,Sethiyur,636874,,5791
636880,Sirugalur,636880,,5791
636886,Sivapuri,636886,,5791
636897,Sivayam,636897,,5791
636840,Thandavarayancholanganpettai,636840,,5791
636856,Tharasur,636856,,5791
636820,Thathampettai,636820,,5791
636903,Thavarthampattu,636903,,5791
636830,Then Harirajapuram,636830,,5791
636878,Therkuviruthangan,636878,,5791
636866,Thirukazhipalai (Kezh),636866,,5791
636889,Thirukazhipalai (Mel),636889,,5791
934043,திருவக்குளம்,934043,,5791
636834,Tillainayakapuram,636834,,5791
636810,தில்லைவிடங்கன் வடக்கு,636810,,5791
932658,தில்லைவிடங்கன் தெற்கு,932658,,5791
636818,Tiruppaninatham,636818,,5791
636879,T.Madappuram,636879,,5791
636877,T.Manalur,636877,,5791
636901,T.Neduncheri,636901,,5791
636868,Tuniseramedu,636868,,5791
636915,Usuppur (CT),636915,,5791
636838,Uthamasozhamangalam,636838,,5791
636819,Vada Harirajapuram,636819,,5791
636876,Vadakkuviruthangam,636876,,5791
636852,Vadappakkam,636852,,5791
636905,Vaiyur,636905,,5791
636851,Vakkur,636851,,5791
636907,Vallampadugai,636907,,5791
636888,Varagur,636888,,5791
636863,Vasaputhur,636863,,5791
636816,Vayalur,636816,,5791
636854,Vazhakollai,636854,,5791
636826,Velliyakudi,636826,,5791
636853,Veyyalur,636853,,5791
636873,Vilagam,636873,,5791
636635,Alagiyanatham,636635,,5789
636680,Alappakkam,636680,,5789
636681,Andarmullippallam,636681,,5789
636670,Annavalli,636670,,5789
636652,Arisipperiyankuppam,636652,,5789
636617,Chellancheri,636617,,5789
933904,செல்லங்குப்பம்,933904,,5789
636659,Chennappanayakkanpalayam,636659,,5789
636640,Chinnakanganankuppam,636640,,5789
933949,கடலூர் முதுநகர் (முனிசிபல்),933949,,5789
636665,கடலூர் முதுநகர் (முனிசிபல் அல்லாதது),636665,,5789
933898,தேவணாம்பட்டினம்,933898,,5789
636671,Gangamanayakkankuppam,636671,,5789
636683,Gunduuppalavadi (CT),636683,,5789
636642,Gunduuppalavadi (Part),636642,,5789
636636,Irandayiravilagam,636636,,5789
636634,Kalaiyur,636634,,5789
636679,Kambalimedu,636679,,5789
636669,karaikkadu,636669,,5789
636632,Karaimedu,636632,,5789
636663,கரையேறவிட்டகுப்பம் ( முனிசிபல்),636663,,5789
933961,கரையேறவிட்டக்குப்பம்  (முனிசிபல் அல்லாதது),933961,,5789
636648,Karamanikuppam,636648,,5789
636628,Karanapatu,636628,,5789
932809,கருப்படித்துண்டு,932809,,5789
636678,Kayalpattu,636678,,5789
636623,Kil Alinjipattu,636623,,5789
636620,Kilinjikuppam,636620,,5789
636627,Kilkumaramangalam,636627,,5789
636676,Kodandaramapuram,636676,,5789
636649,Konamangalam,636649,,5789
636682,கோண்டூர்  (முனிசிபல் ),636682,,5789
933954,கோண்டூர் (முனிசிபல் அல்லாதது),933954,,5789
932804,கூத்தபாக்கம்,932804,,5789
636668,Kudikkadu,636668,,5789
636653,Kumarapettai,636653,,5789
636622,Madalpattu,636622,,5789
636630,Malaipperumal Agaram,636630,,5789
933899,மஞ்சக்குப்பம்,933899,,5789
636638,Marudadu,636638,,5789
636662,Mavadipalayam,636662,,5789
636613,Melakuppam,636613,,5789
636625,Melalinjippattu,636625,,5789
636658,Naduvirappattu,636658,,5789
636624,Nagappanur,636624,,5789
636614,Nallathur,636614,,5789
636639,Nattapattu,636639,,5789
636654,Otteri,636654,,5789
636667,Pachchyankuppam,636667,,5789
636684,Padirikuppam (CT),636684,,5789
636629,Pallippattu,636629,,5789
636644,Periyakanganankuppam,636644,,5789
636650,Pillali,636650,,5789
636666,Ponnaiyankuppam,636666,,5789
636618,Pudukkadai,636618,,5789
636661,Ramapuram,636661,,5789
636673,Sedappalayam,636673,,5789
636675,Sembankuppam,636675,,5789
636646,Senjikumarapuram,636646,,5789
636621,Singirikkudi,636621,,5789
636641,Subauppalavadi,636641,,5789
636616,Tennambakkam,636616,,5789
933900,திருப்பபுலியுர்,933900,,5789
636615,Thukkanampakkam,636615,,5789
636677,Tiruchchepuram,636677,,5789
636655,Tirumanikkuli,636655,,5789
636633,Tiruppanambakkam,636633,,5789
636651,Tiruvandipuram,636651,,5789
636674,Tiyagavelli,636674,,5789
636672,Tondamanatham,636672,,5789
636645,Tottappattu,636645,,5789
636643,Uchchimedu,636643,,5789
636626,Udalappattu,636626,,5789
636631,Ullerippattu,636631,,5789
933901,உதாரமாணிக்கம்,933901,,5789
636619,Vadapuram kilpadi,636619,,5789
636656,வானமாதேவி வடக்கு,636656,,5789
932814,வானமாதேவி தெற்கு,932814,,5789
933903,வன்னியர்பாளையம்,933903,,5789
636647,Varakalpattu,636647,,5789
932796,வெளிசெம்மண்டலம்,932796,,5789
636660,Vellakarai,636660,,5789
636637,Vellapakkam,636637,,5789
636664,Vettukkulam,636664,,5789
636657,Vilangalpattu,636657,,5789
933902,வில்வராயனதம்,933902,,5789
637044,Achalpuram,637044,,5792
637049,Adhanur (Mannargudi),637049,,5792
636992,Agaraputhur,636992,,5792
637057,Alanganatham,637057,,5792
637034,Alinjamangalam,637034,,5792
636964,Alkondanatham,636964,,5792
637046,Arulmozhidevan,637046,,5792
636975,Athipattu,636975,,5792
637037,Ayangudi,637037,,5792
636963,Chettikkattalai,636963,,5792
637022,Chettithangal,637022,,5792
637063,Chidambara Arasur,637063,,5792
637041,Eachampoondi,637041,,5792
637019,Edaiyur,637019,,5792
637013,Elangambur,637013,,5792
637001,எள்ளேரி கிழக்கு,637001,,5792
932528,எள்ளேரி மேற்கு,932528,,5792
637045,Eyyalur,637045,,5792
636957,Kaliayamalai,636957,,5792
636987,Kalikandan,636987,,5792
637054,Kanattampuliyur,637054,,5792
636956,Kandakumaran,636956,,5792
637043,Kanjankollai,637043,,5792
637010,Kanjivay,637010,,5792
636993,Karunakaranallur,636993,,5792
637055,Karupperi,637055,,5792
636978,Karuppur,636978,,5792
637027,Keelakadambur,637027,,5792
636982,Keelakarai,636982,,5792
637031,Keelaradhambur,637031,,5792
636983,Keelavanniyur,636983,,5792
636985,Keelnedumbur,636985,,5792
636981,Keelparuthigudi,636981,,5792
637048,Keelpuliyampattu,637048,,5792
637015,Keezadhangudi,637015,,5792
933510,கோயில்பத்து,933510,,5792
933492,கொல்லிமலை கீழ்பாதி,933492,,5792
933497,கொல்லிமலை மேல்பாதி,933497,,5792
637009,குமராட்சி கிழக்கு,637009,,5792
932536,குமராட்சி மேற்கு,932536,,5792
636952,Kondasamudram,636952,,5792
636961,Kothangudi (Mannargudi),636961,,5792
636967,Kothavasal,636967,,5792
637036,Kuchur,637036,,5792
636970,Kuduveli,636970,,5792
637050,Kunavasal,637050,,5792
637053,Kunjamedu,637053,,5792
933516,குப்பபிள்ளைசாவடி,933516,,5792
637028,Kuppunkuli Poovilandanallur,637028,,5792
637020,Kurungudi,637020,,5792
637059,Kuthur,637059,,5792
636962,Lakshimigudi,636962,,5792
637002,Lalpettai,637002,,5792
637058,Madarsudamani,637058,,5792
636953,Mamangalam,636953,,5792
636989,Maniyam Adur,636989,,5792
933506,மன்னார்குடி,933506,,5792
637061,Mannargudi (Arasur),637061,,5792
637003,Mannarkulakudi,637003,,5792
637026,Melakadambur,637026,,5792
637011,Melaparuthigudi,637011,,5792
636984,Melavanniyur (Mannargudi),636984,,5792
636986,Melnedumbur,636986,,5792
637038,Melpakkathurai,637038,,5792
637030,Melradhambur,637030,,5792
636973,Meyyathur,636973,,5792
637035,மோவூர் வடக்கு,637035,,5792
932519,மோவூர் தெற்கு,932519,,5792
636980,Mullangudi,636980,,5792
637052,Muttam,637052,,5792
637016,Naduthittu,637016,,5792
636979,Nalamputhur,636979,,5792
636974,Nandimangalam,636974,,5792
636990,Nathamalai,636990,,5792
636995,Nattarmangalam,636995,,5792
636988,Neyvasal,636988,,5792
636972,Oblanjimedu (Meyyathur),636972,,5792
637032,Odaiyur (Mannargudi),637032,,5792
637051,Omampuliyur,637051,,5792
636994,Palanchanallur,636994,,5792
637040,Palavaykandan,637040,,5792
636968,Parivilagam,636968,,5792
637029,Periakottagam,637029,,5792
637018,Pillaiarthangal,637018,,5792
636958,Poorthangudi,636958,,5792
637060,Puliyangudi (Mannargudi),637060,,5792
636960,Puthur (Terkunadu),636960,,5792
636966,Radhanallur,636966,,5792
933519,இராஜேந்திரசோழகன்,933519,,5792
636955,Rayanallur,636955,,5792
637047,Reddiyur,637047,,5792
637005,Sarvarajanpettai,637005,,5792
637039,Shandan,637039,,5792
637042,Sirukattur,637042,,5792
636991,Sithamalli,636991,,5792
636965,Sivakam,636965,,5792
636998,Solakkur,636998,,5792
637007,Suravilandur,637007,,5792
636971,Themmur,636971,,5792
636976,Therkumangudi,636976,,5792
933518,திருமூலஸ்தானம்,933518,,5792
637006,Thirunaraiyur,637006,,5792
637033,Thondamanatham,637033,,5792
637024,Thorappu,637024,,5792
636997,Thurakozhi,636997,,5792
636996,Tiruchinnapuram,636996,,5792
933504,உடையார்குடி,933504,,5792
636959,Uttamasolagan(Mannargudi),636959,,5792
637004,Vadakkukulakudi,637004,,5792
636977,Vadakkumangudi,636977,,5792
636969,Vadamur,636969,,5792
637008,Vanadarayanpettai,637008,,5792
636954,Vanamadevi,636954,,5792
637017,Vauvalthoppu,637017,,5792
637021,Veerananallur,637021,,5792
637023,Veeranandapuram,637023,,5792
637056,Veerasolapuram,637056,,5792
637025,Velampoondi,637025,,5792
637062,Vellur,637062,,5792
637012,Vennaiyur,637012,,5792
637014,Vetchiyur,637014,,5792
636999,Vilathur Thirupaniyapuram,636999,,5792
637000,Viranatham,637000,,5792
933654,ஆபத்தாரணபுரம்,933654,,5790
636717,ஆதிநாராயணபுரம் கிழக்கு,636717,,5790
932395,ஆதிநாராயனபுரம் மேற்கு,932395,,5790
636735,Aduragaram,636735,,5790
636722,Adurkuppam,636722,,5790
636705,Agaram,636705,,5790
932375,அகரம் மேற்கு,932375,,5790
636709,Akgatimmapuram,636709,,5790
636699,Ambalavanampettai,636699,,5790
636690,Annadanampettai,636690,,5790
636706,Anukkambattu,636706,,5790
636729,Arangamangalam,636729,,5790
636704,Ayikuppam,636704,,5790
636733,Buddampadi,636733,,5790
933649,எல்லப்பன்பேட்டை,933649,,5790
636732,Guruvappanpettai,636732,,5790
636708,Idankondambattu,636708,,5790
636731,Kalkunam,636731,,5790
933660,கஞ்சமநாதபுரம்,933660,,5790
636714,Kanjamandanpettai,636714,,5790
636721,Kannadi,636721,,5790
636725,Karunguli,636725,,5790
636720,Karuveppambadi,636720,,5790
636711,Kesavanarayanapuram,636711,,5790
636691,Kilur,636691,,5790
636726,Kolakkudi,636726,,5790
636686,Koranapattu,636686,,5790
636736,Kothavacheri,636736,,5790
636702,Krishnankuppam,636702,,5790
932388,குண்டியமல்லூர்  வடக்கு,932388,,5790
636737,குண்டியமல்லூர் தெற்கு,636737,,5790
636730,குறிஞ்சிப்பாடி வடக்கு,636730,,5790
933639,குறிஞ்சிப்பாடி தெற்கு,933639,,5790
636687,Madanagopalapuram,636687,,5790
636728,Maruvay,636728,,5790
636734,Melapuduppettai,636734,,5790
636727,Nayinakuppam,636727,,5790
636738,Neyveli (TS) (CT),636738,,5790
933642,பார்வதிபுரம்,933642,,5790
636713,Peddunayakkankuppam,636713,,5790
636695,Perumathur,636695,,5790
636689,Poiganatham,636689,,5790
932345,புலியூர் கிழக்கு,932345,,5790
636685,Puliyur(west),636685,,5790
636707,பூவாணிக்குப்பம் வடக்கு,636707,,5790
932398,பூவாணிக்குப்பம் தெற்கு,932398,,5790
636724,Rajakuppam,636724,,5790
636710,Ranganathapuram,636710,,5790
933646,சேராக்குப்பம்,933646,,5790
932369,சிறுபாலையூர் வடக்கு,932369,,5790
636719,சிறுபாலையூர் தெற்கு,636719,,5790
636712,Tambipettai,636712,,5790
636718,Tanur,636718,,5790
636715,Tayilgunampattinam,636715,,5790
636697,Tenkuthu,636697,,5790
636703,Thambipalayam,636703,,5790
636701,Timmaravuthamkuppam,636701,,5790
636716,Tirttanagari,636716,,5790
636700,Toppukollai,636700,,5790
636693,Vadakkumelur,636693,,5790
636692,Vadakuthu,636692,,5790
636698,Valudambattu,636698,,5790
636696,Vanadirayapuram,636696,,5790
636694,Veludayanpattu,636694,,5790
636688,Vengadampettai,636688,,5790
636723,Virupakshi,636723,,5790
636523,Akkadavalli,636523,,5788
636586,Alagappasamudram,636586,,5788
636537,Alagapperumalkuppam,636537,,5788
934019,ஆண்டிக்குப்பம்,934019,,5788
636557,Anguchettipalayam,636557,,5788
636560,Ariyirundamangalam,636560,,5788
636536,Aviyanur,636536,,5788
636545,Chittarasur,636545,,5788
934022,சோழவள்ளி,934022,,5788
636559,Eidanur,636559,,5788
636571,Elandampattu,636571,,5788
636521,Enadirimangalam,636521,,5788
636547,Ezhumedu,636547,,5788
934024,குடிதாங்கி,934024,,5788
636582,Kadampuliyur,636582,,5788
636524,கண்ரக்கோட்டை,636524,,5788
636548,Kanisapakkam,636548,,5788
636577,Karukkai,636577,,5788
636603,Karukkai R.F.,636603,,5788
636535,Karumbur,636535,,5788
636600,Karumbur R.F.,636600,,5788
636596,Kattugudalur,636596,,5788
636611,Kattugudalur R.F.,636611,,5788
636519,Kavanur,636519,,5788
636534,Kayapakkam,636534,,5788
636599,Kayapakkam R.F.,636599,,5788
934008,கீழ்பாதி,934008,,5788
934009,கீழ்பட்டம்பக்கம்,934009,,5788
636563,Kilakuppam,636563,,5788
636562,Kilarungunam,636562,,5788
636580,Kiliruppu,636580,,5788
636593,Kilkangeyankuppam,636593,,5788
636608,Kilkangeyankuppam R.F.,636608,,5788
636543,Kilkavarapattu,636543,,5788
636585,Kilmambattu,636585,,5788
636573,Kolapakkam,636573,,5788
636528,Kongarayanur,636528,,5788
636522,Korathi,636522,,5788
636549,Kottambakkam,636549,,5788
636529,Kozhipakkam,636529,,5788
636612,Lakshminarayanapuram (CT),636612,,5788
636530,Maligamedu,636530,,5788
636569,Maligampattu,636569,,5788
636551,Manamthavizhnthaputhur,636551,,5788
636556,Manappakkam,636556,,5788
636589,Marungur,636589,,5788
636554,Melarungunam,636554,,5788
636579,Meliruppu,636579,,5788
636604,Meliruppu R.F.,636604,,5788
636594,Melkangeyankuppam,636594,,5788
636609,Melkangeyankuppam R.F.,636609,,5788
636542,Melkavarapattu,636542,,5788
932844,மேல்குமாரமங்கலம் வடக்கு,932844,,5788
636526,Melkumaramangalam (South),636526,,5788
636583,Melmambattu,636583,,5788
934010,மேல்பதி,934010,,5788
933487,மேல்பட்டாம்பக்கம்,933487,,5788
934011,முள்ளிகிராம்பட்டு,934011,,5788
636591,Nadukuppam,636591,,5788
636605,Nadukuppam R.F.,636605,,5788
636553,Natham,636553,,5788
934023,நெல்லிக்குப்பம்,934023,,5788
636538,Oraiyur,636538,,5788
636601,Oraiyur R.F.,636601,,5788
636527,Pagandai,636527,,5788
636518,Paithambadi,636518,,5788
636565,Palappattu,636565,,5788
636564,Pallavarayanatham,636564,,5788
636546,Palur,636546,,5788
636540,Panapakkam,636540,,5788
636550,Pandarakkottai,636550,,5788
636568,Panikkankuppam,636568,,5788
934015,பண்ருட்டி,934015,,5788
636592,Perperiyankuppam,636592,,5788
636607,Perperiyankuppam R.F.,636607,,5788
636544,Perumalnaickenpalayam,636544,,5788
636532,Poondi,636532,,5788
636541,Poongunam,636541,,5788
636525,Pulavanur,636525,,5788
636584,Purangani,636584,,5788
636555,Rayarpalayam,636555,,5788
636558,Sanniyasipettai,636558,,5788
636567,Sathippattu,636567,,5788
636572,Semakottai,636572,,5788
636578,Semmedu,636578,,5788
636587,Silambinathanpettai,636587,,5788
636552,Sirugramam,636552,,5788
636566,Sirunangaivadi,636566,,5788
636570,Siruvathur,636570,,5788
636597,Sorathur,636597,,5788
636561,Sundaravandi,636561,,5788
636581,Talambattu,636581,,5788
636531,Thirasu,636531,,5788
934012,திருக்கண்டேஸ்வரம்,934012,,5788
636533,Thiruthuraiyur,636533,,5788
636598,Thiruthuraiyur R.F.,636598,,5788
934013,திருவதிகை,934013,,5788
933484,தொரப்பாடி,933484,,5788
636575,Tiruvamur,636575,,5788
636520,Ulundamabattu,636520,,5788
934021,வான்பக்கம்,934021,,5788
934016,வடகைலாஸம்,934016,,5788
934014,வைடபக்கம்,934014,,5788
636590,Vallam,636590,,5788
636606,Vallam R.F.,636606,,5788
636539,Varinjipakkam,636539,,5788
636574,Veerapperumanallur,636574,,5788
636588,Vegakollai,636588,,5788
636595,Virasingankuppam,636595,,5788
636610,Virasingankuppam R.F.,636610,,5788
636576,Visur,636576,,5788
636602,Visur R.F.,636602,,5788
934017,விழமங்கலம்,934017,,5788
636940,Adivaraganallur,636940,,6646
636916,Anandagudi,636916,,6646
636922,Ayankilpuliyangudi,636922,,6646
637205,Devangudi,637205,,6646
636925,Gudalaiyathur,636925,,6646
636921,Kallippadi,636921,,6646
636933,Kanur,636933,,6646
637185,Karmangudi,637185,,6646
636926,Kavalagudi,636926,,6646
637214,Kavanur,637214,,6646
637204,Keelapalaiyur,637204,,6646
637200,Keeranur,637200,,6646
636937,Kilpuliyangudi,636937,,6646
637215,Kiramangalam,637215,,6646
637203,Kodumanur,637203,,6646
636917,Kokkarasanpettai,636917,,6646
636930,Kothandavilagam,636930,,6646
636941,Kozhai,636941,,6646
636929,Kumarakudi,636929,,6646
636920,Kunamangalam,636920,,6646
636946,Kurinjikudi,636946,,6646
636918,Madhalirmanickam,636918,,6646
636928,Malavarayanallur,636928,,6646
637201,Marungur,637201,,6646
637199,Melapalaiyur,637199,,6646
636938,Melpuliyangudi,636938,,6646
636927,Mudikandanallur,636927,,6646
636936,Nagarappadi,636936,,6646
636947,Nandeeswaramangalam,636947,,6646
636931,Nangudi,636931,,6646
636944,Palayankottai (Kilpathi),636944,,6646
636943,Palayankottai (Melpathi),636943,,6646
637217,Pavalangudi,637217,,6646
636932,Perur,636932,,6646
636949,Pudaiyur,636949,,6646
636942,Ramapuram,636942,,6646
637197,Sakkaramangalam,637197,,6646
636919,Sathamangalam,636919,,6646
636934,Sathavattam,636934,,6646
636950,Solatharam,636950,,6646
933716,ஸ்ரீமுஷ்ணம்,933716,,6646
636924,Srineduncheri,636924,,6646
636923,Sriputhur,636923,,6646
933717,ஸ்ரீவக்காரமாரி,933717,,6646
636935,Thethambattu,636935,,6646
637202,Tholur,637202,,6646
636939,Thorankuppam,636939,,6646
636951,Vadakkupalayam,636951,,6646
636945,Valasakkadu,636945,,6646
637198,Valliyam,637198,,6646
636948,Vattathur,636948,,6646
637259,A. Agaram,637259,,5794
637325,Adhamangalam,637325,,5794
637310,Adharnatham,637310,,5794
637314,Akkanur,637314,,5794
637317,Alambadi,637317,,5794
637302,Alathur,637302,,5794
637312,Arangur,637312,,5794
637330,Ariyaravi,637330,,5794
637280,Arugeri,637280,,5794
637292,Avatti,637292,,5794
637339,Avinangudi,637339,,5794
637301,Chithur Va.,637301,,5794
637267,Dheevalur,637267,,5794
637315,Edacheruvai,637315,,5794
637337,Elumathur,637337,,5794
637308,Eluthur,637308,,5794
637311,Endal T.,637311,,5794
637344,Eraiyur,637344,,5794
637264,Erappavur,637264,,5794
637343,Gooddalur,637343,,5794
933625,இளமங்கலம் தி,933625,,5794
637347,Irulampattu,637347,,5794
637319,Ivanur,637319,,5794
637294,Kallur,637294,,5794
637318,Kanagambadi,637318,,5794
637246,Kandamathan,637246,,5794
637274,Karaiyur,637274,,5794
637256,கழுதூர்,637256,,5794
637290,Keeladhanur,637290,,5794
637320,Keelcheruvai,637320,,5794
637279,Keelnemili,637279,,5794
637289,Keeranur .E,637289,,5794
637329,Keeranur O.,637329,,5794
637300,Kilakalpoondi,637300,,5794
637271,Kilimangalam,637271,,5794
637336,Kodangudi,637336,,5794
637341,Kodikkalam,637341,,5794
637276,Konur,637276,,5794
637316,Korakkai,637316,,5794
637243,Korakkavadi,637243,,5794
637331,Kosapallam,637331,,5794
637333,Kothattai,637333,,5794
637263,Kovilur,637263,,5794
933624,கோழியூர்,933624,,5794
637285,Kumarai,637285,,5794
637270,Kurukkathancheri,637270,,5794
637296,Lakkur,637296,,5794
637352,Lakkur RF,637352,,5794
637242,Lakshmanapuram,637242,,5794
637261,Madhuravalli,637261,,5794
637332,Maligaikottam,637332,,5794
637281,Marudhathur,637281,,5794
637291,Meladhanur,637291,,5794
637299,Melakalpoondi,637299,,5794
637327,Melnemili,637327,,5794
637282,Melur,637282,,5794
637269,Mosattai,637269,,5794
637272,Murugankudi,637272,,5794
637278,Nandhimangalam,637278,,5794
637297,Nangur,637297,,5794
637353,Nangur RF,637353,,5794
637265,Narasingamangalam,637265,,5794
637284,Navalur,637284,,5794
637287,Nedunkulam,637287,,5794
637340,Neivasal,637340,,5794
637283,Nidhinatham,637283,,5794
637241,Panaiyandur,637241,,5794
637293,Pasar,637293,,5794
637245,Pattakurichi,637245,,5794
637338,Pattur,637338,,5794
637328,Pe. Kollathankurichi,637328,,5794
637348,Pelandurai,637348,,5794
933563,பெண்ணாடம்,933563,,5794
637345,Pe.Ponneri,637345,,5794
637307,Perangiyam,637307,,5794
637322,Perumulai,637322,,5794
637295,Podaiyur Ma.,637295,,5794
637275,Poovanur Pe.,637275,,5794
637335,போத்திரமங்களம்  கிழக்கு,637335,,5794
932700,போத்திரமங்களம் மேற்கு,932700,,5794
637286,Pudhukulam,637286,,5794
637247,Pulikarambalur,637247,,5794
637321,Pulivalam,637321,,5794
637258,Pullur,637258,,5794
637326,Putheri,637326,,5794
637306,Ramanatham,637306,,5794
637260,Sevur,637260,,5794
637288,Sevveri,637288,,5794
637255,Sirukarambalur,637255,,5794
637262,Sirumangalam,637262,,5794
637323,Sirumulai,637323,,5794
637346,Soundaracholapuram,637346,,5794
637354,Thachur RF,637354,,5794
637304,Thathchur,637304,,5794
637266,Thazhanallur,637266,,5794
637342,Thiruvattathurai,637342,,5794
637334,தொளார் வடக்கு,637334,,5794
932696,தொளார் தெற்கு,932696,,5794
637305,Tholudur,637305,,5794
637257,Thondankurichi,637257,,5794
637273,Thoraiyur,637273,,5794
933622,திருமலை அகரம்,933622,,5794
933565,திட்டக்குடி,933565,,5794
637277,Vadakarai,637277,,5794
637298,Vadakarampoondi,637298,,5794
637313,Vagaiyur,637313,,5794
637303,Vaidhyanathapuram,637303,,5794
637324,Vaiyankudi,637324,,5794
637244,Vallimaduram,637244,,5794
933623,வதிட்டபுரம்,933623,,5794
637309,Venkanur,637309,,5794
637268,Venkarumbur,637268,,5794
637235,Adari,637235,,5953
637068,Adiyur,637068,,5953
637070,Aivadugudi,637070,,5953
637065,A. Marur,637065,,5953
637228,Arasankudi,637228,,5953
637240,Chitheri,637240,,5953
637113,Chittur,637113,,5953
637233,Endal .Ja,637233,,5953
637071,Ilangiyanur,637071,,5953
637251,Kachimailur,637251,,5953
637234,Kalathur,637234,,5953
637148,Kaliyamedu,637148,,5953
637254,Kanchirankulam,637254,,5953
637104,Kattumayilur,637104,,5953
637105,Keelakurichi,637105,,5953
637232,Kil orathur,637232,,5953
637351,Kil orathur RF,637351,,5953
637112,Kokothanur,637112,,5953
637231,Kolavai,637231,,5953
637248,Kothanur.Ma,637248,,5953
637067,Kothanur (Pandavanpattu),637067,,5953
637069,Kulapakkam (Eranji),637069,,5953
637237,Malayanur,637237,,5953
637066,Maligaimedu,637066,,5953
637250,Mangalore,637250,,5953
637236,Mangulam,637236,,5953
637145,Mannampadi,637145,,5953
637106,Melakurichi,637106,,5953
637099,Memathur,637099,,5953
637102,Nagar,637102,,5953
637101,Nallur,637101,,5953
637110,Naraiyur,637110,,5953
637227,Naraiyur S.,637227,,5953
637150,Niramani,637150,,5953
637238,Orangur,637238,,5953
637107,Periyanesalur,637107,,5953
637098,Pinjanur,637098,,5953
637149,Poolambadi,637149,,5953
637253,Poyanapadi,637253,,5953
637249,Pudhur.Ma,637249,,5953
637230,Rettakurichi,637230,,5953
637350,Rettakurichi RF,637350,,5953
637114,Sathiyam,637114,,5953
637103,Seppakkam,637103,,5953
637064,Setuvarayankuppam,637064,,5953
637108,Sirunesalur,637108,,5953
637229,Sirupakkam,637229,,5953
637349,Sirupakkam RF,637349,,5953
637111,Tiruppayur,637111,,5953
637146,T. Poudaiyur,637146,,5953
637239,Vadapathy,637239,,5953
637072,Valasai,637072,,5953
637100,Vannathur,637100,,5953
637147,Varambanur,637147,,5953
637109,Veppur,637109,,5953
637252,Vinayaganandhal,637252,,5953
637095,Agaram,637095,,5793
637091,Aladi,637091,,5793
637189,Alanduraipattu,637189,,5793
637158,Alichikudi,637158,,5793
637128,Ammeri,637128,,5793
637223,Ammeri RF,637223,,5793
637163,Arasakuli,637163,,5793
934029,பூதாமூர்,934029,,5793
637126,Chinnakappankulam,637126,,5793
637134,Chinnapandarankuppam,637134,,5793
637116,Chinnaparur,637116,,5793
637196,Chinnathukurichi,637196,,5793
637118,Chinnavadavadi,637118,,5793
637121,Chitterikuppam,637121,,5793
637097,Edaichchithur,637097,,5793
934030,ஏனாதிமேடு,934030,,5793
637117,Erumanur,637117,,5793
934036,கங்கைகொண்டான்,934036,,5793
637181,Gopalapuram,637181,,5793
637132,Gopurapuram,637132,,5793
637151,Idaiyur,637151,,5793
637089,Irulakkurichi,637089,,5793
637088,Iruppu,637088,,5793
637122,Irusalakuppam,637122,,5793
637115,Kachchiperumanatham,637115,,5793
637131,Kachirayanantham,637131,,5793
637157,Ka.Elamangalam,637157,,5793
637179,Kammapuram,637179,,5793
637133,Kanadukandan,637133,,5793
934031,கண்டியான்குப்பம்,934031,,5793
637159,Karkudal,637159,,5793
637225,Karmangudi RF,637225,,5793
637077,Karnatham,637077,,5793
637187,Karuveppilankurichi,637187,,5793
637082,Kattiyanallur,637082,,5793
637222,Kattumayilur R.F.,637222,,5793
637075,Kattuparur,637075,,5793
637120,Kavanai,637120,,5793
637180,Keenanur,637180,,5793
637172,Kilpathi,637172,,5793
637144,Kirambur,637144,,5793
637183,Ko.Adhanur,637183,,5793
637153,Kodukkur,637153,,5793
637127,Kolliruppu,637127,,5793
637139,Komangalam,637139,,5793
637170,Kottagam,637170,,5793
637124,Kotteri,637124,,5793
637213,Kottumulai,637213,,5793
637078,Kovilanur,637078,,5793
637182,Kumaramangalam,637182,,5793
637166,Kunankurichi,637166,,5793
637135,Kuppanatham,637135,,5793
637173,Managathi,637173,,5793
637090,Manakkollai,637090,,5793
934032,மனலூர்,934032,,5793
637138,Manavalanallur,637138,,5793
933545,மங்கலம்  கோ,933545,,5793
637092,Mattur,637092,,5793
637160,Mavidandal,637160,,5793
637175,Melpappanapattu,637175,,5793
637174,Melpathi,637174,,5793
637129,Mudanai,637129,,5793
637087,Mudappuli,637087,,5793
637154,Mukundanallur,637154,,5793
637178,Mummudicholagan,637178,,5793
934033,நாச்சியார்பேட்டை,934033,,5793
637086,Nadiyapattu,637086,,5793
637130,Narimanam,637130,,5793
637224,Narimanam R.F.,637224,,5793
637186,Nemam,637186,,5793
637176,Neyveli,637176,,5793
637218,Ottimedu,637218,,5793
637143,Padukalanatham,637143,,5793
637123,Palaiyapattinam,637123,,5793
637085,Palakkollai,637085,,5793
637079,Pallipattu,637079,,5793
637140,Paravalur,637140,,5793
637096,Parur,637096,,5793
637083,Pavalangudi ko,637083,,5793
637188,Peralaiyur,637188,,5793
637152,Perambalur,637152,,5793
637125,Periyakappankulam,637125,,5793
637226,Periyakurichi (CT),637226,,5793
637093,Periyavadavadi,637093,,5793
637216,Perundurai,637216,,5793
637212,Peruvarappur,637212,,5793
637137,Ponneri (Ko),637137,,5793
637136,Pudukuraipettai,637136,,5793
637191,pu.Kollathankurichi,637191,,5793
637084,Puliyur,637084,,5793
637206,Puttur Ka.,637206,,5793
637081,Puvanur ko,637081,,5793
637195,Rajendirapattinam,637195,,5793
637080,Rubanarayananallur,637080,,5793
637161,Sathamangalam,637161,,5793
637190,Sathiyavadi,637190,,5793
637156,Sathukudal (Kilpathi),637156,,5793
637155,Sathukudal (Melpathi),637155,,5793
637208,Sattapadi,637208,,5793
637220,Semakottai RF,637220,,5793
637119,Sembalakkurichi,637119,,5793
637169,Sepalanatham,637169,,5793
637073,Siruvambur,637073,,5793
637207,Siruvarappur,637207,,5793
637184,Sottavanam,637184,,5793
637210,Tharmanallur,637210,,5793
637192,Therkuvadakkuputtur,637192,,5793
637141,Thoravalur,637141,,5793
637074,T.Mavadandal,637074,,5793
637209,U.Adhanur,637209,,5793
637164,U.Agaram,637164,,5793
637162,U.Kulapakkam,637162,,5793
637167,U.Mangalam,637167,,5793
637165,Uthangal,637165,,5793
637171,Uyyakondaravi,637171,,5793
637168,Vadakkuvellur,637168,,5793
637194,Vannankudikadu,637194,,5793
637219,Varanjaram R.F.,637219,,5793
934040,வயலூர்,934040,,5793
637221,Velangulam RF,637221,,5793
637177,Veppankurichi,637177,,5793
637193,Vettakudi,637193,,5793
637094,Vijayamanagaram,637094,,5793
637211,Vilakkapadi,637211,,5793
637142,Vilangattur,637142,,5793
637076,Visalur,637076,,5793
934035,விருத்தசலம்,934035,,5793
643578,Adagapadi,643578,,5888
643589,Akkamanahalli,643589,,5888
643571,Andihalli,643571,,5888
643592,Annasagaram,643592,,5888
643576,A.Reddihalli,643576,,5888
643624,Barigam R.F. (Hills),643624,,5888
932516,Goduhalli,932516,,5888
643626,Hale-Dharmapuri (CT),643626,,5888
643566,Kadagathur,643566,,5888
932526,K Naduhalli,932526,,5888
643569,Konanginaickanahalli,643569,,5888
643621,Kondagarahalli,643621,,5888
643574,Kondampatti,643574,,5888
643572,Krishnapuram,643572,,5888
643625,K. Thoppur (R.F.),643625,,5888
643622,Kukkalmalai,643622,,5888
643575,Kuppur,643575,,5888
643627,Lakkiampatti (CT),643627,,5888
643590,Mookanur,643590,,5888
643607,Mukkalnaickanahalli,643607,,5888
643567,Naduhalli,643567,,5888
643588,Naickanahalli,643588,,5888
643568,Nallanahalli,643568,,5888
643623,Neonahalli R.F.,643623,,5888
643606,Noolahalli,643606,,5888
932559,Noolahalli Reddihalli,932559,,5888
643577,Pappinaickanahalli,643577,,5888
643573,Pulidikarai,643573,,5888
932586,Semmandakuppam,932586,,5888
643587,Settikarai,643587,,5888
643609,Thippireddihalli,643609,,5888
643593,Ungaranhalli,643593,,5888
643608,Vathalamalai,643608,,5888
643570,Vellalapatti,643570,,5888
643586,Vellegoundan Palayam (Part),643586,,5888
643591,Vellolai,643591,,5888
643620,Veppilaimuthempatti,643620,,5888
932590,Virupakshipuram,932590,,5888
643441,Achalvadi,643441,,5886
643378,Agraharam,643378,,5886
643357,Alambadi,643357,,5886
643445,Ammapettai,643445,,5886
643336,Andipatty,643336,,5886
643433,Andipatty,643433,,5886
643366,Andiyur,643366,,5886
643395,Appiyampatty,643395,,5886
643449,Avallur,643449,,5886
643394,Avlampatty,643394,,5886
643412,Bairnayakkampatty,643412,,5886
643391,Bodinaickenhalli,643391,,5886
643310,Chandrapuram,643310,,5886
643371,Chellampatti,643371,,5886
643444,Chettikuttai,643444,,5886
643330,Chinnakoundampatti,643330,,5886
643313,Chinnapannimaduvu,643313,,5886
643389,Dasirihalli,643389,,5886
643420,Dodampatty,643420,,5886
643328,Elavadi,643328,,5886
643418,Ellepudayampatti,643418,,5886
643292,Ettipatty,643292,,5886
643302,Ganapathipatty,643302,,5886
643293,Gettupatty,643293,,5886
643388,Gobinathampatti,643388,,5886
643369,Gudalur,643369,,5886
932823,Harur,932823,,5886
643290,Ichambadi,643290,,5886
643305,Ilaiyampatty,643305,,5886
643406,Ittaiampatty,643406,,5886
643308,Ittalapatti,643308,,5886
643443,Jadaiyankombai,643443,,5886
643404,Jangalvodi,643404,,5886
643326,Kalladipatti,643326,,5886
643427,Kalladipatty,643427,,5886
643436,Kambalai,643436,,5886
643417,Kammalampatty,643417,,5886
643304,Kangavembu,643304,,5886
643437,Karapadi,643437,,5886
643435,Kattiripatty,643435,,5886
643400,Kattur,643400,,5886
643355,Kattuvadichampatti,643355,,5886
643372,Kavoipatty,643372,,5886
643429,Kelapparai,643429,,5886
643352,Kilanur,643352,,5886
643363,Kilchengampadi,643363,,5886
643297,Kilomorappur,643297,,5886
643428,Kiraipatty,643428,,5886
643374,Kodamandapatti,643374,,5886
643403,Konampatty,643403,,5886
643318,Kondampatti,643318,,5886
643385,Kondayampatty,643385,,5886
643338,Kosapatty,643338,,5886
643353,Kothanampatti,643353,,5886
643460,Kottapatti Extension R.F.,643460,,5886
643431,Kottapatty,643431,,5886
643457,Kottapatty R.F.,643457,,5886
643421,Kottarapatty,643421,,5886
643440,Kudumiyampatty,643440,,5886
643447,Kulunthambinatham,643447,,5886
643307,Kumrampatty,643307,,5886
643392,Kurumbapatty,643392,,5886
643301,Kurumbapatty,643301,,5886
643347,Kurumbatty,643347,,5886
643303,Kuruthampatty,643303,,5886
643296,Kuttapatty,643296,,5886
643349,Kuttipatti,643349,,5886
643319,K. Vetrapatti,643319,,5886
932831,Lingapuram,932831,,5886
643413,Mambadi,643413,,5886
643316,Mampatty,643316,,5886
643359,Mandikulampatti,643359,,5886
643434,Mangalapatty,643434,,5886
643323,Marudipatti,643323,,5886
643311,Mattiyampatti,643311,,5886
643320,Mattiyampatti,643320,,5886
643375,Maveripatti,643375,,5886
934522,Maveripatty,934522,,5886
643453,Meithangi,643453,,5886
643365,Melachengambadi,643365,,5886
643351,Melanur,643351,,5886
932836,Mettupatti,932836,,5886
643322,Mettuvalasai,643322,,5886
643402,Mobirippatti,643402,,5886
643364,Mondukuli,643364,,5886
643424,Mookanurpatti,643424,,5886
643384,Morappur,643384,,5886
643396,Morasapatti,643396,,5886
643342,Mottayampatti,643342,,5886
643343,Mugilipatti,643343,,5886
643382,M.Vetrapatti,643382,,5886
643426,Nachanampatti,643426,,5886
643399,Nachanampatty,643399,,5886
643393,Nadupatti,643393,,5886
643411,Naripalli,643411,,5886
643309,Nariyampatti,643309,,5886
643329,Navalai,643329,,5886
643341,Nayinakavundampatti,643341,,5886
643344,Neruppandalkuppam,643344,,5886
643340,Obilinayakkanpatti,643340,,5886
643419,Pachanampatty,643419,,5886
643368,Palaiyam,643368,,5886
643327,Palayam,643327,,5886
643335,Palayampalli,643335,,5886
643332,Pallipatti,643332,,5886
643397,Panamarathupatti,643397,,5886
643306,Pappinayakkenvalasai,643306,,5886
643300,Pariayapatti,643300,,5886
643358,Periyapatti,643358,,5886
643314,Periyappannimaduvu,643314,,5886
643415,Ponneri,643415,,5886
643354,Poyyapatti,643354,,5886
643407,Pudinattam,643407,,5886
643430,Pudur,643430,,5886
643383,Rasalampatti,643383,,5886
643390,Reddipatti,643390,,5886
643361,Runganavalasai,643361,,5886
643317,Sakkilipatti,643317,,5886
643439,Samanattam,643439,,5886
643294,Samandahalli,643294,,5886
643423,Sandappatti,643423,,5886
643373,Sekkampatti,643373,,5886
643450,Selambai,643450,,5886
643432,Sengandipatti,643432,,5886
643386,Sennampatti,643386,,5886
643409,Senrayampatti,643409,,5886
643398,Setrapatti,643398,,5886
643360,Sikkalur,643360,,5886
643295,Singilipatty,643295,,5886
643452,Sittilingi,643452,,5886
643461,Sittilingi Extension R.F.,643461,,5886
643462,Sittilingi R.F.,643462,,5886
643425,Soorapatti,643425,,5886
643376,Soriyampatti,643376,,5886
643380,Sundangipatti,643380,,5886
643446,Suramatham,643446,,5886
643438,Tadaravalasai,643438,,5886
643299,Tamaleripatti,643299,,5886
643321,Tamarakoliyampatti,643321,,5886
643312,Tambal,643312,,5886
643401,Tandekuppam,643401,,5886
643451,Tariasal,643451,,5886
643377,Thadampatti,643377,,5886
934523,Thadampatty,934523,,5886
643381,Thambichettipatti,643381,,5886
643362,Thanippadi,643362,,5886
643454,Thathampatti,643454,,5886
643416,Thedampatti,643416,,5886
643367,Theerthamalai,643367,,5886
643456,Theerthamalai R.F.,643456,,5886
643448,Thekkanampatti,643448,,5886
643298,Thippampatti,643298,,5886
643337,Thoppampatti,643337,,5886
643345,Thoranampatti,643345,,5886
643315,Vadapatti,643315,,5886
643346,Vadugapatti,643346,,5886
643370,Valaduppu,643370,,5886
643442,Vallimadurai,643442,,5886
932840,Varunathirtham,932840,,5886
643356,Vedakadamaduvu,643356,,5886
643410,Vedapatti,643410,,5886
643324,Velampatti,643324,,5886
643379,Velampatti,643379,,5886
643455,Velanur,643455,,5886
643422,Venakkampatti,643422,,5886
643405,Vengiampatti,643405,,5886
643339,Vengiyampatti,643339,,5886
643414,Veppampatti,643414,,5886
643459,Veppampatti Extension R.F.,643459,,5886
643458,Veppampatti RF,643458,,5886
643350,Veppanatham,643350,,5886
643387,Veppasennampatti,643387,,5886
643408,Virappanayakkampatti,643408,,5886
643254,Adilam,643254,,6622
643291,Agraharam,643291,,6622
643264,Baisuhalli,643264,,6622
643257,Bandarahalli,643257,,6622
643286,Bannikulam,643286,,6622
643334,Battalahalli,643334,,6622
643266,Begarahalli,643266,,6622
643230,Bommahalli,643230,,6622
643262,Chennarayanahalli,643262,,6622
643255,Dindal,643255,,6622
643263,Donnenahalli,643263,,6622
643224,Elumichanahalli,643224,,6622
643223,Hanumanthapuram,643223,,6622
643348,Ichampadi,643348,,6622
643259,Indamangalam,643259,,6622
643287,Irumathur,643287,,6622
643333,Jakkupatti,643333,,6622
643265,Kalappanahalli,643265,,6622
932370,Kambainallur,932370,,6622
643229,Karimangalam,643229,,6622
643289,Kelavalli,643289,,6622
643228,Kerakodahalli,643228,,6622
643233,Kondachamanahalli,643233,,6622
643288,Kongarapatty,643288,,6622
643251,Kottumaranahalli,643251,,6622
643226,Kumbarahalli,643226,,6622
643281,Mallikuttai,643281,,6622
643260,Molappanahalli,643260,,6622
643225,Mukkulam,643225,,6622
643258,Murukkampatti,643258,,6622
643252,Naganampatty,643252,,6622
643231,Nariyanahalli,643231,,6622
643227,Pachchiganapalli,643227,,6622
643325,Pallipatti,643325,,6622
643253,Periyanahalli,643253,,6622
643261,Poonathanahalli,643261,,6622
643280,Pumandahalli,643280,,6622
643256,Thellanahalli,643256,,6622
643331,Vagurappampatti,643331,,6622
932376,Vedarampatti,932376,,6622
643595,Adiyamankottai,643595,,6623
643594,A.Jettihalli,643594,,6623
643596,Balajangamanhalli,643596,,6623
643616,Boalanahalli,643616,,6623
643612,Budanahalli,643612,,6623
643579,Dhalavaihalli,643579,,6623
643610,Dhinnahalli,643610,,6623
643615,Dokkubodanahalli,643615,,6623
643600,Echanahalli,643600,,6623
643601,Elagiri,643601,,6623
643599,Errabaiyanahalli,643599,,6623
643618,Kammampatti,643618,,6623
643582,Konangihalli,643582,,6623
643583,Kumbalapadi,643583,,6623
643604,Laligam,643604,,6623
643605,Mademangalam,643605,,6623
643617,Maniathahalli,643617,,6623
643611,Mittareddihalli,643611,,6623
643564,Mookkanahalli,643564,,6623
643597,Nagarkoodal,643597,,6623
643603,Nallampalli,643603,,6623
643584,Nathathahalli,643584,,6623
643598,Nekkundhi,643598,,6623
643602,Pagalahalli,643602,,6623
643565,Palavadi,643565,,6623
643614,Palayam,643614,,6623
643581,Pangunatham,643581,,6623
643613,Sivadi,643613,,6623
643580,Somenahalli,643580,,6623
643585,Thadangam,643585,,6623
643619,Thoppur T.Kanigarahalli,643619,,6623
643222,Annamalaihalli,643222,,5885
643211,Athimutlu,643211,,5885
932612,Balarahalli,932612,,5885
932620,Baragur,932620,,5885
643278,Bathalahalli,643278,,5885
932624,Belagapuram,932624,,5885
643239,Belamaranahalli,643239,,5885
643241,Bevuhalli,643241,,5885
643203,Bikkanahalli,643203,,5885
643210,Bodikuttalapally,643210,,5885
643250,Bolabhaguthanhalli,643250,,5885
643284,Booganahalli,643284,,5885
643245,Boppidi,643245,,5885
643238,Budihalli,643238,,5885
643214,Chennanahalli,643214,,5885
643208,Chikkadornabettam,643208,,5885
643215,Chikkamarandhahalli,643215,,5885
643234,Chikkardanahalli,643234,,5885
643195,Chinnagowndanahalli,643195,,5885
643196,Chudanur,643196,,5885
643221,Dandukaranahalli,643221,,5885
643273,Domalahalli,643273,,5885
643244,Errakuttahalli,643244,,5885
643247,Erranahalli,643247,,5885
643246,Erudukuttahalli,643246,,5885
643207,Giddanahalli,643207,,5885
932657,Goravandahalli,932657,,5885
643216,Gujjarahalli,643216,,5885
643197,Gummanur,643197,,5885
643268,Guthalahalli,643268,,5885
643282,Jagirburgur,643282,,5885
643206,Jakkasamudram,643206,,5885
643235,Jertalar,643235,,5885
643198,Jittandahalli,643198,,5885
643236,Kanavenahalli,643236,,5885
643212,Kandenahalli,643212,,5885
643248,Karagodahalli,643248,,5885
643270,Karukkamaranhalli,643270,,5885
643204,Karukkanahalli,643204,,5885
643269,Kattanahalli,643269,,5885
643199,Mahendramangalam,643199,,5885
643213,Marandahalli,643213,,5885
643200,Maravadi,643200,,5885
643271,Modugulahalli,643271,,5885
643202,Murukkalnatham,643202,,5885
643237,Nallur,643237,,5885
643194,Namandahalli,643194,,5885
643277,Neralamarudahalli,643277,,5885
643249,Palacode,643249,,5885
643192,Panjapalli,643192,,5885
643274,Papinayakanahalli,643274,,5885
643193,Periyanur,643193,,5885
643275,P. Gollahalli,643275,,5885
643279,Pothalahalli,643279,,5885
643220,P.Settighalli,643220,,5885
643232,Pulikkal,643232,,5885
643276,Pulikkarai,643276,,5885
643218,Rengampatti,643218,,5885
643209,Samanur,643209,,5885
643285,Sekkodi,643285,,5885
643283,Selliyampatti,643283,,5885
643219,Sengabasuvantalar,643219,,5885
643272,Settihalli,643272,,5885
643243,Sirandapuram,643243,,5885
643242,Sirenahalli,643242,,5885
643267,Sitiganahalli,643267,,5885
643201,Themmarayanahalli,643201,,5885
643240,Thirumalvadi,643240,,5885
932663,Tomalahalli,932663,,5885
643217,Upparahalli,643217,,5885
643205,Velakalahalli,643205,,5885
643533,Adigarapatty,643533,,5887
643543,Ajjampatty,643543,,5887
643518,Alapuram,643518,,5887
643482,Allalapatty,643482,,5887
932763,Almelpuram,932763,,5887
643561,Ammapalaiyam R.F.,643561,,5887
643552,Ammapalayam,643552,,5887
643483,Andipatty,643483,,5887
643489,Annamalaihalli,643489,,5887
643481,Annamalaipatty,643481,,5887
643538,A. Pallipatti,643538,,5887
643528,Bairanatham,643528,,5887
643476,Balasamudram,643476,,5887
932766,Bandarasettipatti,932766,,5887
643473,Basuvapuram,643473,,5887
643501,Battalamalai,643501,,5887
643524,Bommidi,643524,,5887
643468,Bosinaickenhalli,643468,,5887
643540,Bothakkadu,643540,,5887
643471,Buddireddipatti,643471,,5887
643545,Chinnamanjavadi,643545,,5887
643488,Chinnankuppam,643488,,5887
643466,Chintalpadi,643466,,5887
643529,Devarajapalayam,643529,,5887
643506,Devarajapalayam,643506,,5887
643550,Elandaikuttapatty,643550,,5887
643514,Erumiyampatty,643514,,5887
643470,Gedakarahally,643470,,5887
643517,Gopalapuram,643517,,5887
643479,Gopichettipalayam,643479,,5887
643521,Gundalamaduvu,643521,,5887
643474,Gurubarahalli,643474,,5887
643537,Irulapatty,643537,,5887
643504,Jammanahalli,643504,,5887
643527,Jangalahalli,643527,,5887
643484,Kadaranampatty,643484,,5887
932770,Kadathur,932770,,5887
643522,Kadiripuram,643522,,5887
643562,Kaland Extension RF,643562,,5887
643547,Kallattupatti,643547,,5887
643557,Karungal R.F.,643557,,5887
643535,Kavandampatty,643535,,5887
643555,Kavaramalai Extension R.F.,643555,,5887
643554,Kavaramalai R.F.,643554,,5887
643465,Kerekodahalli,643465,,5887
643497,Kettureddipatty,643497,,5887
643508,Kokkarapatty,643508,,5887
643485,Kolagampatty,643485,,5887
643532,Kolimekkenur,643532,,5887
643544,Kombur,643544,,5887
643553,Kullampatty,643553,,5887
643523,Kumbarahalli,643523,,5887
643467,Linginaickenhalli,643467,,5887
643472,Madathahally,643472,,5887
643509,Malagapadi,643509,,5887
932773,Mallapuram,932773,,5887
643539,Mangade,643539,,5887
643463,Maniyabadi,643463,,5887
643546,Manjavadi,643546,,5887
643503,Mekalanayakanahalli,643503,,5887
643519,Menasi,643519,,5887
643530,Molayanur,643530,,5887
643536,Mookkareddipatti,643536,,5887
643498,Mottankurichi,643498,,5887
643563,Nachikutti R.F.,643563,,5887
643548,Nadupatti,643548,,5887
643469,Nallagudlahalli,643469,,5887
643486,Nambippatti,643486,,5887
643516,Naranapuram,643516,,5887
643549,Nonanganur,643549,,5887
643495,Obilinayakkanahalli,643495,,5887
932777,Oddupatti,932777,,5887
643559,Pallipatti R.F.,643559,,5887
643480,Papichettipatti,643480,,5887
643513,Pappambadi,643513,,5887
932781,Pappireddipatti,932781,,5887
643505,Parayapatti,643505,,5887
643551,Pattukonampatty,643551,,5887
643477,Peddur,643477,,5887
643493,Pethasamudram,643493,,5887
643487,Pethathampatti,643487,,5887
643526,P. Pallipatti,643526,,5887
643520,Pudinattam,643520,,5887
643515,Pudupatti,643515,,5887
932786,Puilparuthi,932786,,5887
643507,Puludiyur,643507,,5887
932791,Ramanahalli,932791,,5887
643492,Rameyanahalli,643492,,5887
643502,Regadahalli,643502,,5887
643542,Sembiyanur,643542,,5887
643478,Sikkampatti,643478,,5887
643464,Singirihalli,643464,,5887
643511,Sitteri,643511,,5887
643560,Sitteri R.F.,643560,,5887
643558,Sitteri R.F. Extension,643558,,5887
643499,Sunkarahalli,643499,,5887
643510,Suriyakadi,643510,,5887
643556,Tambal Extension R.F.,643556,,5887
643490,Tenkaraikottai,643490,,5887
643534,Thadampatti,643534,,5887
643494,Thadhanur,643494,,5887
643496,Thalanatham,643496,,5887
643475,Thinnahalli,643475,,5887
643491,Thurinihalli,643491,,5887
643500,Unisenahalli,643500,,5887
643512,Vachathi,643512,,5887
643541,Varianur,643541,,5887
643525,Vellalapatti,643525,,5887
643531,Venkatesamudram,643531,,5887
643649,Ajjanahalli,643649,,5889
932392,Alepuram,932392,,5889
643631,Andarahalli,643631,,5889
643642,Anjehalli,643642,,5889
643653,Arakasanahalli,643653,,5889
643677,Badanavadi RF,643677,,5889
643676,Badanavadi RF Ext.,643676,,5889
643664,Badrahalli,643664,,5889
643679,Barigam RF (Portion),643679,,5889
643672,Bevanurmalai R.F.,643672,,5889
643654,Chinnampalli,643654,,5889
643656,Donnakuttahalli,643656,,5889
643662,D. Solapadi,643662,,5889
643665,Gendenahalli,643665,,5889
643669,Gurthirayan R. F.,643669,,5889
643660,Jarimankurichy,643660,,5889
643651,Kadamadai,643651,,5889
643655,Kalappambadi,643655,,5889
643675,Kalappambadi R.F.,643675,,5889
643634,Kariappanahalli,643634,,5889
643641,Kattinaickenahalli,643641,,5889
643666,Keserkuli R.F.,643666,,5889
643667,Keserkuli R.F. Extension,643667,,5889
643647,Kodihalli,643647,,5889
643648,Koothapadi,643648,,5889
643650,Kukuttamaruthahalli,643650,,5889
643644,Maanjinaickanahalli,643644,,5889
643630,Madehalli,643630,,5889
932433,Mangurichi,932433,,5889
643661,Manjarahalli,643661,,5889
643674,Masakkal R.F.,643674,,5889
643668,Morappur R.F.,643668,,5889
643658,Nagamarai,643658,,5889
643635,Onnappagoundanahalli,643635,,5889
643632,Pallipatti,643632,,5889
643629,Panaikulam,643629,,5889
643636,Papparapatti,643636,,5889
643640,Parvathanahalli,643640,,5889
932436,Pennagaram,932436,,5889
643671,Pennagaram R. F.,643671,,5889
643663,Perumbalai,643663,,5889
643678,Perumbalai RF,643678,,5889
643643,Peyalmari,643643,,5889
643628,Pikkili,643628,,5889
643652,Pudupatti,643652,,5889
643659,Ramakondahalli,643659,,5889
932441,Rangapuram,932441,,5889
643645,Sathiyanathapuram,643645,,5889
643646,Senganur,643646,,5889
932445,Sidumanahalli,932445,,5889
643638,Sigaralahalli,643638,,5889
643673,Singarhallai Parapadi R.F.,643673,,5889
643657,Sunchalnatham,643657,,5889
932450,Thinnabellur,932450,,5889
643637,Thithiyoppanahalli,643637,,5889
643639,Vattuvanahalli,643639,,5889
643633,Velampatti,643633,,5889
643670,Woddapatti R. F.,643670,,5889
635433,Aiyampalayam,635433,,5994
635418,Alamarathupatti,635418,,5994
635429,Ambathurai,635429,,5994
635424,Athoor,635424,,5994
635431,Bodikamanvadi,635431,,5994
635425,Jivalsaragu,635425,,5994
635426,Kalikkampatti,635426,,5994
932404,Kannivadimalai South,932404,,5994
635427,Kilakottai,635427,,5994
635415,Kummampatti,635415,,5994
635423,Manalur,635423,,5994
635420,Munnilakottai,635420,,5994
931905,Narasingapuram,931905,,5994
635430,Palayamkottai,635430,,5994
635421,Panjanpatti (N),635421,,5994
635422,Paraipatti,635422,,5994
635417,Pillayarnattam,635417,,5994
635416,Pithalaipatti,635416,,5994
635432,Sitharevu,635432,,5994
635428,Toppampatti,635428,,5994
635419,Vakkampatti,635419,,5994
635414,Virakkal,635414,,5994
635413,Adiyanuthu (CT),635413,,5980
635354,Ammakulathupatti,635354,,5980
635393,Anjukulipatti,635393,,5980
635380,A.Vellodu,635380,,5980
635403,A.Vellodu R.F.,635403,,5980
635386,Avilipatti,635386,,5980
635412,Balakrishnapuram (CT),635412,,5980
635395,Emakkalapuram,635395,,5980
635388,Jothampatti,635388,,5980
635357,Kambiliampatti,635357,,5980
635399,Kanavaipatti,635399,,5980
635398,Kombaipatti,635398,,5980
635394,Konapatti,635394,,5980
635379,Koovanuthu,635379,,5980
635358,Kovilur,635358,,5980
635371,Madur,635371,,5980
635387,Maranuthu,635387,,5980
635374,Markkampatti,635374,,5980
635353,Mullipadi,635353,,5980
635383,Panjampatti (T),635383,,5980
635359,Periyakottai,635359,,5980
635389,Pudupatti,635389,,5980
635378,Ragalapuram,635378,,5980
635370,Rajakkapatti,635370,,5980
635390,Sakkiliankodai,635390,,5980
635356,Sengurichi,635356,,5980
635384,Shanarpatti,635384,,5980
635372,Siluvathur,635372,,5980
635397,Sirumalai,635397,,5980
635407,Sirumalai R.F.,635407,,5980
635404,Sirumalai R.F.(Northern East),635404,,5980
635355,Tamaraipadi,635355,,5980
635396,Tavasimadai,635396,,5980
635377,Thetthampatti,635377,,5980
635391,Thimmananallur,635391,,5980
635369,Thottanuthu,635369,,5980
635382,Vadakattupatti,635382,,5980
635375,Vajraservaikarankottai,635375,,5980
635373,Vanganmanuthu,635373,,5980
635376,Vathilathoppampatti,635376,,5980
635392,Vembarpatti,635392,,5980
635381,Viralipatti,635381,,5980
635385,Virasinnampatti,635385,,5980
635366,Adalur,635366,,5979
932627,Agaram,932627,,5979
635345,Alagupatti,635345,,5979
932645,Alakkuvarpatty,932645,,5979
635351,Ammapatti,635351,,5979
635361,Anaipatti,635361,,5979
635367,Chattirapatti,635367,,5979
635410,Chettinaickenpatti (CT),635410,,5979
635341,Gurunathanaickenur,635341,,5979
635348,Kamachipuram,635348,,5979
932675,Kannaivadimalai North,932675,,5979
635364,Kasavanampatti,635364,,5979
932670,Kodalvavi,932670,,5979
635347,Kothapulli,635347,,5979
635344,K.Pudukottai,635344,,5979
635411,Kurumbapatti (CT),635411,,5979
635352,Kuthathupatti,635352,,5979
635350,Mangarai,635350,,5979
635343,Neelamalakottai,635343,,5979
635342,Palakkanuthu,635342,,5979
635368,Palayakannivadi,635368,,5979
635360,Pallapatti,635360,,5979
635365,Pantrimalai,635365,,5979
635409,Silapadi (CT),635409,,5979
635346,Silvarpatti,635346,,5979
635362,Sindalagundu,635362,,5979
932681,Sirankadu,932681,,5979
635340,Sullerumbu,635340,,5979
635363,Tamaraikulam,635363,,5979
635349,Tettupatti,635349,,5979
932633,Thadicombu,932633,,5979
932677,Thonimalai,932677,,5979
635234,Alambadi,635234,,6700
635245,Chinnaluppai,635245,,6700
635238,Deendakkal,635238,,6700
635240,Dhalipatti,635240,,6700
635236,Gudalur,635236,,6700
635241,Karikali,635241,,6700
635239,Karungal,635239,,6700
635246,Kombai ( R),635246,,6700
635243,Koombur,635243,,6700
635235,Kottanatham,635235,,6700
635255,Kudappam,635255,,6700
635254,Kulathupatti,635254,,6700
635237,Landakottai,635237,,6700
635242,Mallapuram,635242,,6700
635258,Nagayakottai,635258,,6700
635257,Nallur,635257,,6700
932500,Palayam,932500,,6700
635248,Pudukottai (R),635248,,6700
635232,Thirukoornam,635232,,6700
635244,Ulliyakottai,635244,,6700
635247,Vadugambadi,635247,,6700
635249,Vanikarai,635249,,6700
635233,Vellodu ( R),635233,,6700
635256,Vembur,635256,,6700
635445,Adukkam,635445,,5766
635446,Kamanur,635446,,5766
635447,Kilakkuchettipatti,635447,,5766
635440,Kodaikanal,635440,,5766
635434,Kookkal,635434,,5766
644877,Kudiraiar & Kukkal R.F.,644877,,5766
644878,Manjampatti R.F.,644878,,5766
635442,Mannavanur,635442,,5766
635437,Pachalur,635437,,5766
932422,Pannaikadu,932422,,5766
635438,Periyur,635438,,5766
635448,Poolathur,635448,,5766
635441,Poombarai,635441,,5766
635443,Poondi,635443,,5766
635439,Thandigudi,635439,,5766
635436,Vadagounchi,635436,,5766
635444,Vellagavi,635444,,5766
635435,Vilpatti,635435,,5766
635339,Alagar Hills R.F.,635339,,5763
635309,Avichchippatti,635309,,5763
635311,Budagudi,635311,,5763
635332,Budagudi R.F.,635332,,5763
635319,Chellappanaickenpatti,635319,,5763
635337,Chembulimalai R.F.,635337,,5763
635327,Chinnayanpattikaradu R.F.,635327,,5763
635317,Idayapatti,635317,,5763
635324,Kaluvadimalai R.F.,635324,,5763
635328,Karanthamalai R.F.,635328,,5763
635326,Kodangikuttu R.F.,635326,,5763
635303,Kottaiyur,635303,,5763
635301,Kudagipatti,635301,,5763
635321,Lingavadi,635321,,5763
635329,Methugumalai R.F.,635329,,5763
635335,Mottamalai R.F.,635335,,5763
635325,Mudumalai R.F.,635325,,5763
635316,Mulaiyur,635316,,5763
635336,Nadumalai R.F.,635336,,5763
635306,Nadumandalam,635306,,5763
932479,Natham,932479,,5763
635330,Nedunkuttu R.F.,635330,,5763
635314,Palappanayakkanpatti,635314,,5763
635310,Pannimalai,635310,,5763
635313,Pannuvarpatti,635313,,5763
635331,Pappanmalai R.F.,635331,,5763
932485,Pappapatti,932485,,5763
635334,Perumalai R.F.,635334,,5763
635299,Pillaiyarnattam,635299,,5763
635323,Pillaiyarnattam R.F.,635323,,5763
635333,Poolamalai R.F.,635333,,5763
635322,Pudur,635322,,5763
635307,Punnapatti,635307,,5763
635320,Reddiapatti,635320,,5763
635312,Samudrapatti,635312,,5763
635315,Sattambadi,635315,,5763
635304,Seithur,635304,,5763
635338,Senamalai R.F.,635338,,5763
635300,Sendurai,635300,,5763
635302,Sirangattupatti,635302,,5763
635305,Sirugudi,635305,,5763
635318,Uralipatti,635318,,5763
635308,Velanpatti,635308,,5763
635461,Bangalapatti,635461,,5767
635458,Batlagundu,635458,,5767
635471,Bodiagoundanpatti,635471,,5767
635455,Chinnamanaickankottai,635455,,5767
635468,Ethilodu,635468,,5767
635450,Jambudurai Kottai,635450,,5767
635457,Kanavaipatti,635457,,5767
635453,Kodanginaickan patti,635453,,5767
635484,Kolladipatti,635484,,5767
635459,Kombaipatti,635459,,5767
635469,Koovanuthu,635469,,5767
635452,Kottur,635452,,5767
635466,Kullalagundu,635466,,5767
635480,Kullichettipatti,635480,,5767
635473,Kunnuvarankottai,635473,,5767
635465,Malayagoundanpatti,635465,,5767
635460,Mallanampatti,635460,,5767
635490,Mankaradu R.F.,635490,,5767
635483,Mattapparai,635483,,5767
635470,Musuvanuthu,635470,,5767
635479,Nadakottai,635479,,5767
635463,Nakkaluthu,635463,,5767
635451,Nariyuthu,635451,,5767
932458,Nilakkottai,932458,,5767
635456,Nuthulapuram,635456,,5767
932463,Oruthattu,932463,,5767
635449,Pachamalayankottai,635449,,5767
635467,Pallapatti,635467,,5767
635474,Pannaipatti,635474,,5767
635482,Pillaiyarnatham,635482,,5767
635485,Ramarajapuram,635485,,5767
635476,Rengappanaickanpatti,635476,,5767
635477,Sandaiyur,635477,,5767
635478,Sekkapatti,635478,,5767
635454,Sengattampatti,635454,,5767
635489,Sengattampatti R.F.,635489,,5767
932466,Sevugampatti,932466,,5767
635464,Silukkuvarpatti,635464,,5767
635481,Sithargalnatham,635481,,5767
635472,Sivagnanapuram,635472,,5767
635462,Veelinaickanpatti,635462,,5767
635486,Vilampatti,635486,,5767
635487,Viralimayanpatti,635487,,5767
635475,Viralipatti,635475,,5767
635488,Viruveedu,635488,,5767
635206,Ambilikai,635206,,5761
635176,Appanuthu,635176,,5761
635180,Appayampatti,635180,,5761
635191,Appipalayam,635191,,5761
635226,Arasappapillaipatti,635226,,5761
635225,Athicombai,635225,,5761
635210,Boduvarpatti,635210,,5761
635212,Chatrapatti,635212,,5761
635185,Chinnakkampatti,635185,,5761
635228,Dasaripatti,635228,,5761
635209,Devathur,635209,,5761
635229,D.Pudukottai,635229,,5761
635184,Ellapatti,635184,,5761
635200,Idayakottai,635200,,5761
635186,I.Vadipatti,635186,,5761
635204,Jawadupatti,635204,,5761
635203,Jogipatti,635203,,5761
635223,Kalanjipatti,635223,,5761
635189,Kallimandayam,635189,,5761
635202,Kallupatti,635202,,5761
635216,Kappilliapatti,635216,,5761
635188,Kariyampatti,635188,,5761
635215,Kaveriyammapatti,635215,,5761
635222,Kedayurambu,635222,,5761
635218,Kollapatti,635218,,5761
635187,Kondarangi Keeranur,635187,,5761
635181,Koothampoodi,635181,,5761
635193,Kothayam,635193,,5761
635199,Kuthiluppai,635199,,5761
635224,Lakkayankottai,635224,,5761
635196,Mandavadi,635196,,5761
635211,Manjanaickenpatti,635211,,5761
635183,Markampatti,635183,,5761
635182,M.Athappampatti,635182,,5761
635197,Navakani,635197,,5761
635198,Odaipatty,635198,,5761
932440,Oddanchatram,932440,,5761
635178,Palappampatti,635178,,5761
635177,Paruthiyur,635177,,5761
635207,Periyakottai,635207,,5761
635179,Poosaripatti,635179,,5761
635190,Porulur,635190,,5761
635195,Pottikampatti,635195,,5761
635208,Pudur,635208,,5761
635221,Puliyamarathukottai,635221,,5761
635220,Puliyurnatham,635220,,5761
635192,Pungamuthur,635192,,5761
635214,Reddiapatti,635214,,5761
635194,Sikkamanaickenpatti,635194,,5761
635205,Sindaiapatti,635205,,5761
635230,Sindalavadampatti,635230,,5761
635217,Thangachiammapatti,635217,,5761
635231,Vadagadu,635231,,5761
635201,Valayapatti,635201,,5761
635213,Veeralapatti,635213,,5761
635219,Veriyapur,635219,,5761
635227,Virupakshi,635227,,5761
635158,A-Kalayamputhur,635158,,5760
635138,Akkaraipatti,635138,,5760
635149,Amarapoondi,635149,,5760
635163,Andipatti,635163,,5760
932582,Ayakudi East,932582,,5760
932587,Ayakudi West,932587,,5760
635140,Ayyampalayam,635140,,5760
932566,Ayyampulli,932566,,5760
932571,Balasumudram,932571,,5760
635174,Chinnakalayamputhur (CT),635174,,5760
635142,Chithraikulam,635142,,5760
635164,Cinnammapatti,635164,,5760
635151,Erramanaickenpatti,635151,,5760
635170,Iravimangalam,635170,,5760
635156,Kalickkanaickenpatti,635156,,5760
635152,Kanakkampatty,635152,,5760
635173,Kavadikoottam R.F.,635173,,5760
635166,Kavalapatti,635166,,5760
932591,Keeranur,932591,,5760
635157,Kodaimangalam,635157,,5760
635130,Kolumakondan,635130,,5760
635154,Kombaipatti,635154,,5760
635132,Korikadavu,635132,,5760
635122,Kottathurai,635122,,5760
635131,Kovilammapatti,635131,,5760
635145,Manoor,635145,,5760
635135,Marichilambu,635135,,5760
635148,Melakottai,635148,,5760
635125,Melkaraipatti,635125,,5760
635123,Mettupatti,635123,,5760
635128,Midapadi,635128,,5760
635155,Mollampatti,635155,,5760
635127,Muthunaickenpatti,635127,,5760
635159,Neikarapatti,635159,,5760
635153,Pachalanaickenpatti,635153,,5760
932558,Palani,932558,,5760
635161,Pappampatti,635161,,5760
932613,Periyakalayamputhur,932613,,5760
635171,Periyammapatti,635171,,5760
635144,Pethanaickenpatti,635144,,5760
932578,Puduchu,932578,,5760
635137,Pudur,635137,,5760
635147,Puliampatti,635147,,5760
635129,Pushpathur,635129,,5760
635126,Rajampatti,635126,,5760
635165,Reddaiyambadi,635165,,5760
635160,R.Vadipatti (North),635160,,5760
635167,R.Vadipatti (South),635167,,5760
635168,Sitharevu,635168,,5760
635175,Sivagiripatti (CT),635175,,5760
635143,Sukkamanaickenpatti,635143,,5760
635172,Tamaraikulam,635172,,5760
635139,Thalaiyuthu,635139,,5760
635141,Thathanaickenpatti (N),635141,,5760
635169,Thathanaickenpatti (South),635169,,5760
932553,Thattankulam,932553,,5760
635133,Thoppampatti,635133,,5760
635136,Thummalapatti,635136,,5760
635134,Vagarai,635134,,5760
635124,Velampatti,635124,,5760
635162,Velusamudram,635162,,5760
635150,Veppanavalasu,635150,,5760
635146,Vilvathampatti,635146,,5760
932515,A.Kombai,932515,,5762
635266,Ammapatti,635266,,5762
932511,Ayyalur,932511,,5762
635269,Chittur,635269,,5762
932503,Eriodu,932503,,5762
635253,Kaithian Kottai,635253,,5762
635251,Kalvarpatti,635251,,5762
635286,Kanapadi,635286,,5762
635292,Karumalai R.F.,635292,,5762
635283,Kollapatti,635283,,5762
635271,Komberipatti,635271,,5762
635261,Koovakkapatti,635261,,5762
635252,Kuddam,635252,,5762
635279,Kulathur,635279,,5762
635268,Malvarpatti,635268,,5762
635278,Marambadi,635278,,5762
635282,Morepatti,635282,,5762
635297,Mundamalai R.F.,635297,,5762
635293,Mungil Karadu R.F.,635293,,5762
635277,Nallamanarkottai,635277,,5762
635262,Nathapatti,635262,,5762
635280,Padiyur,635280,,5762
635270,Paganatham,635270,,5762
635250,Palapatti,635250,,5762
932522,Panjamthangi,932522,,5762
635296,Panjanthangi (RF),635296,,5762
635298,Pannamalai R.F.,635298,,5762
635276,Perumbulli,635276,,5762
635274,Pilathu,635274,,5762
635263,Pudipuram,635263,,5762
635264,Pudukottai (V),635264,,5762
635284,Puthur,635284,,5762
635287,Ramanathapuram,635287,,5762
635291,Rengamalai R.F.,635291,,5762
635288,Singarakottai,635288,,5762
635273,Sithuvarpatti,635273,,5762
635267,Sriramapuram,635267,,5762
635272,Sukkampatti,635272,,5762
635294,Sundamalai R.F.,635294,,5762
635275,Tennampatti,635275,,5762
635295,Thanner Karadu R.F.,635295,,5762
635289,Thoppasamymalai R.F.,635289,,5762
635260,Usilampatti,635260,,5762
932506,Vadamadurai,932506,,5762
635290,Vadamalai R.F.,635290,,5762
635265,Vedasandur,635265,,5762
635285,Velayudampalayam,635285,,5762
635259,Vellampatti,635259,,5762
635281,Velvankottai,635281,,5762
932713,அம்மாப்பேட்டை,932713,,5969
932767,அம்மாப்பேட்டை ஆ,932767,,5969
634849,Anthiyur,634849,,5969
932759,அந்தியூர் ஆ,932759,,5969
932719,ஆரியகவுண்டனூர்,932719,,5969
932707,அத்தாணி,932707,,5969
634859,Attavanaipudur,634859,,5969
634843,Bargur,634843,,5969
932752,பர்கூர் ஆ,932752,,5969
634873,Boothapadi,634873,,5969
634852,Brammadesam,634852,,5969
634891,Burgur (North R.F.),634891,,5969
634893,Burgur South R.F..,634893,,5969
634846,Chennampatti,634846,,5969
634847,Ennamangalam,634847,,5969
634894,Ennamangalam R.F.,634894,,5969
634854,Gettisamudram,634854,,5969
634857,Illippili,634857,,5969
634858,Kannapalli,634858,,5969
634866,Kilwani,634866,,5969
634844,Komarayanur,634844,,5969
634851,Kuppandampalayam,634851,,5969
634867,Kuthampoondi,634867,,5969
634855,Mathur,634855,,5969
634865,Moongilpatti,634865,,5969
634860,Mukasipudur,634860,,5969
634850,Nagalur,634850,,5969
634895,Nagalur R.F.,634895,,5969
932745,நெரிஞ்சிப்பேட்டை,932745,,5969
634862,Oddapalayam,634862,,5969
634853,Pachampalayam,634853,,5969
634861,Patlur,634861,,5969
634872,Poonachi,634872,,5969
634845,Pudur,634845,,5969
634848,Sankarapalayam,634848,,5969
634856,Vellithiruppur,634856,,5969
634864,Vembathi,634864,,5969
932764,வேம்பத்தி ஆ,932764,,5969
634884,Alathur,634884,,5750
634887,Andikulam,634887,,5750
932887,ஆப்பக்கூடல்,932887,,5750
634881,Bhavani,634881,,5750
932913,பவானி ஆ,932913,,5750
634888,Chinnapuliyur,634888,,5750
932907,ஜம்பை,932907,,5750
932911,ஜம்பை ஆ,932911,,5750
634876,Kadappanallur,634876,,5750
634870,Kalpavi,634870,,5750
634885,Kavandapadi,634885,,5750
932933,கவுந்தப்பாடி ஆ,932933,,5750
932939,கவுந்தப்பாடி இ,932939,,5750
634877,Kesarimangalam,634877,,5750
634871,Kurichi,634871,,5750
932914,குறிச்சி ஆ,932914,,5750
634896,Kuruppanaickenpalayam (CT),634896,,5750
634869,Mylambadi,634869,,5750
634886,Odathurai,634886,,5750
932915,ஓடத்துறை ஆ,932915,,5750
932881,ஒலகடம்,932881,,5750
634882,Oricheri,634882,,5750
634875,Padavalkalvai,634875,,5750
634863,Paruvachi,634863,,5750
634889,Periyapuliyur,634889,,5750
634908,Perundalaiyur,634908,,5750
932892,பி  மேட்டுப்பாளையம்,932892,,5750
932899,பி மேட்டுப்பாளையம் ஆ,932899,,5750
634868,Punnam,634868,,5750
932904,சலங்கபாளையம்,932904,,5750
932936,சலங்கபாளையம் ஆ,932936,,5750
932941,சலங்கபாளையம் இ,932941,,5750
634878,Sanyasipatti,634878,,5750
634890,Settipalayam,634890,,5750
634874,Singampettai,634874,,5750
634880,Thalakulam,634880,,5750
634892,Thamarakkarai R.F.,634892,,5750
933886,ஊராட்சிக்கோட்டை,933886,,5750
634879,Varadanallur,634879,,5750
634883,Vyramangalam,634883,,5750
933251,அணைநாசுவம்பாளையம்,933251,,5753
933270,ஆட்டையாம்பாளையம்,933270,,5753
933278,பி.பி. அக்ரஹாரம்,933278,,5753
933260,பி. எஸ். அக்ரஹாரம்,933260,,5753
933261,சித்தோடு,933261,,5753
635023,Elavamalai,635023,,5753
635027,Ellapalayam,635027,,5753
933285,ஈரோடு,933285,,5753
933281,ஈரோடு  ஆ,933281,,5753
933292,ஈரோடு  இ,933292,,5753
933272,கங்காபுரம்,933272,,5753
635029,Kadirampatti,635029,,5753
635022,Karai Ellapalayam,635022,,5753
635032,Koorapalayam,635032,,5753
933256,குமிளம்பரப்பு,933256,,5753
635078,Mettunasuvanpalayam (CT),635078,,5753
635031,Moolakarai,635031,,5753
933247,முத்தம்பாளையம்,933247,,5753
933258,நல்லாகவுண்டம்பாளையம்,933258,,5753
933280,நஞ்சை  தளவாய்பாளையம்,933280,,5753
635035,Nanjanapuram,635035,,5753
933291,நசியனூர்,933291,,5753
933289,நசியனூர்  ஆ,933289,,5753
635025,Nochipalayam,635025,,5753
635036,Pavalathampalayam,635036,,5753
933263,பீளமேடு,933263,,5753
933273,பெரியசேமூர்,933273,,5753
933279,பெரியசேமூர்  ஆ,933279,,5753
635024,Perodu,635024,,5753
635034,Puthur Pudupalayam,635034,,5753
635030,Rayapalayam,635030,,5753
933267,சாமிக்கவுண்டம்பாளையம்,933267,,5753
933254,சர்க்கார் சின்ன அக்ரஹாரம்,933254,,5753
933275,சர்க்கார் பெரிய அக்ரஹாரம்,933275,,5753
933249,சூரம்பட்டி,933249,,5753
933252,சூரியம்பாளையம்,933252,,5753
933274,சூரியம்பாளையம்  ஆ,933274,,5753
933262,தயிர்ப்பாளையம்,933262,,5753
933244,திண்டல் மு,933244,,5753
933239,திண்டல் வி,933239,,5753
635033,Thottani,635033,,5753
933282,வைராபாளையம்,933282,,5753
933268,வெண்டிபாளையம்,933268,,5753
635037,Veppampalayam,635037,,5753
933265,வேட்டைபெரியபாளையம்,933265,,5753
933288,வில்லரசம்பட்டி,933288,,5753
933287,வில்லரசம்பட்டி  ஆ,933287,,5753
634912,Agraharakarai,634912,,5751
634917,Akkaraikodiveri,634917,,5751
634919,Alukuli,634919,,5751
933010,அளுக்குளி ஆ,933010,,5751
634906,Ammapalayam,634906,,5751
933888,அரக்கன்கோட்டைகரை,933888,,5751
634898,Arrakkankottaigramam,634898,,5751
634936,Ayalur,634936,,5751
634915,Bodichinnampalayam,634915,,5751
634939,Chandrapuram,634939,,5751
932977,சென்றாயம்பாளையம்,932977,,5751
932975,சின்னகொடிவேரி,932975,,5751
634938,Kadukkampalayam,634938,,5751
634927,Kalingiyam,634927,,5751
933014,கலிங்கியம் ஆ,933014,,5751
634903,Kanakampalayam,634903,,5751
634900,Kavandampalayam,634900,,5751
933001,கொளப்பலூர்,933001,,5751
634902,Kondayampalayam,634902,,5751
634899,Kongarpalayam,634899,,5751
933002,கொங்கரபாளையம் ஆ,933002,,5751
634928,Kottupullampalayam,634928,,5751
634909,Kugalur,634909,,5751
933018,கூகலூர் ஆ,933018,,5751
933023,கூகலூர் இ,933023,,5751
634924,Kullampalayam,634924,,5751
932991,லக்கம்பட்டி,932991,,5751
634907,Mevani,634907,,5751
634926,Modachur,634926,,5751
634937,Nagadevampalayam,634937,,5751
933021,நாகதேவம்பாளையம் ஆ,933021,,5751
634922,Nanjaigopi,634922,,5751
634914,NanjaiPuliampatti,634914,,5751
634913,Nanjaithuraiampalayam,634913,,5751
634925,Nathipalayam,634925,,5751
634930,Odayagoundanpalayam,634930,,5751
634911,Palayapariyurkarai,634911,,5751
634920,Pariyur,634920,,5751
932974,பெரியகொடிவேரி,932974,,5751
634904,Perumugai,634904,,5751
933007,பெருமுகை ஆ,933007,,5751
932979,பேட்டைக்கரை,932979,,5751
634923,Pulavakalipalayam,634923,,5751
634897,Pullappanaickenpalayam,634897,,5751
634901,Punjaithuraipalayam,634901,,5751
933004,புஞ்சை துறையம்பாளையம் ஆ,933004,,5751
634910,Puthukkarai,634910,,5751
634905,Savandapur,634905,,5751
933016,சவுண்டப்பூர் ஆ,933016,,5751
932994,செங்கலரைக் கரை,932994,,5751
932997,செய்யாம்பாளையம்,932997,,5751
634918,Singiripalayam,634918,,5751
634941,Siruvalur,634941,,5751
634916,Solamadevikarai,634916,,5751
932990,தடப்பள்ளிகிராமம்,932990,,5751
932988,தடப்பள்ளிக்கரை,932988,,5751
932982,வாணிப்புதூர்,932982,,5751
933008,வாணிப்புதூர் ஆ,933008,,5751
932998,வீரபாண்டி,932998,,5751
634921,Vellalapalayam,634921,,5751
634940,Vellankovil,634940,,5751
635069,Anjur,635069,,6637
933089,அஞ்சூர்  ஆ,933089,,6637
635076,Avudayaparai,635076,,6637
635073,Ayyampalayam,635073,,6637
933078,சென்னசமுத்திரம்,933078,,6637
933117,சென்னசமுத்திரம்  ஆ,933117,,6637
635075,Devakiammapuram,635075,,6637
635074,Elunoothimangalam,635074,,6637
933115,எழுநூத்திமங்கலம்  ஆ,933115,,6637
635071,Ichipalayam,635071,,6637
933109,இச்சிபாளையம்  ஆ,933109,,6637
933076,கொடுமுடி,933076,,6637
933111,கொடுமுடி  ஆ,933111,,6637
635063,Kolathupalayam,635063,,6637
933097,கொளத்துப்பாளையம்  ஆ,933097,,6637
933038,கொல்லங்கோயில்,933038,,6637
933083,கொல்லங்கோயில்  ஆ,933083,,6637
635064,Kondalam,635064,,6637
635067,Kongudayampalayam,635067,,6637
933093,கொந்தளம்  ஆ,933093,,6637
635068,Murungiyampalayam,635068,,6637
635077,Nagamanaickenpalayam,635077,,6637
933064,நஞ்சை கிளாம்பாடி,933064,,6637
635062,Nanjaikolanalli,635062,,6637
933058,பாசூர்,933058,,6637
933052,புஞ்சை கிளாம்பாடி,933052,,6637
933103,புஞ்சை கிளாம்பாடி ஆ,933103,,6637
933047,புஞ்சை கொளாநல்லி,933047,,6637
933101,புஞ்சை கொளாநல்லி  ஆ,933101,,6637
933042,சிவகிரி,933042,,6637
933086,சிவகிரி  ஆ,933086,,6637
933119,சிவகிரி  இ,933119,,6637
933068,ஊஞ்சலூர்,933068,,6637
635072,Vadivullamangalam,635072,,6637
635070,Vallipuram,635070,,6637
933070,வெங்கம்பூர்,933070,,6637
933107,வெங்கம்பூர்  ஆ,933107,,6637
933212,அரச்சலூர்,933212,,6636
933188,அரச்சலூர்  ஆ,933188,,6636
933204,அரச்சலூர்  இ,933204,,6636
933186,அட்டவணை  அனுமன்பள்ளி  ஆ,933186,,6636
635058,Attavanai Hanuman Palli,635058,,6636
635046,Avalpoondurai,635046,,6636
933183,அவல்பூந்துறை ஆ,933183,,6636
933200,அவல்பூந்துறை  இ,933200,,6636
635065,Ellaikadai,635065,,6636
635055,Elumathur,635055,,6636
933194,எழுமாத்தூர்  ஆ,933194,,6636
635053,Injampalli,635053,,6636
933197,ஈஞ்சம்பள்ளி  ஆ,933197,,6636
635059,Kagam,635059,,6636
635043,Kanagapuram,635043,,6636
933163,கனகபுரம்  ஆ,933163,,6636
635049,Kangayampalayam,635049,,6636
933171,கஸ்பாபேட்டை ஆ,933171,,6636
635060,Kulavilakku,635060,,6636
933198,குலவிளக்கு  ஆ,933198,,6636
933208,குருக்கபாளையம்,933208,,6636
933210,மொடக்குறிச்சி,933210,,6636
933181,மொடக்குறிச்சி  ஆ,933181,,6636
635047,Modavandi Sathyamangalam,635047,,6636
933184,முகாசி அனுமன்பள்ளி  ஆ,933184,,6636
635057,Mukasi Hanuman Palli,635057,,6636
635051,Nanjaikalamangalam,635051,,6636
635039,Nanjailakkapuram,635039,,6636
635048,Nanjaiuthukuli,635048,,6636
933176,நஞ்சை ஊத்துக்குளி  ஆ,933176,,6636
635061,Palamangalam,635061,,6636
635041,Pudur,635041,,6636
933173,புதூர்  ஆ,933173,,6636
635045,Punduraisemur,635045,,6636
635052,Punjai Kalamangalam,635052,,6636
933179,புஞ்சைகாளமங்கலம்  ஆ,933179,,6636
635040,Punjailakkapuram,635040,,6636
635050,Sathambur,635050,,6636
635054,Thanathampalayam,635054,,6636
635042,Thuyyampoondurai,635042,,6636
933167,துய்யம்பூந்துறை ஆ,933167,,6636
933199,துய்யம்பூந்துறை இ,933199,,6636
933214,வடுகப்பட்டி,933214,,6636
933189,வடுகப்பட்டி  ஆ,933189,,6636
933205,வடுகப்பட்டி  இ,933205,,6636
635056,Velampalayam,635056,,6636
635044,Velampalayam,635044,,6636
933193,வேலம்பாளையம்  ஆ,933193,,6636
635066,Vilakethi,635066,,6636
933191,விளக்கேத்தி  ஆ,933191,,6636
634934,Andipalayam,634934,,6638
634945,Anjanur,634945,,6638
634955,Avalampalayam,634955,,6638
932377,எலத்தூர்,932377,,6638
932647,எலத்தூர் ஆ,932647,,6638
634950,Emmampoondi,634950,,6638
932674,எம்மாம்பூண்டி ஆ,932674,,6638
634933,Gudakkarai,634933,,6638
634944,Irugalur,634944,,6638
634952,Kadasellipalayam,634952,,6638
634931,Kadathur,634931,,6638
634830,Karapadi,634830,,6638
634929,Karattupalayam,634929,,6638
932654,கரட்டுபாளையம் ஆ,932654,,6638
634831,Kavilipalayam,634831,,6638
634943,Kosanam,634943,,6638
932661,கோசனம் ஆ,932661,,6638
634935,Kurumandur,634935,,6638
634946,Lagampalayam,634946,,6638
634949,Mottanam,634949,,6638
932383,நம்பியூர்,932383,,6638
932669,நம்பியூர் ஆ,932669,,6638
634956,Nichampalayam,634956,,6638
634951,Olalakovil,634951,,6638
634948,Polavapalayam,634948,,6638
634954,Santhipalayam,634954,,6638
634825,Sellapampalayam,634825,,6638
634953,Sinnaripalayam,634953,,6638
634932,Sundakkampalayam,634932,,6638
634942,Talguni,634942,,6638
634832,Varapalayam,634832,,6638
634947,Vemandampalayam,634947,,6638
932449,வேமாண்டம்பாளையம் ஆ,932449,,6638
933025,அக்ரஹார விஜயமங்கலம்,933025,,5752
933032,அட்டவணைப்பிடாரியூர்,933032,,5752
634988,Ayegoundanpalayam,634988,,5752
635007,Chennimalai,635007,,5752
933190,சென்னிமலை ஆ,933190,,5752
635018,Chennimalai R.F.,635018,,5752
634974,Chinnamallampalayam,634974,,5752
634983,Chinnavirasangili,634983,,5752
635015,Ekkattampalayam,635015,,5752
933196,எக்கட்டாம்பாளையம் ஆ,933196,,5752
635014,Ellaigramam,635014,,5752
635000,Ingur,635000,,5752
933141,ஈங்கூர் ஆ,933141,,5752
634977,Kallakulam,634977,,5752
635001,Kambiliampatti,635001,,5752
634968,Kandampalayam,634968,,5752
932987,காஞ்சிக்கோவில்,932987,,5752
933122,காஞ்சிக்கோவில் ஆ,933122,,5752
634981,Karandipalayam,634981,,5752
634962,Karukkapalayam,634962,,5752
932989,கருமாண்டிசெல்லிபாளையம்,932989,,5752
933136,கருமாண்டிசெல்லிபாளையம் ஆ,933136,,5752
634997,கவுண்டிச்சிபாளையம்,634997,,5752
933182,கவுண்டிச்சிபாளையம் ஆ,933182,,5752
635012,Kodumanal,635012,,5752
635003,Kongampalayam,635003,,5752
932978,கோயில்பாளையம்,932978,,5752
634993,Kullampalayam,634993,,5752
635017,Kuppuchipalayam,635017,,5752
635005,Kuthampalayam,635005,,5752
634958,Madathupalayam,634958,,5752
634985,Marappanaickampalayam,634985,,5752
634987,Mettupudur,634987,,5752
634986,Moongilpalayam,634986,,5752
933187,முகாசிப்பிடாரியூர் ஆ,933187,,5752
635020,Mukasipidariyur (CT),635020,,5752
634999,Mukasi Pulavapalayam,634999,,5752
634967,Mullampatti,634967,,5752
635008,Murungatholuvu,635008,,5752
933206,முருங்கத்தொழுவு ஆ,933206,,5752
932992,நல்லாம்பட்டி,932992,,5752
635010,Nanjai Palatholuvu,635010,,5752
634963,Nichampalayam,634963,,5752
634975,Nimittipalayam,634975,,5752
634966,Olapalayam,634966,,5752
635013,Orathupalayam,635013,,5752
635021,Ottapparai (CT),635021,,5752
634973,Palakarai,634973,,5752
932984,பள்ளபாளையம்,932984,,5752
933114,பள்ளபாளையம் ஆ,933114,,5752
634964,Pandiampalayam,634964,,5752
933040,பாண்டியம்பாளையம் ஆ,933040,,5752
634982,Pappampalayam,634982,,5752
635016,பசுவப்பட்டி,635016,,5752
933202,பசுவப்பட்டி ஆ,933202,,5752
634992,Pattackarampalayam,634992,,5752
634984,Periyaveerasangili,634984,,5752
634969,Periyavilamalai,634969,,5752
933028,பெருந்துறை,933028,,5752
933174,பெருந்துறை ஆ,933174,,5752
932981,பெத்தாம்பாளையம்,932981,,5752
933108,பெத்தாம்பாளையம் ஆ,933108,,5752
634980,Polanaickampalayam,634980,,5752
634994,Ponmudi,634994,,5752
634972,Poovampalayam,634972,,5752
635009,Pudupalayam .,635009,,5752
634996,Pungampadi,634996,,5752
635011,Punjai Palatholuvu,635011,,5752
634989,Seenapuram,634989,,5752
634978,Sellappampalayam,634978,,5752
634965,Singanallur,634965,,5752
933104,சிங்காநல்லூர் ஆ,933104,,5752
634970,Sinnavilamalai,634970,,5752
635004,Sirukkalanchi,635004,,5752
634991,Sullipalayam,634991,,5752
634960,Sungakarampalayam,634960,,5752
634979,Talayampalayam,634979,,5752
634998,Thenmugam Vellode,634998,,5752
933185,தென்முகம் வெள்ளொடு ஆ,933185,,5752
634961,Thingalur,634961,,5752
634971,Thiruvachi,634971,,5752
933130,திருவாச்சி ஆ,933130,,5752
634957,Thoranavavi,634957,,5752
634990,Thuduppathi,634990,,5752
634976,Unjapalayam,634976,,5752
634995,Vadamugam Vellode,634995,,5752
933178,வடமுகம் வெள்ளோடு ஆ,933178,,5752
635002,Varapalayam,635002,,5752
634959,Vettaiankinar,634959,,5752
635019,Vijayapuri (CT),635019,,5752
635006,Voipadi,635006,,5752
634806,Akkarainegamam,634806,,5749
634808,Akkaraithathappalli,634808,,5749
634838,Akkurinjieri Extn. R.F.,634838,,5749
634839,Akkurinjieri R.F.,634839,,5749
634803,Alathucombai,634803,,5749
634815,Arasur,634815,,5749
932959,அரியப்பம்பாளையம்,932959,,5749
634819,Ayyampalayam,634819,,5749
634799,Baguthampalayam,634799,,5749
634841,Barabetta RF,634841,,5749
634807,Boosaripalayam,634807,,5749
634792,Chikkarasampalayam,634792,,5749
634791,Dasaripalayam,634791,,5749
634809,Dhoddampalayam,634809,,5749
634777,Gundri,634777,,5749
634778,Guthiyalathur,634778,,5749
634837,Guthiyalathur (Addition) R.F.,634837,,5749
634835,Guthiyalathur Extension RF,634835,,5749
634800,Ikkarainegamam,634800,,5749
634798,Ikkaraithathapalli,634798,,5749
634813,Indiampalayam,634813,,5749
634811,Karidoddampalayam,634811,,5749
932945,கெம்பநாய்க்கன்பாளையம்,932945,,5749
634801,Komarapalayam,634801,,5749
634805,Konamoolai,634805,,5749
932946,கொண்டப்பநாயக்கன்பாளையம்,932946,,5749
634776,Koothampalayam,634776,,5749
634797,Kothamangalam,634797,,5749
932955,கோட்டுவீரம்பாளையம்,932955,,5749
634818,Kurumbapalayam,634818,,5749
634828,Madampalayam,634828,,5749
634814,Makkinancombai,634814,,5749
634802,Malayadipudur,634802,,5749
634827,Marayeepalayam,634827,,5749
634833,Mudukkanthurai,634833,,5749
634826,Nallur,634826,,5749
634821,Panayampalli,634821,,5749
634793,Pattavarthiayyampalayam,634793,,5749
932960,பழையகலையனூர்,932960,,5749
634820,Periyakallipatti,634820,,5749
634795,Pudupeerkadavu,634795,,5749
634823,Pungampalli,634823,,5749
634796,Pungar,634796,,5749
634829,Punjaipuliampatti,634829,,5749
932963,புதுக்கலையனூர்,932963,,5749
634794,Rajan Nagar,634794,,5749
932953,ரங்கசமுத்திரம்,932953,,5749
634804,Sadumugai,634804,,5749
932952,சத்தியமங்கலம்,932952,,5749
932948,செல்லிபாளையம்,932948,,5749
932966,செண்பகபுதூர் ஆ,932966,,5749
634812,Shenbagapudur,634812,,5749
634822,Sunkakaranpalayam,634822,,5749
634824,Thatchaperumapalayam,634824,,5749
634810,Thoppampalayam,634810,,5749
634816,Ukkaram,634816,,5749
932967,உக்கரம்  ஆ,932967,,5749
932969,உக்கரம்  இ,932969,,5749
634836,Ullepalayam (R.F.),634836,,5749
932956,வரதப்பம்பாளையம்,932956,,5749
634842,Velamundi(R.F.),634842,,5749
634817,Vinnappalli,634817,,5749
634768,Arulavadi,634768,,6539
634784,Byannapuram,634784,,6539
634771,Chikkahajanur,634771,,6539
634770,Dhoddahajanur,634770,,6539
634787,Dhoddamudukkarai,634787,,6539
634786,Erahanahalli,634786,,6539
634788,Gettavadi,634788,,6539
634779,Hassanur,634779,,6539
634774,Iggalore,634774,,6539
634782,Karalavadi,634782,,6539
634789,Kongahalli,634789,,6539
634783,Madahalli,634783,,6539
634769,Mallankuli,634769,,6539
634773,Marur,634773,,6539
634780,Neithalapuram,634780,,6539
634785,Panahahalli,634785,,6539
634790,Talamalai,634790,,6539
634840,Talamalai Extn.(R.F.),634840,,6539
634834,Talamalai R.F.,634834,,6539
634772,Talavadi,634772,,6539
634781,Thiginarai,634781,,6539
634775,Thingalur,634775,,6539
932365,திங்களூர் ஆ,932365,,6539
633548,Alambalam (Vridhachalam),633548,,5977
633519,Ammaiyagaram,633519,,5977
633537,Ammakalathur,633537,,5977
633551,Anumanandal,633551,,5977
933139,சின்னசேலம் வடக்கு,933139,,5977
933143,சின்னசேலம் தெற்கு,933143,,5977
633421,Eduthavoinatham,633421,,5977
633513,Elavadi,633513,,5977
633443,Eliyathur,633443,,5977
633535,Eriyur,633535,,5977
633436,Eruvaipattanam,633436,,5977
933149,கச்சிராயபாளையம்,933149,,5977
633438,Kadathur,633438,,5977
633545,Kalasamudram,633545,,5977
633470,Kallanatham,633470,,5977
633419,Karadichittur,633419,,5977
933128,கரடிசித்தூர்,933128,,5977
633536,Karunguli,633536,,5977
633553,Karunthalakurichi,633553,,5977
633550,Kilkuppam,633550,,5977
633556,Koogaiyur,633556,,5977
633547,Kural,633547,,5977
633426,Madavachcheri,633426,,5977
933121,மாதவச்சேரி தெற்கு,933121,,5977
633371,Malliampadi,633371,,5977
633420,Manmalai,633420,,5977
633473,Maravanattam,633473,,5977
633423,Mathur,633423,,5977
633516,Melnariyappanur,633516,,5977
633512,Moongilpadi,633512,,5977
633542,Nainarpalaiyam,633542,,5977
633534,Nallasevipuram,633534,,5977
633439,Padarampallam(I),633439,,5977
633442,Paithanth,633442,,5977
633555,Pakkampadi,633555,,5977
633424,Palrampattu,633424,,5977
633472,Pandiyankuppam,633472,,5977
633422,Parigam,633422,,5977
633543,Pethasamudram,633543,,5977
633520,Poondi,633520,,5977
633514,Poosappadi,633514,,5977
633380,Pottiyam(P),633380,,5977
633517,Rayappanur,633517,,5977
633418,Sellampattu,633418,,5977
633552,Sembakurichi,633552,,5977
633546,Thagamtheerthapuram,633546,,5977
633441,Thagarai,633441,,5977
633544,Thathathiripuram,633544,,5977
633425,Thavadippattu,633425,,5977
633469,Thenchettiyandal,633469,,5977
633440,Thengiyanatham,633440,,5977
633515,Thenponparappi,633515,,5977
633540,Thensiruvalur,633540,,5977
633521,Thottapadi,633521,,5977
633468,Thottiyam,633468,,5977
633471,Timmapuram,633471,,5977
933152,வடக்கனந்தல் கிழக்கு,933152,,5977
933157,வடக்கனந்தல் மேற்கு,933157,,5977
633518,Vasudevanur,633518,,5977
633474,Vettiperumalagaram,633474,,5977
633554,Virabayankaram,633554,,5977
633549,V. Krishnapuram,633549,,5977
633557,V. Mamandur,633557,,5977
633563,Alwarmalai R.F.,633563,,5734
633427,Anthiyur,633427,,5734
633560,Anthiyur R.F.,633560,,5734
633531,Asakalathur,633531,,5734
633476,Bangaram,633476,,5734
633453,Chinnamampattu,633453,,5734
633459,Chithalur,633459,,5734
633490,Chittathur,633490,,5734
633501,Chitteri,633501,,5734
933094,ஏமப்பேர்,933094,,5734
633494,Eranji,633494,,5734
633507,Eravar,633507,,5734
633541,Esandai,633541,,5734
633530,Eyyanur,633530,,5734
633491,Gurupeedapuram,633491,,5734
633477,Indili,633477,,5734
633493,Kachakudi,633493,,5734
933112,கள்ளக்குறிச்சி,933112,,5734
633434,Ka. Mamanandal,633434,,5734
633481,Kanangur,633481,,5734
633498,Kandachimangalam,633498,,5734
633511,Kaniyamur,633511,,5734
633446,Karanur,633446,,5734
633505,Kattananthal,633505,,5734
633528,Kilnariyappanur,633528,,5734
633509,Kilpoondi,633509,,5734
633497,Konagarayapalaiyam,633497,,5734
633492,Koondalur,633492,,5734
633495,Koothakudi,633495,,5734
633564,Koothakudi R.F.,633564,,5734
633489,Kottaiyur,633489,,5734
633567,Kottalammalai R.F.,633567,,5734
633571,Krishnapuram R.F.,633571,,5734
633445,Kudiraichandal,633445,,5734
633486,Kudiyanallur,633486,,5734
633428,Kunniyur,633428,,5734
633463,Kurur,633463,,5734
933075,குரூர் தெற்கு,933075,,5734
633506,Lachiyam,633506,,5734
633462,Madam,633462,,5734
633449,Madur,633449,,5734
633532,Magarur,633532,,5734
633570,Magarur R.F.,633570,,5734
633480,Malaikottalam,633480,,5734
633437,Mattigaikurichi,633437,,5734
633508,Melur,633508,,5734
633429,Melvizhi,633429,,5734
633461,Mudiyanur,633461,,5734
633483,Nagalur,633483,,5734
633444,Nallathur,633444,,5734
633475,Namasivayapuram,633475,,5734
633539,Nattarmangalam,633539,,5734
633448,Neelamangalam,633448,,5734
633488,Ninnaiyur,633488,,5734
633464,Niraimathi,633464,,5734
633529,Ogaiyur,633529,,5734
633559,Parigam R.F.,633559,,5734
933096,பெரியமாம்பட்டு,933096,,5734
633533,Perumangalam,633533,,5734
633447,Peruvangur,633447,,5734
633523,Pethanur,633523,,5734
633568,Poosappadi R.F.,633568,,5734
633456,Poraiyur,633456,,5734
633482,Porasakurichi,633482,,5734
633566,Porasakurichi R.F.,633566,,5734
633478,Porpadakurichi,633478,,5734
633451,Pridivimangalam,633451,,5734
633526,Pukkiravari,633526,,5734
933102,புக்குளம்,933102,,5734
633522,Rayarpalayam,633522,,5734
633435,Sadaiyampattu,633435,,5734
633219,Sathanur,633219,,5734
633502,Sathanur (P),633502,,5734
633527,Sirumangalam,633527,,5734
633455,Sirunagalur,633455,,5734
633457,Siruval,633457,,5734
633433,Siruvangur,633433,,5734
633524,Siruvathur,633524,,5734
633487,Somanathapuram,633487,,5734
633466,Thachur,633466,,5734
633562,Thagarai R.F.,633562,,5734
633465,Thenkiranur,633465,,5734
633430,Thennirikuppam,633430,,5734
633504,Thenthorasalur,633504,,5734
633431,Thimmalai,633431,,5734
633458,Thiyagai,633458,,5734
633569,Thottapadi R.F.,633569,,5734
633496,Udaiyanachi,633496,,5734
933106,உடையமாம்பட்டு,933106,,5734
633467,Ulagamkathan,633467,,5734
633538,Ulagiyanallur,633538,,5734
633432,Vadathorasalur,633432,,5734
633454,Valavandankuppam,633454,,5734
633503,Vanavaretti,633503,,5734
633525,Varadappanur,633525,,5734
633499,Varanjaram,633499,,5734
633565,Varanjaram R.F,633565,,5734
633484,Vedapoondi,633484,,5734
633450,Veeracholapuram,633450,,5734
933087,வீரசோழபுரம் மேற்கு,933087,,5734
633500,Velakurichi,633500,,5734
633485,Vengaivadi,633485,,5734
633452,Vilakkur,633452,,5734
633479,Vilambur,633479,,5734
633510,Vinaitheerthapuram,633510,,5734
633460,Virugavur,633460,,5734
633232,Alannur,633232,,7055
633374,Arampundi(p),633374,,7055
633301,Aravankadu,633301,,7055
633376,Erukkambattu,633376,,7055
633306,Erukkambattu (P),633306,,7055
633404,Ezhuthur,633404,,7055
633231,Gudaram,633231,,7055
633305,Innadu (P),633305,,7055
633271,Kalliparai,633271,,7055
633372,Kandikkal,633372,,7055
633337,Kariyalur(p),633337,,7055
633334,Karuvelampadi(P),633334,,7055
633303,Keelathukkuli,633303,,7055
633299,Keelnilavur,633299,,7055
633270,Kilakkadu (P),633270,,7055
633341,Kondiyanatham,633341,,7055
633233,Kurmbalur,633233,,7055
633302,Maniyarpalayam (P),633302,,7055
633336,Mavadipattu,633336,,7055
633304,Melathukkuli,633304,,7055
633300,Melnilavur,633300,,7055
633403,Melpacheri,633403,,7055
633307,Mottaiyanur,633307,,7055
633338,Mozhipattu,633338,,7055
633379,Mundiyur,633379,,7055
633402,Naranampattu (P),633402,,7055
633335,Nochchimedu (P),633335,,7055
633269,Perumanatham(P),633269,,7055
633274,Perumbur,633274,,7055
633268,Serapattu,633268,,7055
633267,Sirukkalur (P),633267,,7055
633378,Thoradipattu(P),633378,,7055
633405,Thorangur,633405,,7055
633375,Uppur (p),633375,,7055
633377,Vandagappadi (P),633377,,7055
633266,Vanjikkuli (P),633266,,7055
633373,Vanniyur,633373,,7055
633406,Varam (P),633406,,7055
633265,Vazhakuli,633265,,7055
633297,Vellarikkadu,633297,,7055
633339,Vellimalai,633339,,7055
633298,Vengodu (P),633298,,7055
633340,Vezhappadi,633340,,7055
633272,Vilvathi,633272,,7055
633245,Adanur,633245,,5733
633385,Agarakottalam,633385,,5733
633314,Agraharapandalam,633314,,5733
633400,Alambalam (Kallakurichi),633400,,5733
633383,Alathur,633383,,5733
633356,Aliapath,633356,,5733
633386,Anaikkaraikkottalam,633386,,5733
633295,Arasambattu,633295,,5733
633326,Arasarambattu,633326,,5733
633317,Ariyalur,633317,,5733
633396,Ariyaperumanur,633396,,5733
633248,Arkkavadi,633248,,5733
633258,Arulambadi,633258,,5733
633256,Arumbarambattu,633256,,5733
633330,Arur,633330,,5733
633288,Athiyur,633288,,5733
633321,Aviriyur,633321,,5733
633261,Brahmakundam,633261,,5733
633282,Chinnakolliyur,633282,,5733
633363,Chithal,633363,,5733
633415,Chithal R.F.,633415,,5733
633344,Cholampattu,633344,,5733
633313,Devapandalam,633313,,5733
633283,Eduthanur,633283,,5733
633318,Endal,633318,,5733
633243,Erudayampattu,633243,,5733
633250,Jambadai,633250,,5733
633284,Kadambur,633284,,5733
633289,Kaduvanur,633289,,5733
633413,Kaduvanur RF,633413,,5733
633392,Kalaiyanallur,633392,,5733
633366,Kallerikuppam,633366,,5733
633308,Kallipattu,633308,,5733
633252,Kallippadi,633252,,5733
633280,Kanankadu,633280,,5733
633408,Kanankadu R.F.,633408,,5733
933056,காட்டுவண்ணஞ்சூர்,933056,,5733
633367,Keelapattu,633367,,5733
633331,Kidangudaiyambattu,633331,,5733
633352,Kilpadi,633352,,5733
633309,Kosappadi,633309,,5733
633315,Kulathur,633315,,5733
633320,La-Gudalur,633320,,5733
633235,Lakkinayakkanpatti,633235,,5733
633325,Maiyanur,633325,,5733
633275,Mallapuram,633275,,5733
633411,Mallapuram RF,633411,,5733
633237,Manalur,633237,,5733
633357,Mandagappadi,633357,,5733
633244,Mangalam,633244,,5733
633253,Maniyandal,633253,,5733
633347,Manjaputhur,633347,,5733
633319,Marur,633319,,5733
633350,Melapalangur,633350,,5733
633414,Melapalangur R.F.,633414,,5733
633368,Melapattu,633368,,5733
633240,Melsiruvalur,633240,,5733
633399,Mohur,633399,,5733
633277,Mookkanur,633277,,5733
633234,Moolakkadu,633234,,5733
633241,Moongilthuraippattu,633241,,5733
633354,Munivalai,633354,,5733
633370,Murarbad,633370,,5733
633358,Muttiyam,633358,,5733
633287,Nagalkudi,633287,,5733
633343,Nedumanur,633343,,5733
633384,Neyivanatham,633384,,5733
633351,Noorolai,633351,,5733
633285,Odiyanthal,633285,,5733
633273,Pacheri,633273,,5733
633278,Pakkam,633278,,5733
633365,Palayasiruvangur,633365,,5733
633393,Pallagachcheri,633393,,5733
633388,Pallippattu,633388,,5733
633369,Paramanatham,633369,,5733
633353,Pasar,633353,,5733
633360,Pavandur,633360,,5733
633236,Pavunjipattu,633236,,5733
633407,Pavunjipattu RF,633407,,5733
633390,Peelamedu,633390,,5733
633362,Peral,633362,,5733
633281,Periakolliyur,633281,,5733
633324,Periyapagandai,633324,,5733
633355,Pirividayampattu,633355,,5733
633382,Ponbarapattu,633382,,5733
633294,Poottai,633294,,5733
633412,Poottai RF,633412,,5733
633246,Porasapattu,633246,,5733
633322,Porppalampattu,633322,,5733
633242,Poruvalur,633242,,5733
633333,Poykkunam,633333,,5733
633296,Pudupalapattu,633296,,5733
633263,Puduppattu,633263,,5733
633276,Purthirampattu,633276,,5733
633349,Puzhayanur,633349,,5733
633346,Ramarajapuram,633346,,5733
633264,Rangappanur,633264,,5733
633410,Rangappanur RF,633410,,5733
633262,Ravathanallur,633262,,5733
633409,Ravathanallur RF,633409,,5733
633260,Rayasamudram,633260,,5733
633391,Rishivandiyam,633391,,5733
633417,Rishivandiyam R.F.,633417,,5733
933060,சங்கராபுரம்,933060,,5733
633361,Sathaputhur,633361,,5733
633328,Sellakkakuppam,633328,,5733
633401,Sembadakurichi,633401,,5733
633310,Sembarampattu (P),633310,,5733
633342,Seshasamudram,633342,,5733
633255,Sirpanandal,633255,,5733
633254,Sirupanaiyur,633254,,5733
633125,Sitheripattu,633125,,5733
633292,Sittanthangal,633292,,5733
633290,Sivapuram,633290,,5733
633398,Somandarkudi,633398,,5733
633387,Soolankurichi,633387,,5733
633312,Soundarevallipalayam,633312,,5733
633249,Sripadanallur,633249,,5733
633247,Suthamalai,633247,,5733
633394,Thandalai,633394,,5733
933046,தண்டலை வடக்கு,933046,,5733
633279,Tholuvanthangal,633279,,5733
633311,Thyagarajapuram,633311,,5733
633329,Timmanandal,633329,,5733
633381,Tirukkanangur,633381,,5733
633251,Tiruvarangam,633251,,5733
633239,Ulagalappadi,633239,,5733
633291,Ulagudaiyambattu,633291,,5733
633293,Urangani,633293,,5733
633345,Vadachettiyandal,633345,,5733
633238,Vadakeeranur,633238,,5733
633257,Vadamamandur,633257,,5733
633259,Vadaponparappi,633259,,5733
633332,Vadasiruvalur,633332,,5733
633286,Vanapuram,633286,,5733
633395,Vaniyanthal,633395,,5733
633397,Vannanjur,633397,,5733
633316,Varagur,633316,,5733
633348,Velaiyambattu,633348,,5733
633389,Velanandal,633389,,5733
633359,Vengalam,633359,,5733
633327,Viriyur,633327,,5733
633323,Yal,633323,,5733
633104,Agastyarmoolai,633104,,5732
633195,Alur,633195,,5732
633178,Ariyur,633178,,5732
633138,Arumbappakkam,633138,,5732
633148,Aruthangudi,633148,,5732
633133,Athandamarudur,633133,,5732
633055,Athiyandal,633055,,5732
633159,Avi. Kolapakkam,633159,,5732
633135,Aviyur,633135,,5732
633060,Chithapattinam,633060,,5732
633058,Devaradiarkuppam,633058,,5732
633136,Deviagaram,633136,,5732
633151,Deviyandal,633151,,5732
633147,Edaiyur,633147,,5732
633174,Elrampattu,633174,,5732
633158,Eravalam,633158,,5732
633150,Irumbalakkurichi,633150,,5732
633054,Jambai,633054,,5732
633098,Ja. Sithamur,633098,,5732
633137,Kachikkuvachan,633137,,5732
633193,Kadiyar,633193,,5732
633102,Kalumalam,633102,,5732
633141,Kanakanandal,633141,,5732
633052,Kangaiyanur,633052,,5732
633143,Karadi,633143,,5732
633175,Kattupaiyur,633175,,5732
633139,Keelathayanur,633139,,5732
932849,கீழையூர்,932849,,5732
633172,Kodiyur,633172,,5732
633181,Kolaparai,633181,,5732
633095,Kolundriampattu,633095,,5732
633186,Komalur,633186,,5732
633057,Konganamur,633057,,5732
633188,Konnakkalavadi,633188,,5732
633099,Koovanur,633099,,5732
633101,Kottagam,633101,,5732
633105,Kuladipamangalam,633105,,5732
633149,Madampoondi,633149,,5732
932897,மணலூர்பேட்டை,932897,,5732
633152,Mariyandal,633152,,5732
633100,Melaripattu,633100,,5732
633140,Melathayanur,633140,,5732
633051,Melendal,633051,,5732
633192,Memalur,633192,,5732
633196,Mohalar,633196,,5732
633160,Mudalur,633160,,5732
633145,Mudianur,633145,,5732
633056,Murukkambadi,633056,,5732
633155,Nedumudaiyan,633155,,5732
633094,Nedungampattu,633094,,5732
633183,Padiyandal,633183,,5732
633194,Palengur,633194,,5732
633053,Pallichchandal,633053,,5732
633187,Panapadi,633187,,5732
633182,Paradapattu,633182,,5732
633176,Periyanur,633176,,5732
633184,Po.Meyyur,633184,,5732
633185,Ponniyandal,633185,,5732
633144,Poomari,633144,,5732
633093,Sadaikatti,633093,,5732
633097,Sangiyam,633097,,5732
633059,Sellankuppam,633059,,5732
633191,Senganankollai,633191,,5732
633190,Sholavandipuram,633190,,5732
633180,Sivanarthangal,633180,,5732
633096,Sorayapattu,633096,,5732
633229,Swamimalai RF,633229,,5732
633061,T. Athipakkam,633061,,5732
633224,T. Athipakkam RF,633224,,5732
633146,Thagadi,633146,,5732
633156,Thanakanandal,633156,,5732
633189,Thathanur,633189,,5732
633179,Thimmachur,633179,,5732
932853,திருக்கோவிலூர் வடக்கு,932853,,5732
932856,திருக்கோவிலூர் தெற்கு,932856,,5732
633154,Thurinjipattu,633154,,5732
633153,Tirupalapandal,633153,,5732
633142,T.Keeranur,633142,,5732
633173,T. Kunnathur,633173,,5732
633134,Vadakkunemili,633134,,5732
633197,Vadamalaiyanur,633197,,5732
633161,Vadamarudur,633161,,5732
633177,Vengur,633177,,5732
633103,Vilandai,633103,,5732
633198,Villivalam,633198,,5732
633157,Vinmar,633157,,5732
633624,Adaiyur,633624,,5735
633632,Adanur,633632,,5735
633622,A. Kulathur,633622,,5735
633704,A.Kumaramangalam,633704,,5735
633732,A.Kurumbur,633732,,5735
633715,Alangiri,633715,,5735
633752,Alavarmalai R.F.,633752,,5735
633725,A.Mazhavarayanur,633725,,5735
632799,Ambuzhukkai,632799,,5735
633694,Andikuli,633694,,5735
633679,Anganur,633679,,5735
633712,A.Puthur,633712,,5735
633685,Arali,633685,,5735
633731,Arasampoondi,633731,,5735
633739,Arinatham,633739,,5735
633677,Arumbalavadi,633677,,5735
633724,Asanur,633724,,5735
633727,A.Sathanur,633727,,5735
633575,Athipakkam,633575,,5735
633634,Athur,633634,,5735
633638,Avalam,633638,,5735
633717,Chettiyandal,633717,,5735
633649,Deviyanandal,633649,,5735
633620,Dhanam,633620,,5735
633702,Edaikkal,633702,,5735
633637,Edaiyalam,633637,,5735
633631,Edalavadi,633631,,5735
633628,Ellaigramam,633628,,5735
633680,Emam,633680,,5735
633626,Eraiyur,633626,,5735
633654,Eswarakandanallur,633654,,5735
633745,Ilevathadi,633745,,5735
633738,Iluppaiyur,633738,,5735
633639,Irundai,633639,,5735
633663,Kalamarudur,633663,,5735
633690,Kalathur,633690,,5735
633664,Kalavanur,633664,,5735
633743,Kallamedu,633743,,5735
633753,Kallamedu R.F.,633753,,5735
633681,Kampattu,633681,,5735
633703,Kanayar,633703,,5735
633572,Kattuedayar,633572,,5735
633730,Kattunemili,633730,,5735
633574,Kattusellur,633574,,5735
633653,Kilakkumarudur,633653,,5735
633615,Killiyur,633615,,5735
633627,Koothanur,633627,,5735
633629,Koovadu,633629,,5735
633611,Koovagam,633611,,5735
633610,Korattur,633610,,5735
633740,Ku.Kallakurichi,633740,,5735
633701,Kunamangalam,633701,,5735
633670,Kunjaram,633670,,5735
633561,Kunjaram R.F.,633561,,5735
633748,Kunjaram R.F.,633748,,5735
633695,Kuttadi,633695,,5735
633749,Kuttadi R.F.,633749,,5735
633643,Madapattu,633643,,5735
633737,Madiyanur,633737,,5735
633614,Ma.Kunnathur,633614,,5735
633692,Manalur,633692,,5735
633741,Mattigai,633741,,5735
633618,Mayiladunthangal,633618,,5735
633735,Mepuliyur,633735,,5735
633644,Mettathur,633644,,5735
633698,Moolasamudram,633698,,5735
633733,Nachiyarpettai,633733,,5735
633697,Nagar,633697,,5735
633633,Nannaram,633633,,5735
633576,Nathamoor,633576,,5735
633746,Nathanmoor Bit R.F.,633746,,5735
633230,Nattamur II Bit RF,633230,,5735
633719,Nedumanur .,633719,,5735
633667,Neivanai,633667,,5735
633707,Nonaiyavadi,633707,,5735
633689,Odaiyanandal,633689,,5735
633744,Odappankuppam,633744,,5735
633584,Oddanandal,633584,,5735
633699,Olaiyanur,633699,,5735
633666,Pachapalayam,633666,,5735
633687,Padur,633687,,5735
633661,Pa. Killanur,633661,,5735
633674,Palangunam,633674,,5735
633728,Pali,633728,,5735
633625,Pallaiyarpalaiyam,633625,,5735
633619,Pallavadi,633619,,5735
633684,Pandur,633684,,5735
633750,Pandur R.F.,633750,,5735
633718,Parameswari Mangalam,633718,,5735
633647,Paravandal,633647,,5735
633636,Parikkal,633636,,5735
633720,Parindal,633720,,5735
633617,Periyakurukkai,633617,,5735
633655,Periyapattu,633655,,5735
633635,Perumbakkam,633635,,5735
633660,Perumpattu,633660,,5735
633711,Pidagam,633711,,5735
632887,Pillaiyarkuppam,632887,,5735
633673,Pinnalavadi,633673,,5735
633623,Poondi,633623,,5735
633669,Pugaipatti,633669,,5735
633734,Pu. Killanur,633734,,5735
633682,Pu.Konalavadi,633682,,5735
633729,Pullur,633729,,5735
633708,Pumalaiyanur,633708,,5735
633736,Pu. Mambakkam,633736,,5735
633710,Puthamangalam,633710,,5735
633582,Puthanandal,633582,,5735
633578,Puvannur,633578,,5735
633616,Ragunathapuram,633616,,5735
633700,Ravutharayankuppam,633700,,5735
633714,Salapakkam,633714,,5735
633621,Seedevi,633621,,5735
633747,Seedevi R.F.,633747,,5735
633721,Seevamangalam,633721,,5735
633678,Sembattamalayanur,633678,,5735
633716,Sembimadevi,633716,,5735
633657,Semmanandal,633657,,5735
633686,Semmanangur,633686,,5735
633688,Sendamangalam,633688,,5735
633693,Sendanadu,633693,,5735
633696,Sengurichi,633696,,5735
633658,Senjikkuppam,633658,,5735
633672,Sikkadu,633672,,5735
633579,Sikkampattu,633579,,5735
633648,Sirulapattu,633648,,5735
633671,Sirunahalur,633671,,5735
633706,Sirupakkam,633706,,5735
633751,Sirupakkam R.F.,633751,,5735
633650,Sirupuliyur,633650,,5735
633645,Siruthannur,633645,,5735
633709,Siruvathur,633709,,5735
633652,Sivapattinam,633652,,5735
633651,Somasipalayam,633651,,5735
633713,Sundaravandi,633713,,5735
633630,Thenkunam,633630,,5735
633723,Thiruppayar,633723,,5735
633580,Thomal,633580,,5735
633613,Tirunarankonri,633613,,5735
633656,Tirunavalur,633656,,5735
633662,T.Orathur,633662,,5735
933000,உ.கீரனூர்,933000,,5735
933003,உளுந்தூர்,933003,,5735
633683,U.Nemili,633683,,5735
633665,U.Sellur,633665,,5735
633668,Vadakurumbur,633668,,5735
633577,Vadamambakkam,633577,,5735
633659,Vandipalayam,633659,,5735
633676,Vannagapadi,633676,,5735
633742,Vannampattu,633742,,5735
633675,Veeramangalam,633675,,5735
633705,Vellaiyur,633705,,5735
633612,Velur,633612,,5735
632851,Vijankuppam,632851,,5735
633691,Vijayankuppam,633691,,5735
932961,அச்சுக்கட்டு,932961,,5707
629639,Alapakkam,629639,,5707
629677,Alavandarmedu,629677,,5707
915496,அம்மன் குளம்,915496,,5707
932949,அஞ்சூா்,932949,,5707
932958,அரப்பனஞ்சேரி,932958,,5707
629611,Ariyambakkam,629611,,5707
629621,Ariyaperumbakkam,629621,,5707
629636,Athivakkam,629636,,5707
629613,Attuputhur,629613,,5707
915497,பாலாஜி நகர்,915497,,5707
932965,சின்னையங்குளம்,932965,,5707
915498,சித்தேரிமேடு காலனி,915498,,5707
915499,சித்தேரிமேடு கிராமம்,915499,,5707
629619,Chitterimedu,629619,,5707
629624,Damal,629624,,5707
933073,தாமல் ஆ,933073,,5707
933080,தாமல் இ,933080,,5707
629617,Enadur,629617,,5707
933164,ஏனாத்தூர் ஆ,933164,,5707
933015,ஏரிவாக்கம்,933015,,5707
629583,Govindavadi,629583,,5707
933153,கோவிந்தவாடி ஆ,933153,,5707
629614,Illuppapattu,629614,,5707
629604,Injambakkam,629604,,5707
629715,Iyangarkulam,629715,,5707
629661,Kaliyanur,629661,,5707
932973,கள்ளகம்பன்பட்டடை,932973,,5707
629718,Kamugampallam,629718,,5707
629575,Kanakambakkam,629575,,5707
933172,காஞ்சிபுரம் அ,933172,,5707
933175,காஞ்சிபுரம் ஆ,933175,,5707
629605,Karai,629605,,5707
933809,காரைப்பேட்டை,933809,,5707
915500,கரின்கேட்,915500,,5707
629630,Karuppadithattadai,629630,,5707
629658,Karur,629658,,5707
629628,Kilambi,629628,,5707
629625,Kilar,629625,,5707
629665,Kilkadirpoor,629665,,5707
629714,Kolivakkam,629714,,5707
933180,கோனேரிக்குப்பம் ஆ,933180,,5707
629740,Konerikuppam (CT),629740,,5707
933116,கூரம் ஆ,933116,,5707
933063,கோட்டைக்காவல்,933063,,5707
629587,Kottavakkam,629587,,5707
629600,Kuram,629600,,5707
629608,Kuthirambakkam,629608,,5707
629609,Madapuram,629609,,5707
629667,Mangalpadi,629667,,5707
629586,Maniyachi,629586,,5707
629655,Marutham,629655,,5707
629627,Melambi,629627,,5707
629598,Melbangaram,629598,,5707
629666,Melkadirpoor,629666,,5707
629669,Melottivakkam,629669,,5707
629668,Mettukuppam,629668,,5707
629581,Moolapattu,629581,,5707
932976,மும்மல்பட்டு,932976,,5707
629659,Murukkanthangal,629659,,5707
629670,Musaravakkam,629670,,5707
933120,முசரவாக்கம் ஆ,933120,,5707
629672,Muthavedu,629672,,5707
629623,Muttavakkam,629623,,5707
629663,Nallur,629663,,5707
629676,Narapakkam,629676,,5707
932983,நசரத்பேட்டை,932983,,5707
932980,நத்தப்பேட்டை,932980,,5707
629612,Neervalur,629612,,5707
629590,Nelvoy,629590,,5707
933133,நெட்டேரி,933133,,5707
629637,Nummappattu,629637,,5707
629660,Olaiyur,629660,,5707
629596,Olakkalpattu,629596,,5707
932985,ஓரிக்கை,932985,,5707
629582,Padunelli,629582,,5707
933006,பள்ளம்பாக்கம்,933006,,5707
629618,Pappankuzhi,629618,,5707
629588,Parandur,629588,,5707
933142,பரந்தூா் ஆ,933142,,5707
629601,Periyakarambur,629601,,5707
933013,பெரியதோட்டம்,933013,,5707
933812,பெரிய தோட்டம் - ஆ,933812,,5707
629671,Perumbakkam,629671,,5707
629673,Pitchavadi,629673,,5707
629591,Podavur,629591,,5707
629580,Pondavakkam,629580,,5707
629607,Poondithangal,629607,,5707
629595,Pudupakkam,629595,,5707
629574,Pullalur,629574,,5707
933138,புள்ளலூா் ஆ,933138,,5707
629579,Pullambakkam,629579,,5707
629716,Punjarasanthangal,629716,,5707
629577,Purisai,629577,,5707
629664,Putheri,629664,,5707
629585,Putheri,629585,,5707
933815,Putheri 26,933815,,5707
629675,Sadathangal,629675,,5707
933024,சாலபோகம்,933024,,5707
915501,சமத்துவபுரம்,915501,,5707
629606,Seeyati,629606,,5707
629633,Sekkankulam,629633,,5707
629616,Semanthangal,629616,,5707
629603,Sembarambakkam,629603,,5707
933019,செவிலிமேடு அ,933019,,5707
933022,செவிலிமேடு ஆ,933022,,5707
629634,Singadivakkam,629634,,5707
629741,Sirukaveripakkam (CT),629741,,5707
629622,Sirunaiperugal,629622,,5707
629593,Siruvakkam,629593,,5707
629592,Siruvallur,629592,,5707
629635,Siruvedal,629635,,5707
933158,சித்தேரிமேடு,933158,,5707
629632,Sittiyambakkam,629632,,5707
629640,Suramenikuppam,629640,,5707
629597,Thaipakkam,629597,,5707
629589,Thandalam,629589,,5707
629576,Thandalam,629576,,5707
933031,தாட்டித்தோப்பு,933031,,5707
933027,தேனாம்பாக்கம்,933027,,5707
629629,Thimmasamudram,629629,,5707
915505,திம்மசமுத்திரம்,915505,,5707
915506,திம்மசமுத்திரம் காலனி,915506,,5707
629638,Thirumalpattu,629638,,5707
915502,திருப்பதி நகர்,915502,,5707
629626,Thiruppukuzhi,629626,,5707
933034,திருவீதிபள்ளம்,933034,,5707
629610,Thodur,629610,,5707
629620,Thulukkanthandalam,629620,,5707
629631,Tirumalpadithangal,629631,,5707
933817,உப்புக்குளம்,933817,,5707
629584,Uveri,629584,,5707
629662,Vaiyavur,629662,,5707
629717,Valathottam,629717,,5707
629578,Valathur,629578,,5707
933148,வளத்தூா் ஆ,933148,,5707
629599,Vathiyur,629599,,5707
629615,Vedal,629615,,5707
933036,வீராம்பாடி,933036,,5707
933057,வேளிங்கப்பட்டரை,933057,,5707
629594,Veliyur,629594,,5707
629678,Vippedu,629678,,5707
629602,Vishakandikuppam,629602,,5707
629674,Vishar,629674,,5707
933819,விஷ்ணுகாஞ்சி - அ,933819,,5707
933823,விஷ்ணுகாஞ்சி - ஆ,933823,,5707
915503,வெள்ளை கேட் வடக்கு,915503,,5707
915504,வெள்ளை கேட் தெற்கு,915504,,5707
932789,ஆதனஞ்சேரி,932789,,7057
629315,Adhanur,629315,,7057
629227,Amarambedu,629227,,7057
629313,Ammanumbakkam,629313,,7057
629345,Ayyappanthangal (CT),629345,,7057
933242,சின்னபணிச்சேரி,933242,,7057
629333,Erivakkam,629333,,7057
629246,Erumaiyur,629246,,7057
629338,Erumaiyur R.F.,629338,,7057
629323,Ezhichur,629323,,7057
629351,Gerugambakkam (CT),629351,,7057
629362,Irandankattalai (OG),629362,,7057
629329,Kanchivakkam,629329,,7057
629308,Karanaithangal,629308,,7057
629285,Karasangal,629285,,7057
629250,Karunakaracheri,629250,,7057
629336,Kattupakkam,629336,,7057
629291,Kavalkazhani,629291,,7057
629335,Kavanur,629335,,7057
933259,காவனூர் 64,933259,,7057
629343,Kavanur (RF),629343,,7057
629334,Keelakalani,629334,,7057
629290,Kodangacheri,629290,,7057
629359,Kolapakkam (OG),629359,,7057
629223,Kollacheri,629223,,7057
933240,கொளுத்துவாஞ்சேரி,933240,,7057
629314,Korukkanthangal,629314,,7057
629350,Kovur (CT),629350,,7057
629201,Kozhumanivakkam,629201,,7057
933225,குன்றத்தூர் அ,933225,,7057
933226,குன்றத்தூர் ஆ,933226,,7057
932793,குத்தனூா்,932793,,7057
629356,Madambakkam (CT),629356,,7057
629282,Malaipattu,629282,,7057
629202,Malayambakkam,629202,,7057
933224,மணஞ்சேரி,933224,,7057
933230,மாங்காடு அ,933230,,7057
933235,மாங்காடு ஆ,933235,,7057
629283,Manimangalam,629283,,7057
932622,மணிமங்கலம் ஆ,932622,,7057
629358,Mowlivakkam (OG),629358,,7057
933229,மூன்றாம் கட்டளை,933229,,7057
629247,Naduveerapattu,629247,,7057
629226,Nallur,629226,,7057
629337,Nallur R.F.,629337,,7057
629224,Nandambakkam,629224,,7057
629289,Nariyambakkam,629289,,7057
629330,Nattarasampattu,629330,,7057
629252,Navalur,629252,,7057
629316,Neelamangalam,629316,,7057
629320,Oragadam,629320,,7057
629565,Oragadam RF,629565,,7057
629317,Orathur,629317,,7057
629355,Padappai (CT),629355,,7057
629326,Padervadi,629326,,7057
629322,Panaiyyur,629322,,7057
629306,Panapakkam,629306,,7057
629347,Paraniputhur (CT),629347,,7057
629244,Pazhanthandalam,629244,,7057
629357,Periyapanicheri (OG),629357,,7057
629324,Poondi,629324,,7057
629243,Poonthandalam,629243,,7057
629248,Puducheri,629248,,7057
629288,Salamangalam,629288,,7057
629321,Sennakuppam,629321,,7057
629307,Serapanacheri,629307,,7057
629249,Sethupattu,629249,,7057
629349,Sikkarayapuram (CT),629349,,7057
629353,Sirukalathur (CT),629353,,7057
629287,Sirumathur,629287,,7057
629331,Siruvanjur,629331,,7057
629342,Siruvanjur(RF),629342,,7057
629242,Somangalam,629242,,7057
932712,சோமங்கலம் ஆ,932712,,7057
933236,சீனிவாசபுரம்,933236,,7057
629220,Thandalam,629220,,7057
629360,Thandalam (OG),629360,,7057
629361,Tharapakkam (OG),629361,,7057
933238,தெள்ளியாரகரம்,933238,,7057
629245,Thirumudivakkam,629245,,7057
933221,திருநாகேஸ்வரம்,933221,,7057
629309,Thiruvembutheri,629309,,7057
629286,Thundalkalani,629286,,7057
629328,Umayalparamancheri,629328,,7057
629325,Vadakkupattu,629325,,7057
629341,Vadakkupattu (RF),629341,,7057
629332,Vadamelpakkam,629332,,7057
932717,வடக்குப்பட்டு ஆ,932717,,7057
629293,Vaipoor,629293,,7057
932744,வைப்பூா் ஆ,932744,,7057
629327,Valayakaranai,629327,,7057
629284,Varadharajapuram,629284,,7057
629319,Vattambakkam,629319,,7057
629340,Vattambakkam (RF),629340,,7057
629311,Vellerithangal,629311,,7057
629310,Venjuvancheri,629310,,7057
933222,வெங்கடாபுரம்,933222,,7057
629234,Akkamapuram,629234,,5702
629279,Alagoor,629279,,5702
629312,Arambakkam,629312,,5702
629273,Araneri,629273,,5702
629217,Ayakolathur,629217,,5702
629296,Boodhanur,629296,,5702
629297,Echoor,629297,,5702
932592,எச்சூா் ஆ,932592,,5702
629233,Edayarpakkam,629233,,5702
629235,Ekanapuram,629235,,5702
629215,Elimiyankottur,629215,,5702
629231,Ettikuthimedu,629231,,5702
629232,Gunagarambakkam,629232,,5702
629277,Gunduperumbedu,629277,,5702
629241,Irumbedu,629241,,5702
629219,Irungattukottai,629219,,5702
932603,இருங்காட்டுக்கோட்டை ஆ,932603,,5702
629256,Irungulam,629256,,5702
629302,Jambodai,629302,,5702
629254,Kaduvancheri,629254,,5702
629206,Kandamangalam,629206,,5702
629212,Kandivakkam,629212,,5702
629260,Kandur,629260,,5702
629237,Kannanthangal,629237,,5702
629213,Kappankottur,629213,,5702
629221,Katrambakkam,629221,,5702
629344,Kattankolathur (RF),629344,,5702
932608,காட்ரம்பாக்கம் ஆ,932608,,5702
629268,Keeranallur,629268,,5702
629216,Kiloy,629216,,5702
629263,Kodamanallur,629263,,5702
629251,Kolathur,629251,,5702
629200,Kondavakkam,629200,,5702
629265,Koothavakkam,629265,,5702
629214,Kottur,629214,,5702
629298,Kunnam,629298,,5702
932617,மதுரமங்கலம் ஆ,932617,,5702
629261,Maduramangalam,629261,,5702
629236,Mahadevimangalam,629236,,5702
629280,Mahanyam,629280,,5702
629339,Mahanyam (RF),629339,,5702
629257,Mambakkam,629257,,5702
629205,Mannur,629205,,5702
629305,Mathur,629305,,5702
629264,Melmaduramangalam,629264,,5702
629295,Mettupalayam,629295,,5702
629346,Mevalurkuppam (CT),629346,,5702
629203,Mevalurkuppam (Part),629203,,5702
629354,Molachur (CT),629354,,5702
629278,Nallamperumbedu,629278,,5702
629270,Nandimedu,629270,,5702
629318,Navalur,629318,,5702
629218,Nemili,629218,,5702
932626,நெமிலி ஆ,932626,,5702
629253,Oddankaranai,629253,,5702
629209,O.M.Mangalam,629209,,5702
629230,Padicheri,629230,,5702
629304,Panrutti,629304,,5702
932631,பண்ருட்டி ஆ,932631,,5702
629299,Pappankuli,629299,,5702
629228,Pennalur,629228,,5702
629292,Perinjambakkam,629292,,5702
629210,Pichivakkam,629210,,5702
629239,Pillaipakkam,629239,,5702
932635,பிள்ளைப்பாக்கம் ஆ,932635,,5702
629269,Podavur,629269,,5702
629255,Pondur,629255,,5702
932638,போந்தூா் ஆ,932638,,5702
932702,போந்தூா் இ,932702,,5702
629225,Puduppair,629225,,5702
629267,Ramanujapuram,629267,,5702
932704,சந்தவேலூா் ஆ,932704,,5702
932708,சந்தவேலூா் இ,932708,,5702
629271,Santhavelur,629271,,5702
629303,Selvazhimangalam,629303,,5702
629300,Sendamangalam,629300,,5702
629207,Sengadu,629207,,5702
629262,Singilipadi,629262,,5702
629275,Sirukalathur,629275,,5702
629229,Sirukiloy,629229,,5702
629272,Sirumangadu,629272,,5702
629266,Sivankoodal,629266,,5702
629208,Sivapuram,629208,,5702
629259,Sogandi,629259,,5702
932771,திருப்பெரும்புதூா் அ,932771,,5702
932774,திருப்பெரும்புதூா் ஆ,932774,,5702
932784,திருப்பெரும்புதூா் இ,932784,,5702
629222,Tharavur,629222,,5702
629258,Thirumangalam,629258,,5702
629211,Thulasapuram,629211,,5702
932723,வடகால் ஆ,932723,,5702
932739,வடகால் இ,932739,,5702
629238,Vadamangalam,629238,,5702
629274,Vadekkal,629274,,5702
629204,Valarpuram,629204,,5702
629276,Valathancheri,629276,,5702
629294,Vallam,629294,,5702
932751,வல்லம் ஆ,932751,,5702
629281,Vellarai,629281,,5702
629240,Vengadu,629240,,5702
629301,Vittavidagai,629301,,5702
629756,Adavapakkam,629756,,5708
629826,Agaramduli,629826,,5708
629854,Alanjeri,629854,,5708
629848,Alapakkam,629848,,5708
629781,Alisoor,629781,,5708
629794,Ammaiyappanallur,629794,,5708
629802,Anambakkam,629802,,5708
629778,Andithangal,629778,,5708
629847,Annadhur,629847,,5708
629823,Arasanimangalam,629823,,5708
629768,Arumbuliyur,629768,,5708
629827,Athyurmelduli,629827,,5708
629817,Chinnalambadi,629817,,5708
629770,Chitalapakkam,629770,,5708
629815,Edamichi,629815,,5708
629851,Edayambudur,629851,,5708
629784,Elanagar,629784,,5708
629857,Elapakkam,629857,,5708
629843,Gindangarai,629843,,5708
629825,Guruvadi,629825,,5708
629748,Hanumanthandalam,629748,,5708
629757,Irumaram,629757,,5708
629821,Kadalmangalam,629821,,5708
629852,Kaithandalam,629852,,5708
629782,Kaliyampoondi,629782,,5708
629807,Kaliyapettai,629807,,5708
629829,Kammalampoondi,629829,,5708
629755,Kannikulam,629755,,5708
629790,Karanai,629790,,5708
629832,Kariamangalam,629832,,5708
629805,Karumbakkam,629805,,5708
629753,Karuveppampoondi,629753,,5708
629800,Kattankulam,629800,,5708
629834,Kattiampandal,629834,,5708
629859,Kattuputhur,629859,,5708
629759,Kavampair,629759,,5708
629804,Kavanipakkam,629804,,5708
629828,Kavanurpuducheri,629828,,5708
629809,Kavithandalam,629809,,5708
629860,Kilakkadi,629860,,5708
629818,Kunnavakkam,629818,,5708
629767,Kurumanjeri,629767,,5708
629841,Kurumbarai,629841,,5708
629772,Malayankulam,629772,,5708
932403,மல்லியங்கரணை அ,932403,,5708
932408,மல்லியங்கரணை ஆ,932408,,5708
629812,Mambakkam,629812,,5708
629840,Mambudur,629840,,5708
629785,Manampathy,629785,,5708
629797,Marudham,629797,,5708
629796,Maruthuvambadi,629796,,5708
629749,Melpakkam,629749,,5708
629822,Menalur,629822,,5708
629811,Mulaginimeni,629811,,5708
629779,Murukkeri,629779,,5708
629792,Nadupattu,629792,,5708
629833,Nanjeepuram,629833,,5708
629773,Nariambakkam,629773,,5708
629798,Nariyambudur,629798,,5708
932415,நீரடி,932415,,5708
629803,Neerkundram,629803,,5708
629836,Nelveli,629836,,5708
629816,Nerkundram,629816,,5708
629760,Neyyadivakkam,629760,,5708
629824,Oddanthangal,629824,,5708
932434,ஓங்கூா்,932434,,5708
629808,Orakkattupettai,629808,,5708
629858,Ozhaiyur,629858,,5708
629752,Ozhugarai,629752,,5708
629801,Padoor,629801,,5708
629839,Paleswaram,629839,,5708
629819,Pandavakkam,629819,,5708
629764,Pazhaveri,629764,,5708
629793,Pennalur,629793,,5708
629813,Peranakkavur,629813,,5708
629835,Perumgozhi,629835,,5708
629747,Perunagar,629747,,5708
932438,பெருநகா் ஆ,932438,,5708
629765,Pinayur,629765,,5708
629795,Poonthandalam,629795,,5708
629814,Porpandal,629814,,5708
629850,Pulipakkam,629850,,5708
629776,Pulivoy,629776,,5708
629830,Puliyur,629830,,5708
629762,Pullampakkam,629762,,5708
629786,Punganandal,629786,,5708
629775,Puthali,629775,,5708
629783,Ravathanallur,629783,,5708
629856,Rettamangalam,629856,,5708
629838,Sadachivakkam,629838,,5708
629849,Salavakkam,629849,,5708
629806,Sathananjeri,629806,,5708
629766,Seethananjeri,629766,,5708
629842,Seethapuram,629842,,5708
629758,Sembulam,629758,,5708
629789,Serpakkam,629789,,5708
629746,Sethupattu,629746,,5708
629750,Silambakkam,629750,,5708
629769,Sirudamur,629769,,5708
629774,Sirukalathur,629774,,5708
629771,Sirumailur,629771,,5708
629861,Sirupinayur,629861,,5708
629844,Sithanakavoor,629844,,5708
629831,Thalavarampoondi,629831,,5708
629845,Thandarai,629845,,5708
629788,Thandarai,629788,,5708
629780,Thinayampoondi,629780,,5708
629763,Thirumukkudal,629763,,5708
629810,Thiruvanaikoil,629810,,5708
629837,Thottanaval,629837,,5708
629777,Thriupulivanam,629777,,5708
932364,உத்தரமேருா்,932364,,5708
932380,உத்தரமேருா் ஆ,932380,,5708
629820,Vadathavoor,629820,,5708
629855,Valathodu,629855,,5708
629761,Vayalakkavoor,629761,,5708
629791,Vayalur,629791,,5708
932387,வேடபாளையம்,932387,,5708
629799,Vendivakkam,629799,,5708
629754,Vengacheri,629754,,5708
629751,Vengaram,629751,,5708
629846,Vichoor,629846,,5708
629853,Vinnamangalam,629853,,5708
629787,Visoor,629787,,5708
629646,Agaram,629646,,6626
629686,Alavur,629686,,6626
629691,Ambakkam,629691,,6626
629724,Angambakkam,629724,,6626
629732,Arpakkam,629732,,6626
629722,Asoor,629722,,6626
629683,Athipattu,629683,,6626
629723,Avalur,629723,,6626
629641,Ayimicheri,629641,,6626
629743,Ayyampettai (CT),629743,,6626
629704,Bavasahibpettai,629704,,6626
629690,Chinnamadurapakkam,629690,,6626
629739,Chithaathur,629739,,6626
629694,Devariyambakkam,629694,,6626
629706,Ekanampettai,629706,,6626
629738,Elayanarvelur,629738,,6626
629710,Erivoy,629710,,6626
629730,Kalakattur,629730,,6626
629657,Kallipattu,629657,,6626
629721,Kalur,629721,,6626
932724,காலூா் ஆ,932724,,6626
629737,Kambarajapuram,629737,,6626
629682,Kattavakkam,629682,,6626
629734,Kavanthandalam,629734,,6626
629701,Kilottivakkam,629701,,6626
629736,Kilputhur,629736,,6626
629727,Kolathur,629727,,6626
629693,Kosapattu,629693,,6626
629642,Kovalavedu,629642,,6626
629709,Koyambakkam,629709,,6626
629645,Kunnavakkam,629645,,6626
629719,Kuruvimalai,629719,,6626
629649,Madavilagam,629649,,6626
629733,Magaral,629733,,6626
932728,மாகரல் ஆ,932728,,6626
629647,Manjamedu,629647,,6626
629726,Melputhur,629726,,6626
629712,Muthialpettai,629712,,6626
629652,Naickenkuppam,629652,,6626
629707,Naickenpettai,629707,,6626
629698,Nathanallur,629698,,6626
629643,Navettikulam,629643,,6626
629735,Nelveli,629735,,6626
933771,Neykuppam,933771,,6626
629651,Oddanthangal,629651,,6626
629713,Padappam,629713,,6626
629697,Palayaseevaram,629697,,6626
932748,பழையசீவரம் ஆ,932748,,6626
629689,Periamadurapakkam,629689,,6626
629728,Perumanallur,629728,,6626
629680,Poosivakkam,629680,,6626
629699,Puliyambakkam,629699,,6626
629656,Puthagaram,629656,,6626
629702,Seeyamangalam,629702,,6626
629653,Sinnivakkam,629653,,6626
629650,Sirupagal,629650,,6626
629731,Thalaiyillillaperumbakkam,629731,,6626
629685,Thalayampattu,629685,,6626
629725,Thammanur,629725,,6626
629705,Thangi,629705,,6626
629648,Thenneri,629648,,6626
932710,தென்னேரி,932710,,6626
629711,Thimmaiyanpettai,629711,,6626
629703,Thimmarajampettai,629703,,6626
629644,Thiruvenkaranai,629644,,6626
629692,Thollazhi,629692,,6626
629695,Thonankulam,629695,,6626
629696,Ullavur,629696,,6626
629681,Uthukadu,629681,,6626
932757,ஊத்துக்காடு ஆ,932757,,6626
629654,Vadaveripattu,629654,,6626
932718,வல்லப்பாக்கம்,932718,,6626
629679,Valluvapakkam,629679,,6626
629687,Varanavasi,629687,,6626
629729,Vedal,629729,,6626
629688,Vembakkam,629688,,6626
629700,Vengudi,629700,,6626
629684,Vilagam,629684,,6626
629708,Villivalam,629708,,6626
629720,Vitchanthangal,629720,,6626
932714,வாலாஜாபாத்,932714,,6626
643182,Agasteeswaram,643182,,5884
932070,அஞ்சுகிராமம்,932070,,5884
643183,Azhagappapuram,643183,,5884
643189,Dharamapuram (CT),643189,,5884
931948,தர்மபுரம் கிழக்கு,931948,,5884
931936,தர்மபுரம் வடக்கு,931936,,5884
643177,Dharmapuram (Part),643177,,5884
931949,தர்மபுரம் தெற்கு,931949,,5884
643171,Eraviputhoor,643171,,5884
932050,கணியாகுளம்,932050,,5884
643184,Kanniyakumari,643184,,5884
932072,கொட்டாரம் கிழக்கு,932072,,5884
932075,கொட்டாரம் மேற்கு,932075,,5884
932114,கோவளம்,932114,,5884
643170,Kulasekarapuram,643170,,5884
913843,Leepuram,913843,,5884
932078,மதுசூதனபுரம் வடக்கு,932078,,5884
643178,Madhusoodhanapuram (Part),643178,,5884
932083,மதுசூதனபுரம் தெற்கு,932083,,5884
643191,Manakudi (CT),643191,,5884
643169,Marangoor,643169,,5884
931956,மைலாடி,931956,,5884
643167,Nagercoil,643167,,5884
932043,நாகர்கோவில் வடக்கு நகரம்,932043,,5884
932047,நாகர்கோவில் தெற்கு நகரம்,932047,,5884
931959,நல்லூர்,931959,,5884
643174,Neendakara-A (Part),643174,,5884
643176,Neendakara -B,643176,,5884
932063,நீண்டகரை  அ கிழக்கு   நகரம்,932063,,5884
932059,நீண்டகரை  அ மேற்கு,932059,,5884
932066,நீண்டகரை ஆ,932066,,5884
932116,வடக்கு தாமரைக்குளம்,932116,,5884
643190,Pallanthurai (CT),643190,,5884
643180,Parakkai,643180,,5884
932028,புத்தளம்,932028,,5884
932052,புத்தேரி,932052,,5884
643186,Putheri (CT),643186,,5884
932068,இராஜாக்கமங்கலம்,932068,,5884
931963,ராமபுரம்,931963,,5884
932117,தெற்கு தாமரைக்குளம்,932117,,5884
643172,Suchindrum,643172,,5884
643181,Thamaraikulam (Part),643181,,5884
643185,Thekkumalai RF.(West and East),643185,,5884
932026,தெங்கம்புதூர்,932026,,5884
643179,Thengamputhoor (Part),643179,,5884
932038,தேரேகால்புதூர்,932038,,5884
643168,Theroor,643168,,5884
932054,வடசேரி கிழக்கு நகரம்,932054,,5884
643166,Vadasery (Part),643166,,5884
932057,வடசேரி தெற்கு நகரம்,932057,,5884
932055,வடசேரி மேற்கு  நகரம்,932055,,5884
932032,வடசேரி கிழக்கு நகரம்,932032,,5884
932040,நாகர்கோவில் வடக்கு நகரம்,932040,,5884
932042,வடிவீஸ்வரம் தெற்கு நகரம்,932042,,5884
932091,வேம்பனூர்  கிழக்கு,932091,,5884
932086,வேம்பனூர்  மேற்கு,932086,,5884
643175,Vempanoor,643175,,5884
932211,ஆத்திவிளை,932211,,5882
932203,ஆளூர் அ,932203,,5882
932207,ஆளூர் ஆ,932207,,5882
643144,Athivilai (CT),643144,,5882
932176,சடையமங்கலம்,932176,,5882
932259,செம்பொன்விளை,932259,,5882
643132,Colachel,643132,,5882
932248,குளச்சல் அ,932248,,5882
932250,குளச்சல் ஆ,932250,,5882
932209,இரணியல்,932209,,5882
643135,Kadiapattinam,643135,,5882
932220,கக்கோட்டுதலை,932220,,5882
643131,Kalkulam,643131,,5882
932322,கல்லுக்கூட்டம்,932322,,5882
932148,கப்பியறை அ,932148,,5882
932149,கப்பியறை ஆ,932149,,5882
643145,Kattimancode (CT),643145,,5882
932179,கோதநல்லூர்,932179,,5882
932182,குமாரபுரம்,932182,,5882
932310,குருந்தன்கோடு அ,932310,,5882
932313,குருந்தன்கோடு ஆ,932313,,5882
643134,Kurunthencode (Part),643134,,5882
932317,லெட்சுமிபுரம்,932317,,5882
932235,மணவாளக்குறிச்சி,932235,,5882
932158,மருதூர்குறிச்சி,932158,,5882
932240,மண்டைக்காடு,932240,,5882
932266,முளகுமூடு,932266,,5882
932169,முத்தலகுறிச்சி,932169,,5882
932319,நெய்யூர்,932319,,5882
932212,நுள்ளிவிளை அ,932212,,5882
932214,நுள்ளிவிளை  ஆ,932214,,5882
643143,Nullivilai (CT),643143,,5882
932166,பத்மநாபபுரம் அ,932166,,5882
932171,பத்மநாபபுரம் ஆ,932171,,5882
932257,ரீத்தாபுரம்,932257,,5882
932251,சைமன்காலனி,932251,,5882
643130,Thackalai,643130,,5882
643133,Thalakkulam,643133,,5882
932269,திக்கணங்கோடு,932269,,5882
643142,Thikkanamcode (CT),643142,,5882
932216,திங்கள்நகர்,932216,,5882
932263,திருவிதாங்கோடு,932263,,5882
643129,Valvachagostam,643129,,5882
932150,வாழ்வச்சகோஷ்டம் அ,932150,,5882
932155,வாழ்வச்சகோஷ்டம் ஆ,932155,,5882
932282,வேளிமலை,932282,,5882
932222,வெள்ளிசந்தை அ,932222,,5882
932225,வெள்ளிசந்தை ஆ,932225,,5882
932232,வெள்ளிமலை,932232,,5882
932301,வில்லுக்குறி அ,932301,,5882
932303,வில்லுக்குறி ஆ,932303,,5882
932307,வில்லுக்குறி   இ,932307,,5882
932397,அடைக்காகுழி,932397,,6673
643109,Adaikkakuzhi (CT),643109,,6673
932393,ஆறுதேசம்,932393,,6673
643097,Arudesam (Part),643097,,6673
932523,அதங்கோடு,932523,,6673
932374,சூழால்,932374,,6673
643112,Choozhal (CT),643112,,6673
932502,இனயம்புத்தன்துறை,932502,,6673
643096,Ezhudesam,643096,,6673
932378,ஏழுதேசம் அ,932378,,6673
932381,ஏழுதேசம் அ,932381,,6673
932385,ஏழுதேசம்  இ,932385,,6673
932497,கருங்கல்,932497,,6673
643098,Keezhkulam,643098,,6673
932501,கீழ்குளம்   அ,932501,,6673
932505,கீழ்குளம்    ஆ,932505,,6673
932486,கீழ்மிடாலம்   அ,932486,,6673
932489,கீழ்மிடாலம்  ஆ,932489,,6673
932507,கிள்ளியூர்  அ,932507,,6673
932508,கிள்ளியூர்   ஆ,932508,,6673
932368,கொல்லங்கோடு அ,932368,,6673
932373,கொல்லங்கோடு ஆ,932373,,6673
643108,Kulappuram (CT),643108,,6673
932521,குளப்புரம்,932521,,6673
643115,Mancad (CT),643115,,6673
932498,மத்திகோடு,932498,,6673
643121,Mathicode (CT),643121,,6673
932396,மெதுகும்மல்,932396,,6673
643110,Methukummal (CT),643110,,6673
932490,மிடாலம்    அ,932490,,6673
932493,மிடாலம்     ஆ,932493,,6673
643120,Midalam (CT),643120,,6673
932543,முள்ளங்கினாவிளை,932543,,6673
932394,முஞ்சிறை,932394,,6673
643113,Nadaikavu (CT),643113,,6673
932386,பைங்குளம்,932386,,6673
643118,Painkulam (CT),643118,,6673
932542,பாலூர்,932542,,6673
643119,Paloor (CT),643119,,6673
643099,Paloor (Part),643099,,6673
932390,தேங்காய்பட்டணம்,932390,,6673
643114,Vavarai (CT),643114,,6673
932186,அருவிக்கரை,932186,,6672
643123,Aruvikkarai (Part),643123,,6672
932159,ஆற்றூர்,932159,,6672
643127,Attoor (Part),643127,,6672
932187,அயக்கோடு,932187,,6672
643139,Ayacode (CT),643139,,6672
932162,செறுகோல்,932162,,6672
932279,கண்ணனூர்,932279,,6672
643141,Kannanoor (CT),643141,,6672
643140,Kattathurai (CT),643140,,6672
643100,Kilamalai R.F.,643100,,6672
932191,குலசேகரம் அ,932191,,6672
932193,குலசேகரம் ஆ,932193,,6672
932184,குமரன்குடி,932184,,6672
643126,Mecode,643126,,6672
932194,பேச்சிப்பாறை,932194,,6672
932295,பெருஞ்சாணி,932295,,6672
643125,Ponmanai,643125,,6672
932198,பொன்மனை அ,932198,,6672
932201,பொன்மனை ஆ,932201,,6672
643124,Surulacode,643124,,6672
643122,Thirpparappu,643122,,6672
932190,திருவட்டார்,932190,,6672
932288,தும்பகோடு அ,932288,,6672
932290,தும்பகோடு ஆ,932290,,6672
643137,Veerapuli Extn. (Old Kulasekarapuram),643137,,6672
643136,Veerapuli R.F.,643136,,6672
932273,வீயன்னூர் அ,932273,,6672
932275,வீயன்னூர் ஆ,932275,,6672
643128,Veeyanoor (Part),643128,,6672
643138,Velimalai Forest,643138,,6672
932163,ஏற்றக்கோடு,932163,,6672
643146,Ananthapuram,643146,,5883
932135,ஆரல்வாய்மொழி வடக்கு,932135,,5883
932136,ஆரல்வாய்மொழி தெற்கு,932136,,5883
643149,Arumanalloor (Part),643149,,5883
932118,அருமநல்லூர்,932118,,5883
643157,Asambu R.F.,643157,,5883
643147,Azhagiapandipuram,643147,,5883
932124,பூதப்பாண்டி,932124,,5883
932130,செண்பகராமன்புதூர்,932130,,5883
643165,Chenbagaramanputhur (CT),643165,,5883
643154,Chenbagaramanputhur (Part),643154,,5883
643150,Chiramadam,643150,,5883
643148,Derisanamcope,643148,,5883
643152,Erachakulam,643152,,5883
643151,Esanthimangalam,643151,,5883
932126,ஈசாந்திமங்கலம் வடக்கு,932126,,5883
932128,ஈசாந்திமங்கலம் தெற்கு,932128,,5883
932120,ஞாலம்,932120,,5883
932121,காட்டுப்புதூர்,932121,,5883
932137,குமாரபுரம்,932137,,5883
932132,மாதவலாயம்,932132,,5883
643158,Mahendragiri R.F.,643158,,5883
913842,Navalkadu,913842,,5883
643159,Poigaimalai R.F.,643159,,5883
932133,சண்முகபுரம்,932133,,5883
643160,Thadagamalai R.F.,643160,,5883
932119,தடிக்காரன்கோணம்,932119,,5883
643164,Thadikarankonam (CT),643164,,5883
932129,தாழக்குடி,932129,,5883
643163,Thekkumalai East,643163,,5883
643162,Thekkumalai West,643162,,5883
932123,திடல்,932123,,5883
643153,Thirupathisaram,643153,,5883
643155,Thovala,643155,,5883
932134,வீரமார்தாண்டன்புதூர்,932134,,5883
643156,Veerapuli R.F.,643156,,5883
643161,Velimalai R.F.,643161,,5883
932525,அண்டுக்கோடு    அ,932525,,5881
932527,அண்டுக்கோடு  ஆ,932527,,5881
932473,அருமனை,932473,,5881
932535,சிதறால்,932535,,5881
932427,தேவிக்கோடு,932427,,5881
643094,Edaicode,643094,,5881
932484,கடையால்,932484,,5881
932414,களியக்காவிளை,932414,,5881
932481,களியல்,932481,,5881
932517,கொல்லஞ்சி,932517,,5881
932399,குன்னத்தூர்,932399,,5881
932419,குழித்துறை நகரம்,932419,,5881
932425,மலையடி,932425,,5881
643104,Malayadi (CT),643104,,5881
932537,மாங்கோடு,932537,,5881
643093,Mancode (Part),643093,,5881
932477,மஞ்சாலுமூடு,932477,,5881
643102,Manjalumoodu (CT),643102,,5881
932407,மருந்தங்கோடு,932407,,5881
643106,Maruthancode (CT),643106,,5881
932533,முழுக்கோடு,932533,,5881
643103,Muzhucode (CT),643103,,5881
932402,நல்லூர்,932402,,5881
932510,நட்டாலம்   அ,932510,,5881
932514,நட்டாலம்   ஆ,932514,,5881
643117,Nattalam (CT),643117,,5881
643095,Nattalam (Part),643095,,5881
932405,பாகோடு  அ,932405,,5881
932410,பாகோடு  ஆ,932410,,5881
932423,பளுகல்,932423,,5881
932538,புலியூர்சாலை,932538,,5881
643101,Puliyoorsalai (CT),643101,,5881
932512,உண்ணாமலைக்கடை,932512,,5881
643105,Vanniyoor (CT),643105,,5881
932530,வெள்ளாம்கோடு,932530,,5881
643107,Vellamcode (CT),643107,,5881
932400,விளாத்துறை,932400,,5881
643116,Vilathurai (CT),643116,,5881
932411,விளவங்கோடு,932411,,5881
643111,Vilavancode (CT),643111,,5881
635544,Alamarathupatti,635544,,5768
635546,Ammapatti,635546,,5768
635541,Anjagoundanpatti,635541,,5768
931861,அரவக்குறிச்சி,931861,,5768
635517,Ariyur,635517,,5768
635520,Chinnadarapuram,635520,,5768
635521,Elavanur,635521,,5768
635542,Esanatham,635542,,5768
635543,Eurumarpatti,635543,,5768
635508,கூடலூர் கீழ் பாகம் துண்டு I,635508,,5768
931864,கூடலூர் கீழ் பாகம் துண்டு II,931864,,5768
635507,Gudalur (West),635507,,5768
635535,Inanganur,635535,,5768
635525,Kalakurichi Nanjai,635525,,5768
635524,Kalakurichi Punjai,635524,,5768
635527,Kodaiyur,635527,,5768
635505,Kodanthur(north),635505,,5768
635506,Kodanthur(south),635506,,5768
635534,Modakkur(East),635534,,5768
635533,Modakkur(West),635533,,5768
635510,Nadanthai (North),635510,,5768
635509,Nadanthai (south),635509,,5768
635526,Nagamballi,635526,,5768
635539,Pallapatti,635539,,5768
635516,P.Anaipalayam,635516,,5768
635545,Periyamanjuvali,635545,,5768
635530,Pungambadi(East),635530,,5768
635531,Pungambadi(West),635531,,5768
635523,Rajapuram,635523,,5768
635532,Santhapadi,635532,,5768
635538,Sendamangalam(East),635538,,5768
635536,Sendamangalam(West),635536,,5768
635518,Soodamani,635518,,5768
635519,Tenilai venkitapuram,635519,,5768
635540,Thethupatti,635540,,5768
635522,Thokkupatti,635522,,5768
635515,Thumbivadi,635515,,5768
635537,Velambadi,635537,,5768
635528,Venjamangudalur(East),635528,,5768
635529,Venjamangudalur(West),635529,,5768
635657,Adhanur,635657,,5772
635659,தே.இடையப்பட்டி கீழ்பாகம்,635659,,5772
931935,தே.இடையப்பட்டி மேல்பாகம்,931935,,5772
635656,Devarmalai,635656,,5772
635655,Kalayapatti,635655,,5772
635663,Keelappaguthi,635663,,5772
635651,Keeranur,635651,,5772
635643,Kosur,635643,,5772
635648,Manjanaickenpatti,635648,,5772
635644,Mathagiri,635644,,5772
635662,Mavathur,635662,,5772
635654,Melappaguthi,635654,,5772
635661,Mullippadi,635661,,5772
635660,Palaviduthi,635660,,5772
635649,Pannapatti,635649,,5772
635646,Pappayambadi,635646,,5772
635658,Sembianatham,635658,,5772
635652,Thennilai,635652,,5772
635645,Thondamanginam,635645,,5772
635647,Vadavambadi,635647,,5772
635664,Valvarmangalam,635664,,5772
635653,Varavanai,635653,,5772
635650,Vellapatti,635650,,5772
931869,ஆச்சிமங்கலம்,931869,,5769
931872,பாலாம்பாள்புரம்,931872,,5769
635566,Emur,635566,,5769
635575,Jegadabi,635575,,5769
635573,Kakkavadi,635573,,5769
931879,கரூர்,931879,,5769
635579,K.Pichampatti,635579,,5769
931882,லட்சுமி நாராயண சமுத்திரம்,931882,,5769
635574,Manavadi,635574,,5769
635565,Melapalayam,635565,,5769
635577,Mookanankurichi,635577,,5769
635578,Paganatham,635578,,5769
931884,புலியூர்,931884,,5769
635572,Puthambur,635572,,5769
931886,சணப்பிரட்டி,931886,,5769
931887,தாந்தோணி,931887,,5769
635567,Thirumanilaiyur,635567,,5769
931892,தோரணக்கல்பட்டி,931892,,5769
931895,உப்பிடமங்கலம் கீழ்பாகம்,931895,,5769
931896,உப்பிடமங்கலம் மேல்பாகம்,931896,,5769
635576,Vellianai(north),635576,,5769
635580,Vellianai(south),635580,,5769
635585,Balarajapuram,635585,,5770
635594,Chinthalavadi,635594,,5770
635596,Kallapalli,635596,,5770
635592,Kammanallur,635592,,5770
635597,Karuppathur,635597,,5770
931940,கிருஷ்ணராயபுரம் வடக்கு,931940,,5770
931941,கிருஷ்ணராயபுரம் தெற்கு,931941,,5770
931943,மகாதானபுரம் தெற்கு,931943,,5770
635593,Mahadhanapuram(North),635593,,5770
635590,Manavasi,635590,,5770
635588,Mayanur,635588,,5770
635601,Muthurengampatti,635601,,5770
635602,Panjapatti,635602,,5770
635604,Pappakkapatti,635604,,5770
635595,Pillapalayam,635595,,5770
635603,Pothuravuthanpatti,635603,,5770
635586,Renganathapuram (North),635586,,5770
635587,Renganathapuram (South),635587,,5770
635600,Sengal,635600,,5770
635591,Sithalavai,635591,,5770
635605,Sivayam (North),635605,,5770
635606,Sivayam (South),635606,,5770
635589,Thirukkampuliyur,635589,,5770
635598,Vayalur,635598,,5770
635599,Veeriyapalayam,635599,,5770
635630,Alathur,635630,,5771
635627,Chinniyampalayam,635627,,5771
635628,Gudalur,635628,,5771
635625,Hiranyamangalam,635625,,5771
635623,Inungur,635623,,5771
931898,கடம்பர் கோவில்,931898,,5771
635634,Kalladai,635634,,5771
635622,Kallai,635622,,5771
635636,Kalugur,635636,,5771
635607,Karuvappanaickenpettai,635607,,5771
635642,குளித்தலை,635642,,5771
635614,Kumaramangalam,635614,,5771
635609,Manathattai,635609,,5771
931903,மருதூர் வடபாகம் துண்டு I,931903,,5771
931904,மருதூர் வடபாகம் துண்டு II,931904,,5771
931906,மருதூர் தென்பாகம் துண்டு I,931906,,5771
931909,மருதூர் தென்பாகம் துண்டு II,931909,,5771
635617,Mudalaipatti,635617,,5771
635637,Naganur,635637,,5771
635624,Nallur,635624,,5771
931910,நங்கவரம் வடபாகம் துண்டு I,931910,,5771
931912,நங்கவரம் வடபாகம் துண்டு II,931912,,5771
931914,நங்கவரம் தென்பாகம் துண்டு I,931914,,5771
931916,நங்கவரம் தென்பாகம் துண்டு II,931916,,5771
635619,Neidalur (North),635619,,5771
635620,Neidalur (South),635620,,5771
635639,Padiripatti,635639,,5771
635641,Pillur,635641,,5771
635638,Porundalur,635638,,5771
635615,Poyyamani,635615,,5771
635632,Puluderi,635632,,5771
635629,Puthur,635629,,5771
635612,Rajendram (North),635612,,5771
635613,Rajendram (South),635613,,5771
635631,R.T.Malai,635631,,5771
635626,Sathiyamangalam,635626,,5771
635618,Seplapatti,635618,,5771
635616,Sooriyanur,635616,,5771
635621,Thalinji,635621,,5771
635635,Thogamalai,635635,,5771
635640,Uthuppatti,635640,,5771
635633,Vadaseri,635633,,5771
635608,Vadhiyam,635608,,5771
635610,Vaiganallur(North),635610,,5771
635611,Vaiganallur(South),635611,,5771
635559,Achamapuram,635559,,5985
635583,Andankoil East (CT),635583,,5985
635564,Andankoil(West),635564,,5985
635569,Appipalayam,635569,,5985
635563,Athur,635563,,5985
635582,Kadaparai (CT),635582,,5985
635568,Karuppampalayam,635568,,5985
635561,Koyamballi,635561,,5985
635555,Kuppuchipalayam,635555,,5985
635562,Manmangalam,635562,,5985
635581,Minampalli-Pachamadevi (CT),635581,,5985
635554,Nanniyur,635554,,5985
635557,Nerur North,635557,,5985
635558,Nerur South,635558,,5985
635552,N.Kadambankurichi,635552,,5985
635570,Pallapalayam,635570,,5985
931969,பஞ்சமாதேவி,931969,,5985
635553,P.Kadambankurichi,635553,,5985
635560,Somur,635560,,5985
635571,Thalapatti,635571,,5985
635556,Vangal,635556,,5985
635491,Anjur,635491,,6676
635495,Athipalayam,635495,,6676
635504,Elakkaturamachandrapuram,635504,,6676
635512,Karudayampalayam,635512,,6676
635492,Karvazhi,635492,,6676
635549,Kombupalayam,635549,,6676
635499,K.Paramathi,635499,,6676
635497,Kuppam,635497,,6676
635502,Monjanur (East),635502,,6676
635503,Monjanur (West),635503,,6676
635498,Munnur,635498,,6676
635551,Nanjaipugalur,635551,,6676
931962,நஞ்சைத்தோட்டக்குறிச்சி,931962,,6676
635511,Nedungur,635511,,6676
635513,Pavithiram,635513,,6676
931952,புஞ்சைப் புகளூர் வடக்கு,931952,,6676
931953,புஞ்சைப் புகளூர் தெற்கு,931953,,6676
931965,புஞ்சைத்தோட்டக்குறிச்சி,931965,,6676
635496,Punnam,635496,,6676
635494,Thennilai(East),635494,,6676
635500,Thennilai(south),635500,,6676
635501,Thennilai(West),635501,,6676
635550,Thirukkattuthurai,635550,,6676
635493,Thukkachi,635493,,6676
635548,Vettamangalam (East),635548,,6676
635547,Vettamangalam (west),635547,,6676
635514,Viswanathapuri,635514,,6676
644087,Anchetty,644087,,6662
644111,Anchetty R.F.,644111,,6662
933577,Anchetty West,933577,,6662
644088,Doddamanchi,644088,,6662
644085,Kottaiyur,644085,,6662
644081,Madakkal,644081,,6662
644084,Manchukondapalli,644084,,6662
644089,Natrapalayam,644089,,6662
644114,Natrapalayam R.F.,644114,,6662
644083,Thaggatti,644083,,6662
644108,Thaggatti R.F.,644108,,6662
644086,Urigam,644086,,6662
644104,Urigam R.F.,644104,,6662
643938,Achamangalam,643938,,6613
643939,Balinayanapalli,643939,,6613
932459,பர்கூர்,932459,,6613
643962,Batlapalli,643962,,6613
644119,Bommepalli,644119,,6613
643959,Chendrapalli,643959,,6613
643916,Chinmnamttarapalli.,643916,,6613
643918,Chinnathimminayanapalli,643918,,6613
643913,Guruvinayanapalli,643913,,6613
643963,Guttur,643963,,6613
643965,Ikondamkothapalli.,643965,,6613
643960,Jagadevipalayam,643960,,6613
644118,Kannandahalli,644118,,6613
643895,Kondappanayanapalli,643895,,6613
643898,Madepalli,643898,,6613
643966,Majethgollahalli,643966,,6613
643935,Mallapadi,643935,,6613
643967,Modikuppam,643967,,6613
644121,Nagampatti,644121,,6613
643914,Oppathavadi,643914,,6613
643940,Orappam,643940,,6613
643933,Palepalle,643933,,6613
643961,Pasinayanapalli,643961,,6613
644122,Pichugoundanhalli,644122,,6613
643964,Puligunta,643964,,6613
643915,Salinayanapalli,643915,,6613
644120,Sevvampatti,644120,,6613
643936,Sigaralapalli,643936,,6613
643901,Sulamalai,643901,,6613
643917,Varatanapalli,643917,,6613
644064,Achubalu,644064,,5892
644071,Agalakotta,644071,,5892
644075,Andevanapalli,644075,,5892
644028,Anekollu,644028,,5892
644005,Anniyalam,644005,,5892
644044,Arasakuppam,644044,,5892
644061,Arupalli,644061,,5892
644066,Averupally Agraharam,644066,,5892
644095,Ayyur R.F.,644095,,5892
644013,Bairamangalam,644013,,5892
644056,Ballapalli,644056,,5892
644049,Battamugulalam,644049,,5892
644000,Belagundapalli,644000,,5892
644046,Bevunutham,644046,,5892
644077,Bilalam,644077,,5892
644116,Biligundulu R.F.,644116,,5892
644105,Bilikkal R.F.,644105,,5892
644039,Binnamangalam,644039,,5892
644045,Bithireddi,644045,,5892
644014,Bodichipalli,644014,,5892
644065,Chikkaveripalli,644065,,5892
644063,Chudasandiram,644063,,5892
644058,Daravendram,644058,,5892
933581,Denkanikotta,933581,,5892
644093,Denkanikotta R.F.,644093,,5892
644032,Devaganapalli,644032,,5892
644040,Doddaubbanur,644040,,5892
644047,Echanahalli,644047,,5892
644076,Erudukotta,644076,,5892
644097,Galigattam R.F.,644097,,5892
644099,Gullatty R.F.,644099,,5892
644037,Gumlapuram,644037,,5892
644113,Guthirayan R.F.,644113,,5892
644050,Hanumanthapuram,644050,,5892
644011,Hosappuram,644011,,5892
644009,Jagirkarupalli,644009,,5892
644027,Jakkeri,644027,,5892
644070,Jowlagiri,644070,,5892
644101,Jowlagiri (R.F.),644101,,5892
644042,Kakkadasam,644042,,5892
644001,Kalugundapalli,644001,,5892
644074,Karandapalli,644074,,5892
644020,Karukkanahalli,644020,,5892
644007,Kasi Agraharam,644007,,5892
933583,Kelamangalam,933583,,5892
644112,Kempagarai R.F.,644112,,5892
644034,Kempatti,644034,,5892
644106,Kesthur R.F.,644106,,5892
644004,Kodiyalam,644004,,5892
644078,Kolatti,644078,,5892
643999,Komaranapalli,643999,,5892
644060,Kottamadagu,644060,,5892
644055,Kottur,644055,,5892
644068,Kunchena Agraharam,644068,,5892
644012,Kundumaranapalli,644012,,5892
644041,Kuppatti,644041,,5892
644002,Madagondapalli,644002,,5892
644029,Mallasandram,644029,,5892
644107,Mallehalli R.F.,644107,,5892
644080,Malligarjunadurgam,644080,,5892
644110,Manchi R.F.,644110,,5892
644096,Marandahalli R.F.,644096,,5892
644006,Marudanapalli,644006,,5892
644069,Marupalli,644069,,5892
644018,Muthanhalli,644018,,5892
644015,Nagamangalam,644015,,5892
644010,Nagappan Agraharam,644010,,5892
644067,Nellamaru Agraharam,644067,,5892
644025,Nellur,644025,,5892
644082,Nendimangalam,644082,,5892
644053,Noganoor,644053,,5892
644100,Noganoor R.F.,644100,,5892
644048,Odayandahalli,644048,,5892
644094,Odayandahalli R.F.,644094,,5892
644115,Oddapatty R.F.,644115,,5892
644026,Pachapanatti,644026,,5892
644073,Palayamkotta,644073,,5892
644033,Periamadakondapalli,644033,,5892
644024,Pillari Agraharam,644024,,5892
644103,Ponai R.F.,644103,,5892
644051,Rathnagiri,644051,,5892
644023,Rayakotta,644023,,5892
644079,Salivaram,644079,,5892
644030,Sangitha Agraharam,644030,,5892
644052,Santhanapalli,644052,,5892
644003,Saragapalli,644003,,5892
644035,Sathanur,644035,,5892
644021,Sengodachinnahalli,644021,,5892
644090,Sengodachinnahalli R.F.,644090,,5892
644057,Serandapalli,644057,,5892
644072,Settipalli,644072,,5892
644022,Suligunta,644022,,5892
644019,T.Gollahalli,644019,,5892
644059,Thalikothanur,644059,,5892
644062,Thalli,644062,,5892
644092,Thalli (R.F.),644092,,5892
644008,Thandarai,644008,,5892
644054,Thavarakarai,644054,,5892
644017,Thimijapalli,644017,,5892
644031,Thogarai Agraharam,644031,,5892
644098,Thuluvabetta R.F.,644098,,5892
644016,Udedurgam,644016,,5892
644091,Udedurgam R.F.,644091,,5892
644109,Udubarani R.F.,644109,,5892
644102,Ulibanda (R.F.),644102,,5892
644043,Ulimangalam,644043,,5892
644036,Ulimaranapalli,644036,,5892
644038,Unisenatham,644038,,5892
643816,Achettipalli,643816,,5890
643748,Advanapalli,643748,,5890
643714,Alasapalli,643714,,5890
643749,Alnatham,643749,,5890
643712,Alur,643712,,5890
643775,Alur,643775,,5890
933887,Anumepalli,933887,,5890
643783,A.Settipalli,643783,,5890
643773,Attur,643773,,5890
643753,Attur,643753,,5890
933534,Avalapalli,933534,,5890
643754,Badathepalli,643754,,5890
643719,Bagalur,643719,,5890
643687,Baliganapalli,643687,,5890
643729,Battavarapalli,643729,,5890
643761,Begepalli,643761,,5890
643684,Belathur,643684,,5890
643685,Boppalapuram,643685,,5890
643765,Chennasandiram,643765,,5890
933537,Chennathur,933537,,5890
933540,Chennathur North,933540,,5890
643786,Chinnakullu,643786,,5890
643686,Devaripalli,643686,,5890
643774,Dhasapalli,643774,,5890
643693,Eluvapalli,643693,,5890
643819,Gopanapalli,643819,,5890
643762,Govinda Agraharam,643762,,5890
933531,HOSUR,933531,,5890
933532,Hosur Town,933532,,5890
643724,Ichangoor,643724,,5890
643688,Idipalli,643688,,5890
643758,Jeemangalam,643758,,5890
643728,Jogikalasanapalli,643728,,5890
643717,Kadiriganadinna,643717,,5890
643681,Kagganur,643681,,5890
643766,Kalasthipuram,643766,,5890
643760,Kaliagraharam,643760,,5890
643767,Kallipuram,643767,,5890
643757,Kanimangalam,643757,,5890
643785,Karibasanapuram,643785,,5890
643770,Karupalli,643770,,5890
643787,Kelavarapalli,643787,,5890
643756,Kembasandiram,643756,,5890
643720,Kodiyalam,643720,,5890
643732,Koladasapuram,643732,,5890
643789,Kothagondapalli,643789,,5890
643721,Kothapalli,643721,,5890
643826,Kundalapalli,643826,,5890
643722,Kursthanapalli,643722,,5890
643727,Lingapuram,643727,,5890
643730,Mallasandiram,643730,,5890
933530,Mathigiri,933530,,5890
643725,Moorthyganadinna,643725,,5890
643793,Moranapalli,643793,,5890
933526,Motham agraharam,933526,,5890
643802,Mottampalli,643802,,5890
643807,Mudinayanapalayam,643807,,5890
643710,Mugalpalli,643710,,5890
643837,Mugalur,643837,,5890
933521,Mukondapalli,933521,,5890
643772,Muthalli,643772,,5890
643818,Muthuganapalli,643818,,5890
643716,Muthuganapalli,643716,,5890
643817,Nagondapalli,643817,,5890
643791,Naligabetta Agraharam,643791,,5890
643759,Nallur,643759,,5890
643752,Nandimangalam,643752,,5890
643755,Nanjapuram,643755,,5890
643733,Nariganapuram,643733,,5890
643726,Odapallidinna,643726,,5890
643713,Oddapalli,643713,,5890
643815,Onalvadi,643815,,5890
643751,Palavanapalli,643751,,5890
643838,Panchakshipuram,643838,,5890
643771,Pathamuthali,643771,,5890
643784,Peddakullu,643784,,5890
643715,Pichugodapalli,643715,,5890
643790,Poonapalli,643790,,5890
643788,Punugandoddi,643788,,5890
643689,Puram,643689,,5890
933513,Rangopanditha agraharam,933513,,5890
643847,Sanamavu (R.F),643847,,5890
933511,Santhapuram,933511,,5890
643680,Sevaganapalli,643680,,5890
643768,Siddanapalli,643768,,5890
643683,Singasadanapalli,643683,,5890
643723,Sokkanathapuram,643723,,5890
643682,Sokkarasanapalli,643682,,5890
643750,Sudugondapalli,643750,,5890
643769,Thattiganapalli,643769,,5890
643718,Thinnapalli,643718,,5890
643794,Thorapalli Agraharam,643794,,5890
643731,Thummanapalli,643731,,5890
643711,Vathiripalli,643711,,5890
933509,Vattiripalli,933509,,5890
643763,Viswanathapuram,643763,,5890
933507,Zuzuvadi,933507,,5890
643952,Agaram,643952,,5891
643957,Agasipalli,643957,,5891
643951,Alapatti,643951,,5891
643893,Appinayakkankottai,643893,,5891
643876,Ariyanapalli,643876,,5891
643894,Avalnatham,643894,,5891
643867,Balanapalli,643867,,5891
932563,பாலேகுளி-2,932563,,5891
643968,Balekuli,643968,,5891
643977,Bannihalli,643977,,5891
643994,Bargur R.F.,643994,,5891
643851,Bathimadugu,643851,,5891
643930,Bayanapalli (Part),643930,,5891
643906,Beemandapalli,643906,,5891
643948,Bellampalli,643948,,5891
643954,Bellarapalli,643954,,5891
643923,Billanakuppam,643923,,5891
643941,Boganapalli,643941,,5891
643900,Bommarasanapalli,643900,,5891
643874,Budhimutlu,643874,,5891
643976,Chaparthi,643976,,5891
643904,Chennasandiram,643904,,5891
643949,Chikkapoovathi,643949,,5891
643903,Chinnakothur,643903,,5891
643969,Chowttahalli,643969,,5891
643890,Dasigounipalli,643890,,5891
643897,Dasiripalli,643897,,5891
643884,Devarakundani,643884,,5891
643956,Devasamudiram,643956,,5891
643862,Doddaganama,643862,,5891
643859,Ebbiri,643859,,5891
643885,Edayarapalli,643885,,5891
643979,Errahalli,643979,,5891
932539,எர்ராஹள்ளி-2,932539,,5891
643871,Ettipalli,643871,,5891
643872,Ettipallitalav,643872,,5891
643943,Gangaleri,643943,,5891
643863,Gangamadugu,643863,,5891
643857,Gollapalli,643857,,5891
643925,Gollapalli,643925,,5891
643947,Gooliam,643947,,5891
643973,Gundalapatti,643973,,5891
932599,குண்டலப்பட்டி-2,932599,,5891
643907,Gunthapalli,643907,,5891
643869,Helekrishnnapuram,643869,,5891
643881,Helekundani,643881,,5891
643854,Idipalli,643854,,5891
643852,Idipalli,643852,,5891
643986,Jagadab,643986,,5891
643929,Junjupalli,643929,,5891
643887,Kadavarapalli,643887,,5891
643921,Kallukurikki,643921,,5891
643932,Kammaampalli,643932,,5891
643987,Karadihalli,643987,,5891
643880,Kariyasagaramthalav,643880,,5891
643856,Kasiruganapalli,643856,,5891
932576,கத்தேரி-2,932576,,5891
643931,Kathinayanapalli,643931,,5891
643886,Kathiripalli,643886,,5891
643972,Katteri,643972,,5891
643998,Kattiganapalli (CT),643998,,5891
643980,Kaveripattinam,643980,,5891
932547,காவேரிப்பட்டினம்-2,932547,,5891
643911,Kodipalli,643911,,5891
643945,Kompalli,643945,,5891
643937,Kondappanayakempalli,643937,,5891
643944,Kondepalli,643944,,5891
643860,Konganepalli,643860,,5891
643919,Kothigutalapalli,643919,,5891
933620,Kottapetta,933620,,5891
643992,Kottur R.F.,643992,,5891
933619,Krishnagiri,933619,,5891
643868,Krishnappanayakkanpudur,643868,,5891
643922,Kundarapalli,643922,,5891
643905,Kuppachiparai,643905,,5891
643927,Kurubarapalli,643927,,5891
643908,Lakkabathalapalli,643908,,5891
643934,Madepalli,643934,,5891
643990,Maharajakadai R.F.,643990,,5891
643864,Manavarnapalli,643864,,5891
643909,Marachandiram,643909,,5891
643982,Marichettihalli,643982,,5891
932495,மாரிசெட்டிஹள்ளி-2,932495,,5891
643953,Marigampalli,643953,,5891
643978,Mittahalli,643978,,5891
932604,மிட்டாஹள்ளி-2,932604,,5891
643983,Mottur,643983,,5891
643877,Nachikuppam,643877,,5891
643891,Naduvanapalli,643891,,5891
643882,Nallur,643882,,5891
643993,Nandibanda R.F.,643993,,5891
643912,Naralapalli,643912,,5891
643989,Naralapalli R.F.,643989,,5891
643866,Neralagiri,643866,,5891
643991,Neralakotta R.F.,643991,,5891
643883,Nirmalvadi,643883,,5891
643853,Oddapalli,643853,,5891
643985,Paiyur,643985,,5891
643902,Pandikurikki,643902,,5891
643873,Pannapalli,643873,,5891
643984,Panneswaramadam,643984,,5891
643942,Peddatalapalli,643942,,5891
643920,Peddathanapalli,643920,,5891
932509,பெண்ணேஸ்வரமடம்- 2,932509,,5891
643955,Periamuthu,643955,,5891
932573,பெரியமுத்தூர்-2,932573,,5891
932471,பையூர்-2,932471,,5891
643924,Polupalli,643924,,5891
643910,Ponnappa Gownapalli,643910,,5891
643926,Puliyancheri,643926,,5891
643892,Puram,643892,,5891
643879,Ragimakanapalli,643879,,5891
643928,Ragimanapalli,643928,,5891
643946,Sembadamuthur,643946,,5891
643855,Sigaralapalli,643855,,5891
643861,Sigaramaganapalli,643861,,5891
643858,Singiripalli,643858,,5891
643865,Siranapalli,643865,,5891
643974,Sokkadi,643974,,5891
643958,Soolamalai,643958,,5891
932556,சௌட்டஹள்ளி-2,932556,,5891
643970,Sundekuppam,643970,,5891
932589,சுண்டேகுப்பம்-2,932589,,5891
643981,Talihalli,643981,,5891
643878,Tankadikuppam,643878,,5891
932552,தளிஹள்ளி-2,932552,,5891
643889,Thalipalli,643889,,5891
643950,Thandagoundarahalli,643950,,5891
643988,Thatrahalli,643988,,5891
643899,Thattatharai,643899,,5891
643870,Theertham,643870,,5891
932593,திம்மாபுரம்-2,932593,,5891
643996,Thogarapalli R.F.,643996,,5891
643971,Timmapuram,643971,,5891
643875,Undiganatham,643875,,5891
643995,Varatanapalli R.F.,643995,,5891
643975,Velakalahalli,643975,,5891
643997,Venkatapuram (CT),643997,,5891
643888,Veppanapalli,643888,,5891
643896,Verupasandiram,643896,,5891
644127,Alerahalli,644127,,5893
644148,Barur,644148,,5893
644129,Batrahalli,644129,,5893
644141,Belethottam,644141,,5893
644154,Bendarahalli,644154,,5893
933590,Bendarahalli1,933590,,5893
644149,Chellakuttapatti,644149,,5893
644151,Damodarhalli,644151,,5893
644133,Gendigampatti,644133,,5893
644140,Jambukuttapatti,644140,,5893
933589,Jingalkathirampatti1,933589,,5893
644146,Jinkalkadirampatti,644146,,5893
644123,Kadappasandampatti,644123,,5893
644124,Kattagaram,644124,,5893
644147,Keelkuppam,644147,,5893
644132,Kondareddipatti,644132,,5893
644155,Kottapatti,644155,,5893
644138,Kudimenahalli,644138,,5893
644117,Mahadevagollahalli,644117,,5893
644143,Marappanayakkampatti,644143,,5893
644137,Maruderi,644137,,5893
644128,Mathinayakkampatti,644128,,5893
644142,Mukkampatti,644142,,5893
933618,Nagojanahalli,933618,,5893
644150,Pannandur,644150,,5893
644144,Parandapalli,644144,,5893
644126,Pedappanpatti,644126,,5893
644152,Puliyampatti,644152,,5893
644131,Rengampatti,644131,,5893
644130,Sonarahalli,644130,,5893
644145,Thadampatti,644145,,5893
644156,Thattakkal R.F.,644156,,5893
644135,Thimminaikampatti,644135,,5893
644134,Vadamalampatti,644134,,5893
644153,Vadamangalam,644153,,5893
644136,Veeramalai,644136,,5893
644125,Veppalampatti,644125,,5893
644139,Vilangamudi,644139,,5893
643795,Addakurukki,643795,,6641
643834,Agaram Agraharam,643834,,6641
643745,Amgondapalli,643745,,6641
643709,Amuthugondapalli,643709,,6641
932314,அங்கொண்டப்பள்ளி (செ),932314,,6641
932140,எ.செட்டிப்பள்ளி,932140,,6641
643746,Athimugam,643746,,6641
643840,Ayaranapalli,643840,,6641
643829,Balagondarayanadurgam,643829,,6641
643803,Basthalapalli,643803,,6641
643810,Bedapalli,643810,,6641
643806,Beerepalli,643806,,6641
643708,Berigai,643708,,6641
643846,Bikkanapalli,643846,,6641
643690,BS Thimmasandram,643690,,6641
643804,Bukkanakkanapalli,643804,,6641
643776,Bukkasagaram,643776,,6641
932161,புக்கசாகரம் (அ),932161,,6641
643782,Chembarasanapalli,643782,,6641
643824,Chennapalli,643824,,6641
643830,Chinnakudibala,643830,,6641
643808,Chinnapallinayanpalayam,643808,,6641
643699,Chinnarendoddi,643699,,6641
643694,Collapalli,643694,,6641
643825,Devarekuttapalli,643825,,6641
643701,Doddagounipalli,643701,,6641
643777,Doripalli,643777,,6641
643764,Eluvapalli,643764,,6641
643823,Enusonai,643823,,6641
643827,Errandapalli,643827,,6641
643698,Gedalandhoddi,643698,,6641
933889,Gollapalli,933889,,6641
643702,Gudisadanapalli,643702,,6641
643845,Gudisalapalli,643845,,6641
932153,குண்டலபள்ளி,932153,,6641
643821,Halekotta,643821,,6641
932173,ஒசஹள்ளி (உ),932173,,6641
643842,Hosapalli,643842,,6641
643832,Immidinayaganapalli,643832,,6641
643781,Kalingavaram,643781,,6641
643813,Kamandoddi,643813,,6641
643695,Karikallupalli,643695,,6641
643705,Kariyasandiram,643705,,6641
643692,Kattinaickenghoddi,643692,,6641
643779,Kodiga Timmanapalli,643779,,6641
643740,Kottasadanapalli,643740,,6641
643703,Kullur,643703,,6641
643743,Kumbalam,643743,,6641
643736,Kurubarapalli,643736,,6641
932147,மாதிநாயனபள்ளி,932147,,6641
643706,Mahadevapuram,643706,,6641
643700,Malagalakki,643700,,6641
643809,Mallanakothur,643809,,6641
643828,Mallasandiram,643828,,6641
643797,Marandapalli,643797,,6641
643798,Maruthanapalli,643798,,6641
932143,மட்டம்பள்ளி,932143,,6641
643738,Meenandoddi,643738,,6641
643844,Melumalai,643844,,6641
643831,Mettubandapalli,643831,,6641
643734,Midithepalli,643734,,6641
643805,Mudipinayanapalayam,643805,,6641
643741,Muthurayanpudur,643741,,6641
643796,Nallaganakothapalli,643796,,6641
643704,Nerigam,643704,,6641
643737,Pannapalli,643737,,6641
932298,பட்டாகுருபரப்பள்ளி (பெ),932298,,6641
643778,Pattakurubarapalli,643778,,6641
643744,Peddasigarlapalli,643744,,6641
643780,Podur,643780,,6641
643742,Ramandoddi,643742,,6641
643800,Sagadevapuram,643800,,6641
643822,Samanapalli,643822,,6641
643820,Sanamavu,643820,,6641
643697,Saparapalli,643697,,6641
643696,Selvankoddi,643696,,6641
643811,Shoolagiri,643811,,6641
932168,சூளகிரி (தி),932168,,6641
643843,Sikkalapalli,643843,,6641
643735,Sikkanapalli,643735,,6641
643739,Sokkapuram,643739,,6641
643799,Sorakayalapalli,643799,,6641
643814,Subbagiri,643814,,6641
643707,Suligunta,643707,,6641
643812,Thiyagarsanapalli,643812,,6641
643836,Thiyarandurgam,643836,,6641
643835,Thuppuganapalli,643835,,6641
643801,Toddur,643801,,6641
643839,Uddanapalli,643839,,6641
643841,Ulagam,643841,,6641
643833,Ullatti,643833,,6641
643691,Vanamangalam,643691,,6641
643747,Venkatesapuram,643747,,6641
644321,Ammaiyampatti,644321,,5894
644261,Anandur,644261,,5894
644251,Andipatty,644251,,5894
644176,Andiyur,644176,,5894
644208,Appinaickenpatti,644208,,5894
644162,Arunapathi,644162,,5894
644288,Athipadi,644288,,5894
644218,Athiveereyampatti,644218,,5894
644196,Badadasampatti,644196,,5894
644228,Badapalli,644228,,5894
644220,Badavanur,644220,,5894
644283,Bommadasampatti,644283,,5894
644276,Bommampatti,644276,,5894
644226,Boorgalapalli,644226,,5894
644305,Chandrapatti,644305,,5894
644187,Chavadiyur,644187,,5894
644248,Chennappanaickanur,644248,,5894
644186,Chinnakunnathur,644186,,5894
644236,Chinnathallapadi,644236,,5894
644172,Chinnathgarapadi,644172,,5894
644257,Dasampatti,644257,,5894
644177,Egoor,644177,,5894
644166,Elachyur,644166,,5894
644289,Elavambadi,644289,,5894
644190,Ettipatti,644190,,5894
644338,Ettipatti,644338,,5894
644198,Gangapirampatti,644198,,5894
644284,Gendiganur,644284,,5894
644197,Genginaickenpatti,644197,,5894
644219,Gerigepally,644219,,5894
644205,Giddampatti,644205,,5894
644315,Gollapatti,644315,,5894
644231,Gollapatti,644231,,5894
933600,Gollappatti,933600,,5894
644169,Goonampatti,644169,,5894
644201,Govindapuram,644201,,5894
644216,Gullampatti,644216,,5894
644239,Gurugapatti,644239,,5894
644332,Hanumantheertham,644332,,5894
644247,Illuppaikuttapatti,644247,,5894
644164,Kadavani,644164,,5894
644311,Kadirampatti,644311,,5894
644339,Kallavi R.F.,644339,,5894
644232,Kalluganur,644232,,5894
644304,Kaludaipatti,644304,,5894
644167,Kamakshipatti,644167,,5894
644270,Kanakkampatti,644270,,5894
644206,Kanampatti,644206,,5894
644212,Kanganur,644212,,5894
644192,Kanichi,644192,,5894
644227,Kanjanur,644227,,5894
644173,Karapattu,644173,,5894
644293,Kariaperumalvalasai,644293,,5894
644334,Karukkampatti,644334,,5894
644165,Karumandapathi,644165,,5894
644309,Kattanur,644309,,5894
644331,Katteri,644331,,5894
644258,Kattupatti,644258,,5894
644301,Kattusingiripatti,644301,,5894
644202,Kedagaranur,644202,,5894
644175,Keeimathur,644175,,5894
644299,Keelkuppam,644299,,5894
644282,Kethunaickampatti,644282,,5894
644319,Kiddampatti,644319,,5894
644264,Kolinaickanpatti,644264,,5894
644246,Kollanur,644246,,5894
644217,Kollapatti,644217,,5894
644200,Kommampattu,644200,,5894
644320,Konapatti,644320,,5894
644245,Kondampatti,644245,,5894
644157,Kottapathy,644157,,5894
644327,Kottarapatti,644327,,5894
644294,Kottukarampatti,644294,,5894
644195,Kullaganapalli,644195,,5894
644160,Kullampathy,644160,,5894
644189,Kumarampatty,644189,,5894
644278,Kungilipatti,644278,,5894
644170,Kunnathur,644170,,5894
644291,Kuppanatham,644291,,5894
644211,Kursampatti,644211,,5894
644180,Kurubaravalasai,644180,,5894
644254,Kurukkapatti,644254,,5894
644333,Lakkampatti,644333,,5894
644179,Maganurpatti,644179,,5894
644233,Mallampatti,644233,,5894
644224,Mallapuram,644224,,5894
644243,Mallupatti,644243,,5894
644322,Mannadipatti,644322,,5894
644234,Marampatti,644234,,5894
644306,Mettuthangal,644306,,5894
644330,Meyyandapatti,644330,,5894
644235,Mittapalli,644235,,5894
644281,Moondrampatti,644281,,5894
644328,Moongileri,644328,,5894
644213,Mottur,644213,,5894
644181,Muchilikuttai,644181,,5894
644168,Mukkarampalli,644168,,5894
644323,Murukkanthal,644323,,5894
644274,Murungipatti,644274,,5894
644161,Muthampatti,644161,,5894
644292,Nadupatti,644292,,5894
644174,Nadupatti,644174,,5894
644215,Nagalpatti,644215,,5894
644285,Naickanur,644285,,5894
644207,Naiperampatti,644207,,5894
644336,Nallavampatti,644336,,5894
644194,Naralepalle,644194,,5894
644238,Narasampatti,644238,,5894
644273,Nochipatti,644273,,5894
644244,Obakkavalasai,644244,,5894
644269,Obilinaickanpatti,644269,,5894
644326,Oddapatti,644326,,5894
644193,Oddapatti,644193,,5894
644223,Olaipatti,644223,,5894
644295,Onnagarai,644295,,5894
644225,Onnagarai,644225,,5894
644307,Pachinampatti,644307,,5894
644268,Padadasampatti,644268,,5894
644265,Palaiakottai,644265,,5894
644286,Pallathur,644286,,5894
644266,Panamarathupatti,644266,,5894
644159,Papparapatti,644159,,5894
644256,Papparapatti,644256,,5894
644303,Pappichettipatti,644303,,5894
644188,Parasanur,644188,,5894
644214,Pasandi,644214,,5894
644335,Pavakkal,644335,,5894
644204,Periathallapadi,644204,,5894
644263,Periyakottakulam,644263,,5894
644253,Perumalkuppam,644253,,5894
644302,Perumalnaickempatti,644302,,5894
644182,Peyanur,644182,,5894
644221,Podar,644221,,5894
644325,Ponnagarapatti,644325,,5894
644272,Poovampatti,644272,,5894
644280,Potharajanpatti,644280,,5894
644329,Pudupatti,644329,,5894
644279,Pudur,644279,,5894
644324,Pudur,644324,,5894
644178,Pudur,644178,,5894
644337,Puliyampatti,644337,,5894
644300,Puliyampatti,644300,,5894
644240,Puliyanur,644240,,5894
644163,Pullavadampadi,644163,,5894
644287,Punganai,644287,,5894
644275,Pusampatti,644275,,5894
644158,Ramakrishnampathy,644158,,5894
644260,Reddipatti,644260,,5894
644249,Reddipatti,644249,,5894
644203,Reddivalasai,644203,,5894
644199,Rendathampatti,644199,,5894
644222,Salamarathupatti,644222,,5894
644237,Samakavandanvalasai,644237,,5894
644191,Samalpatti,644191,,5894
644229,Selakarampatti,644229,,5894
644318,Sengalpatti,644318,,5894
644242,Singarapettai,644242,,5894
644230,Solakkapatti,644230,,5894
644312,Sorakkapatti,644312,,5894
644259,Sulakarai,644259,,5894
933602,Sunnalampatti,933602,,5894
644171,Tagaratti,644171,,5894
933605,Thandiyappanur,933605,,5894
644297,Thannirpandal,644297,,5894
644298,Thathanur,644298,,5894
644267,Thathinayakkanpatti,644267,,5894
644241,Theerthagirivalasai,644241,,5894
644277,Thippampatti,644277,,5894
644262,Thiruvanapatti,644262,,5894
644209,Thurinjipatti,644209,,5894
644317,Umaikavandampatti,644317,,5894
644184,Umaiyanur,644184,,5894
644183,Upparapatti,644183,,5894
933588,Uthangarai,933588,,5894
644185,Vaduganur,644185,,5894
644308,Vannampatty,644308,,5894
644250,Vathiyanur,644250,,5894
644316,Vedapatti,644316,,5894
644255,Veerachikupam,644255,,5894
644310,Veeranakuppam,644310,,5894
644210,Veeriampatti,644210,,5894
644314,Velampatti,644314,,5894
644271,Vellalapatti,644271,,5894
644313,Vellalapatti,644313,,5894
644252,Vengadathanpatti,644252,,5894
644290,Venkatapuram,644290,,5894
644296,Veppalampatti,644296,,5894
640981,Achangulam,640981,,6615
640976,Arasapatti,640976,,6615
640997,Chennampatti,640997,,6615
640979,Chinnaulagani,640979,,6615
641009,Chittoor,641009,,6615
640996,Idayanathan,640996,,6615
641004,Iluppakulam,641004,,6615
640980,Kallanai,640980,,6615
640990,Kalligudi Bit - 1,640990,,6615
932127,கள்ளிக்குடி பிட் - 2,932127,,6615
640973,Karisalkalampatti,640973,,6615
641001,Karukkuvaipatti,641001,,6615
640993,Kasipuram,640993,,6615
640974,Keelanesaneri,640974,,6615
641006,Kokkalancheri,641006,,6615
640985,Kokkulam (Thirumal),640985,,6615
640982,Koodakovil,640982,,6615
640998,Kurayur Bit - 1,640998,,6615
932138,குராயூர் பிட் - 2,932138,,6615
641008,Maithanpatti,641008,,6615
640999,Maruthangudi,640999,,6615
640969,Melanesaneri,640969,,6615
640983,Melauppiligundu,640983,,6615
641007,Nallamanaikenpatti,641007,,6615
640978,Nedungulam,640978,,6615
640995,Odaippatti,640995,,6615
640987,Paraikulam,640987,,6615
641005,Peikkulam,641005,,6615
640991,Pudukulam,640991,,6615
641010,Puliankulam (Madavanaickanur),641010,,6615
640988,Saluppapillayarnatham,640988,,6615
640971,Sengappadai Bit 1,640971,,6615
932122,செங்கப்படை பிட்-2,932122,,6615
640975,Sivarakottai,640975,,6615
641002,Sundarangundu,641002,,6615
640972,Swamimallampatti,640972,,6615
640994,Tennamanallur,640994,,6615
640984,Thoombakulam,640984,,6615
640986,Tirumal,640986,,6615
640962,Ulagani,640962,,6615
640977,Valayankulam,640977,,6615
640989,Vellakulam (K) Bit - 1,640989,,6615
932139,வெள்ளாகுளம் (கே) பிட்-2,932139,,6615
641000,Vellakulam (S),641000,,6615
641003,Veppankulam,641003,,6615
640992,Villur Bit - 1,640992,,6615
932125,வில்லூர் பிட் - 2,932125,,6615
640690,Alavandan,640690,,5960
640702,Ananjiyur,640702,,5960
640583,Andaman,640583,,5960
640685,Andarkottaram,640685,,5960
640703,Angadimangalam BIT 1,640703,,5960
933573,Angadimangalam BIT 2,933573,,5960
640582,Appanthirupathi,640582,,5960
640706,Arumbanur BIT 1,640706,,5960
933706,Arumbanur BIT 2,933706,,5960
640624,Ayilangudi,640624,,5960
640620,Chettikulam,640620,,5960
640656,Chittakkur,640656,,5960
640672,Echaneri,640672,,5960
640576,G.pappankulam,640576,,5960
640676,Idayapatti,640676,,5960
640686,Ilamanur,640686,,5960
640668,Ilandaikkulam,640668,,5960
640655,Ilangiyendal,640655,,5960
640677,Isalani,640677,,5960
640604,Jothiapatti,640604,,5960
640637,Kadakkinaru,640637,,5960
640667,Kalikappan BIT 1,640667,,5960
933678,Kalikappan BIT 2,933678,,5960
640699,Kalimangalam,640699,,5960
640575,Kallandhiri BIT 1,640575,,5960
933505,Kallandhiri BIT 2,933505,,5960
640700,Karseri,640700,,5960
640694,Karuppapillaiendal,640694,,5960
640679,Karuppukkal,640679,,5960
640670,Kathavanendal,640670,,5960
640641,Kodikulam BIT 1,640641,,5960
933681,Kodikulam BIT 2,933681,,5960
640602,Kollankulam,640602,,5960
640693,Kondapettan,640693,,5960
640692,Kozhikudi,640692,,5960
640638,K.Pappankulam,640638,,5960
640646,Kundukulam,640646,,5960
640691,Kunnathur BIT 1,640691,,5960
933684,Kunnathur BIT 2,933684,,5960
640603,Kuruthur,640603,,5960
640674,Kusavikulam,640674,,5960
640664,Mailangundu,640664,,5960
640650,Mangalagudi,640650,,5960
640577,Mangulam BIT 1,640577,,5960
933686,Mangulam BIT 2,933686,,5960
640584,Mathur,640584,,5960
640578,Meenakshipuram BIT 1,640578,,5960
933689,Meenakshipuram BIT 2,933689,,5960
640713,Melamadai BIT 1,640713,,5960
933765,Melamadai BIT 2,933765,,5960
640663,Mundanayagam,640663,,5960
640567,Naickanpatti,640567,,5960
640709,Narasingam BIT 1,640709,,5960
933759,Narasingam BIT 2,933759,,5960
640649,Narasingam BIT 3,640649,,5960
933762,Narasingam BIT 4,933762,,5960
640661,Nattarmangalam,640661,,5960
640712,Othakadai (CT),640712,,5960
640697,Ovalur,640697,,5960
640657,Panaikulam,640657,,5960
640683,Pappakudi,640683,,5960
640689,Parayankulam,640689,,5960
640647,Perakkur,640647,,5960
640585,Pilluseri,640585,,5960
640648,Podasapatti,640648,,5960
640643,Poolampatti,640643,,5960
640586,Porusupatti,640586,,5960
640687,Pottapanayur,640687,,5960
640580,Povakkudi,640580,,5960
640568,Poyyakaraipatti,640568,,5960
640639,Pudupatti,640639,,5960
640669,Pulangulam,640669,,5960
933508,Rajagambeeram,933508,,5960
640662,Rajakur,640662,,5960
640695,Sakkimangalam BIT 1,640695,,5960
640715,Sakkimangalam BIT 2,640715,,5960
640701,Sakkudi,640701,,5960
640579,Savalakkarayan,640579,,5960
640684,Seegankulam,640684,,5960
640640,Sembiyanendal,640640,,5960
640698,Senkottai,640698,,5960
640654,Sivalingam,640654,,5960
640658,S.Nedungulam,640658,,5960
640682,T.Attikulam,640682,,5960
640642,Thamaraipatti BIT 1,640642,,5960
933694,Thamaraipatti BIT 2,933694,,5960
640678,Thatchanendal,640678,,5960
640666,Thathangulam,640666,,5960
640665,Thindiyur,640665,,5960
640645,Thirukanai,640645,,5960
933696,Thuyyaneri,933696,,5960
640653,Tirumohur,640653,,5960
640696,Udangundu,640696,,5960
640652,Ulaganeri,640652,,5960
640651,Uthangudi,640651,,5960
640644,Valaichikulam,640644,,5960
640688,Vallakkundu,640688,,5960
640675,Vallankulam,640675,,5960
640714,Vandiyur BIT 1,640714,,5960
933764,Vandiyur BIT 2,933764,,5960
640660,Varaganeri,640660,,5960
640680,Varichiyur,640680,,5960
640671,Veerapanjan,640671,,5960
640659,Vellakuppan,640659,,5960
640581,Velliyankundram,640581,,5960
640681,Vidathakulam,640681,,5960
640673,Vilathur,640673,,5960
640631,Adalai,640631,,5836
640705,Alagarmalai R.F,640705,,5836
640627,Alattur,640627,,5836
640594,Ambalathadi,640594,,5836
933676,Anaiyur BIT 1,933676,,5836
933677,Anaiyur BIT 2,933677,,5836
640593,Ariyur,640593,,5836
933679,Athikulam,933679,,5836
933680,B B kulam,933680,,5836
640618,Boothakudi,640618,,5836
640570,Chathiratondaimanpatti,640570,,5836
640592,Chellanagoundanpatti,640592,,5836
640587,Chettikulam,640587,,5836
640574,Chinnapatti,640574,,5836
933682,Chokkikulam,933682,,5836
640605,Erukkalainattam,640605,,5836
933683,Goripalayam,933683,,5836
640622,Illuppakudi,640622,,5836
640625,Iraniyam,640625,,5836
640566,Kadavur,640566,,5836
640616,Kallikudi,640616,,5836
640710,Kannanendal (CT),640710,,5836
640626,Kannikudi,640626,,5836
640599,Karuvanur,640599,,5836
640589,Kavanur,640589,,5836
640617,Keelanedugulam,640617,,5836
640636,Keelapanangadu,640636,,5836
640704,Kiluvamalai R.F,640704,,5836
640607,Kodimangalam,640607,,5836
640608,Koolapandi,640608,,5836
640634,Kovilappangudi,640634,,5836
640633,Kovilkurundhankulam,640633,,5836
640598,Kulamangalam BIT 1,640598,,5836
932925,Kulamangalam BIT 2,932925,,5836
640571,Malaipatti,640571,,5836
933685,Managiri BIT 2,933685,,5836
640600,Mandikulam,640600,,5836
640569,Manjampatti,640569,,5836
640621,Maranavariendal,640621,,5836
640635,Melapanangadi,640635,,5836
933687,Milagaranai,933687,,5836
640613,Moolakurichi,640613,,5836
933688,North Madurai,933688,,5836
640601,Paraipatti,640601,,5836
933690,Parasurampatti,933690,,5836
933691,Paravai BIT 1,933691,,5836
933692,Paravai BIT 2,933692,,5836
933695,Parayathikulam,933695,,5836
640632,Pattakkurichchi,640632,,5836
640628,Pechikulam,640628,,5836
640588,Periyapatti,640588,,5836
640612,Pillayarnatham,640612,,5836
640630,Podumbu BIT 1,640630,,5836
932930,Podumbu BIT 2,932930,,5836
640572,Poolampatti,640572,,5836
640623,Poonari,640623,,5836
640707,Samayanallur (CT),640707,,5836
640611,Sambakulam,640611,,5836
933697,Sambanthar Alangulam,933697,,5836
933699,Sathamangalam,933699,,5836
933700,Sellur,933700,,5836
933704,Silayaneri,933704,,5836
933705,Siruthur,933705,,5836
640591,Siruvalai,640591,,5836
933707,Tallakulam,933707,,5836
933708,Thathaneri,933708,,5836
640615,Thenur BIT 1,640615,,5836
932932,Thenur BIT 2,932932,,5836
640590,Therkupethampatti,640590,,5836
640708,Thiruppalai (CT),640708,,5836
640614,Thodaneri BIT 1,640614,,5836
932935,Thodaneri BIT 2,932935,,5836
640606,Usilampatti,640606,,5836
640610,Vadugapatti,640610,,5836
640629,Vagaikulam,640629,,5836
640596,Vairavanatham,640596,,5836
640597,Vayalur,640597,,5836
640609,Veerapandi BIT 1,640609,,5836
932938,Veerapandi BIT 2,932938,,5836
640573,Velichinatham,640573,,5836
640619,Veppangulam,640619,,5836
933710,Vilangudi BIT 1,933710,,5836
933711,Vilangudi BIT 2,933711,,5836
640595,Vittankulam,640595,,5836
933592,Avaniyapuram,933592,,5841
933640,Ayanpappakudi,933640,,5841
933644,Chettikulam,933644,,5841
641066,Chinna Anuppanadi (CT),641066,,5841
641030,Chinthamani,641030,,5841
933655,East Madurai,933655,,5841
641064,Iravadanallur (CT),641064,,5841
933659,Kalkulam,933659,,5841
641031,Kallambal,641031,,5841
641034,Kudalsengulam,641034,,5841
641045,Kudiraikutti,641045,,5841
641046,Kusavankundu,641046,,5841
641047,Kusavapatti,641047,,5841
933663,Meenakshipuram,933663,,5841
641049,Moothankulam,641049,,5841
641051,Muthupilli Alangulam,641051,,5841
641059,Nallur,641059,,5841
641060,Nedungulam,641060,,5841
641050,Panaikulam,641050,,5841
641033,Panaiyur,641033,,5841
641043,Pappanodai,641043,,5841
933665,Perumanendal,933665,,5841
933667,Pirakudi,933667,,5841
641032,Puliyankulam,641032,,5841
641044,Ramankulam,641044,,5841
641069,Samanatham (CT),641069,,5841
641068,Silaiman (CT),641068,,5841
641052,Solankuruni,641052,,5841
933669,Villapuram,933669,,5841
641048,Viradhanur,641048,,5841
641065,Viraganur (CT),641065,,5841
641016,Achampattu,641016,,5961
933550,Arappalayam,933550,,5961
641017,Erkudi,641017,,5961
641062,Karadipatti (CT),641062,,5961
641013,Keelamathur,641013,,5961
641022,Kilakuyilkudi,641022,,5961
641014,Kilamathikattinan,641014,,5961
933554,Kochadai,933554,,5961
641011,Kodimangalam,641011,,5961
933558,Kokkulappi,933558,,5961
641023,Melakuyilkudi,641023,,5961
641012,Melamathur,641012,,5961
933601,Melmadurai,933601,,5961
641061,Nagamalaipudukottai (CT),641061,,5961
933561,Ponmeni,933561,,5961
933564,Pudukulam BIT 1,933564,,5961
641018,Sambakudi,641018,,5961
641021,Tattanur,641021,,5961
641015,Thuvariman,641015,,5961
641024,Vadapalanji,641024,,5961
641020,Vadivelkarai,641020,,5961
641063,Vilacheri (CT),641063,,5961
640541,Ambalakaranpatti,640541,,5835
640550,Amoor,640550,,5835
640555,Arasappanpatti,640555,,5835
640529,Arittapatti,640529,,5835
640511,Attappatti,640511,,5835
640536,Attukulam,640536,,5835
640519,A.Valayapatti,640519,,5835
933718,A.Vallalapatti,933718,,5835
640493,Ayanpandangudi,640493,,5835
640518,Ayuthapatti,640518,,5835
640494,Ayyapatti,640494,,5835
640506,Budamangalam,640506,,5835
640531,Chadurmadangan,640531,,5835
640492,Chokkalingapuram,640492,,5835
640488,Chokkampatti,640488,,5835
640514,Ettimangalam,640514,,5835
640491,Inam Pandangudi,640491,,5835
640503,Kachirayanpatti,640503,,5835
640530,Kalikulam,640530,,5835
640528,Kallampatti,640528,,5835
640498,Kambur,640498,,5835
640563,Karumalai R.F.,640563,,5835
640500,Karungalakudi,640500,,5835
933576,Karuthapuliyampatti,933576,,5835
640515,Kavathayampatti,640515,,5835
640522,Keelaiyur,640522,,5835
640523,Keelavalavu,640523,,5835
640561,Keeranur,640561,,5835
640497,Kesampatti,640497,,5835
640517,Kidaripatti,640517,,5835
640549,Kilavikulam,640549,,5835
640507,Kodukkampatti,640507,,5835
640508,Kongampatti,640508,,5835
640542,Kottagudi,640542,,5835
640486,Kottampatti,640486,,5835
640557,Kovilpatti,640557,,5835
640495,Kunnarampatti,640495,,5835
640540,Kurichipatti,640540,,5835
640510,Malampatti,640510,,5835
640489,Manappachcheri,640489,,5835
640545,Manikkampatti,640545,,5835
640547,Marudur,640547,,5835
640505,Melavalavu,640505,,5835
933575,Melur,933575,,5835
640552,Mukkampatti,640552,,5835
640554,Nalukulam,640554,,5835
640533,Narasingampatti,640533,,5835
640521,Navinipatti,640521,,5835
640535,Padinettankudi,640535,,5835
640484,Pallapatti,640484,,5835
640556,Panangadi,640556,,5835
640504,Pattur,640504,,5835
640565,Perumalmalai Forest,640565,,5835
640543,Perungalakudi,640543,,5835
640482,Pottapatti,640482,,5835
640520,Pudusukkampatti,640520,,5835
640516,Pulipattii,640516,,5835
640559,Punjuthi,640559,,5835
640524,Saruguvalayapatti,640524,,5835
640526,Sathamangalam,640526,,5835
640496,Sekkipatti,640496,,5835
640509,Semminipatti,640509,,5835
640513,Sennagarampatti,640513,,5835
640485,Silambakkonepatti,640485,,5835
640551,Sorukulipatti,640551,,5835
640501,Sukkampatti,640501,,5835
640527,Surakkundu,640527,,5835
640481,Surappatti,640481,,5835
640490,Tarkakudi,640490,,5835
640525,Thanaiyamangalam,640525,,5835
640534,Therkutheru,640534,,5835
640553,Thiruvadavur,640553,,5835
640512,Thumbaipatti,640512,,5835
640560,Thuvarangulam,640560,,5835
640499,Tiruchchunai,640499,,5835
640483,Tondilingapuram,640483,,5835
640546,T.Vellalapatti,640546,,5835
640532,Uduppakkulam,640532,,5835
640548,Unukalpuliyankulam,640548,,5835
640539,Uranganpatti,640539,,5835
640487,Valaichcherippatti,640487,,5835
640564,Valaichcherippatti Hills,640564,,5835
640544,Valayankulam,640544,,5835
640502,Vanjinagaram,640502,,5835
640537,Vannanparaipatti,640537,,5835
640538,Vellalur,640538,,5835
640562,Vellimalai R.F.,640562,,5835
640558,Veppadappu,640558,,5835
640889,Adanur,640889,,5839
640858,Adikaripatti,640858,,5839
640886,Appakkarai,640886,,5839
640875,Attipatti,640875,,5839
640869,Avalaseri,640869,,5839
640856,Chinnakattalai,640856,,5839
640879,Chinnapoolampatti,640879,,5839
640883,Chinnaredddipatti,640883,,5839
640848,E. Kottaipatti,640848,,5839
933485,Elumalai,933485,,5839
640914,Elumalai RF,640914,,5839
640888,Genjampatti BIT 1,640888,,5839
933456,Genjampatti BIT 2,933456,,5839
640908,Gopalapuram,640908,,5839
640884,Iswaraberi,640884,,5839
640868,Jambalapuram,640868,,5839
640909,Jari Usilampatti,640909,,5839
640901,Kadaneri,640901,,5839
640853,Kalappanpatti,640853,,5839
640903,Karaikeni,640903,,5839
640885,Kavundanpatti BIT 1,640885,,5839
933463,Kavundanpatti BIT 2,933463,,5839
640867,Kethuvarpatti,640867,,5839
640893,Kilangulam,640893,,5839
640899,Koovalapuram,640899,,5839
640866,Kudippatti,640866,,5839
640874,Kudiseri,640874,,5839
640887,Kunnathur BIT 1,640887,,5839
933466,Kunnathur BIT 2,933466,,5839
640855,Kuppalnatham,640855,,5839
640890,Lakshmipuram,640890,,5839
640863,Mallapuram,640863,,5839
640873,Mangalrevu,640873,,5839
640850,Manibamettupatti,640850,,5839
640882,Mathakkarai,640882,,5839
640860,Melathirumanikkam,640860,,5839
640900,Mothagam,640900,,5839
640912,Muruganeri,640912,,5839
640881,Muthunagayapuram I Bit,640881,,5839
640880,Muthunagayapuram II Bit,640880,,5839
640872,Nagayapuram,640872,,5839
640906,Nallamaran,640906,,5839
640865,Pappinaickenpatti,640865,,5839
640911,Paraipatti,640911,,5839
640895,Peraiyur BIT 1,640895,,5839
933479,Peraiyur BIT 2,933479,,5839
640857,Periyakattalai,640857,,5839
640852,Perungamanallur,640852,,5839
640846,Peryampatti,640846,,5839
640871,Poosalapuram,640871,,5839
640894,Salichandai,640894,,5839
640898,Sandaiyur,640898,,5839
640878,Saptur,640878,,5839
640915,Saptur RF,640915,,5839
640870,Sedapatti,640870,,5839
640862,Selanayakkanpatti,640862,,5839
640854,Sembarani,640854,,5839
640913,Sengulam,640913,,5839
640896,Silaimalaipatti,640896,,5839
640907,Silarpatti,640907,,5839
640910,Sittilotti,640910,,5839
640897,S.Keelapatti,640897,,5839
640861,Soolapuram,640861,,5839
640892,Subbalapuram,640892,,5839
640849,Tadayampatti,640849,,5839
640859,Thirumanickam,640859,,5839
640864,Thullukkuttinayakkanur,640864,,5839
933483,T. Kallupatti,933483,,5839
640847,Uthapuram,640847,,5839
640902,Vairavi Ammapatti,640902,,5839
640905,Vaiyur,640905,,5839
640876,Vandari,640876,,5839
640851,Vannankulam,640851,,5839
640891,Vannivelampatti,640891,,5839
640904,Velambur BIT 1,640904,,5839
933482,Velambur BIT 2,933482,,5839
640877,Vittilpatti,640877,,5839
640923,Alagusirai,640923,,5840
640950,Alappalacheri,640950,,5840
640947,Ammapatti,640947,,5840
640956,Andipatti,640956,,5840
640937,Chettikulam,640937,,5840
640967,Chettipillayarnatham,640967,,5840
640928,Chittalai,640928,,5840
640941,Chockanathanpatti,640941,,5840
640939,Dharmathupatti,640939,,5840
640931,Erramalampatti,640931,,5840
640966,Giriyagoundanpatti,640966,,5840
933544,Jari Senkulam,933544,,5840
640927,Josyar Alangulam,640927,,5840
640946,Kadukulam,640946,,5840
640930,Kandai,640930,,5840
640932,Kangayanatham,640932,,5840
640943,Kappalur,640943,,5840
640919,Karadikal,640919,,5840
640957,Karisalpatti,640957,,5840
640953,Kilavaneri,640953,,5840
640918,Kinnimangalam,640918,,5840
640916,Kokkulam (Anaiyur),640916,,5840
640917,K.Puliyankulam,640917,,5840
640945,Kudiraichanikulam,640945,,5840
640926,Kunnamampatti,640926,,5840
640963,Maikkudi,640963,,5840
640965,Mallampatti,640965,,5840
640944,Maravankulam,640944,,5840
640949,Mathipanur BIT 1,640949,,5840
933555,Mathipanur BIT 2,933555,,5840
640958,Melakottai,640958,,5840
640920,Melandal,640920,,5840
640964,Nadukottai,640964,,5840
640954,Naduvakkottai,640954,,5840
640940,Palakkapudupatti,640940,,5840
640934,Pannikundu,640934,,5840
640933,Pokkampatti,640933,,5840
640924,Ponnamangalam,640924,,5840
640952,Ponnampatti,640952,,5840
640921,Puliyakavundanpatti,640921,,5840
640929,Pungankulam,640929,,5840
640968,Rayapalayam,640968,,5840
640935,Sathangudi BIT 1,640935,,5840
933567,Sathangudi BIT 2,933567,,5840
640951,Sowdarpatti BIT 1,640951,,5840
933574,Sowdarpatti BIT 2,933574,,5840
640942,S.Puliankulam,640942,,5840
640948,Thangalacheri,640948,,5840
640955,Thirali BIT 1,640955,,5840
933578,Thirali BIT 2,933578,,5840
933604,Thirumangalam,933604,,5840
640970,T.Pudupatti (Tirumangalam),640970,,5840
640938,Uchapatti,640938,,5840
640936,Urappanur BIT 1,640936,,5840
933579,Urappanur BIT 2,933579,,5840
640959,Vadagarai,640959,,5840
640922,Vagaikulam,640922,,5840
640925,Vannankulam,640925,,5840
933586,Vengadasamuthiram,933586,,5840
640960,Vidathakulam,640960,,5840
640961,Virusankulam,640961,,5840
641053,Eliyarpatti,641053,,5962
641055,Kombadi,641055,,5962
641026,K.Pudupatti,641026,,5962
933568,Madakkulam,933568,,5962
933714,Melanedunkulam,933714,,5962
932867,MULLAKULAM,932867,,5962
641054,Nedumadurai,641054,,5962
641037,Nilaiyur BIT 1,641037,,5962
641070,Nilaiyur BIT 2,641070,,5962
641056,Othaialangulam,641056,,5962
641058,Paraippathi,641058,,5962
641038,Periya Alangulam,641038,,5962
641057,Periya Koodakoil,641057,,5962
641035,Perungudi,641035,,5962
641019,PUDUKULAM BIT 2,641019,,5962
932886,PUDUKULAM BIT 3,932886,,5962
641027,sakkilipatti,641027,,5962
641039,Soorakkulam,641039,,5962
641067,Thanakkankulam (CT),641067,,5962
641025,Thenpalanji,641025,,5962
641029,Thoppur,641029,,5962
641041,Thottiyapatti,641041,,5962
641071,Tirupparankundram (OG),641071,,5962
641036,Valanendal,641036,,5962
641042,Valayankulam,641042,,5962
641040,Valayapatti,641040,,5962
641028,Vedarpuliankulam,641028,,5962
640841,Allikundam,640841,,5838
640823,Ariyapatti,640823,,5838
640835,Ayanmethupatti,640835,,5838
640797,Ayyanarkulam,640797,,5838
640814,Boodipuram,640814,,5838
640810,Doddappanaickanur,640810,,5838
640837,Eramarpatti,640837,,5838
640791,Eravarpatti,640791,,5838
640839,Jothilnaickanur,640839,,5838
640818,Jothimanickam,640818,,5838
640789,Kalluthu,640789,,5838
640801,Kannanur,640801,,5838
640821,Karumathur,640821,,5838
640816,Kattakaruppanpatti,640816,,5838
640808,Keeripatti,640808,,5838
640802,Kodikulam,640802,,5838
640819,Kovilankulam,640819,,5838
640815,Krishnapuram,640815,,5838
640804,Kuruvakudi,640804,,5838
640840,Manuthu,640840,,5838
640813,Meikkilarpatti,640813,,5838
640799,Mudalaikulam,640799,,5838
640809,Nadupatti,640809,,5838
640843,Nagamalai RF,640843,,5838
640811,Nakkalapatti,640811,,5838
640845,Nallathevanpatti RF,640845,,5838
640838,Nalluthevanpatti,640838,,5838
640822,Nattarmangalam,640822,,5838
640790,Panamoopanpatti,640790,,5838
640800,Panniyan,640800,,5838
640795,Pappapatti,640795,,5838
640831,Perumalpatti,640831,,5838
640796,Poduvarpatti,640796,,5838
640830,Poruppumethupatti,640830,,5838
640827,Pothampatti,640827,,5838
640824,Pottulupatti,640824,,5838
640806,Pudupatti(Anaiyur),640806,,5838
640820,Pullaneri,640820,,5838
640805,Sadaichipatti,640805,,5838
640792,Sakkarappanaickanur,640792,,5838
640812,Seemanuthu,640812,,5838
640828,Sembatti,640828,,5838
640826,Sikkampatti,640826,,5838
640833,Sindupatti,640833,,5838
640807,Sirupatti,640807,,5838
640829,Thidian,640829,,5838
640793,Thimmanatham,640793,,5838
640832,Thummakundu,640832,,5838
640842,Thummalapatti,640842,,5838
640825,Usilampatti,640825,,5838
640794,Uthappanaickanur,640794,,5838
640836,Vagurani,640836,,5838
640817,Valandur,640817,,5838
640834,Veppanuthu,640834,,5838
640798,Vikkiramangalam,640798,,5838
640844,Vikkiramangalam RF,640844,,5838
640803,Vinnakudi,640803,,5838
640763,Achchampatti,640763,,5837
640755,Adanur,640755,,5837
640757,Alagapuri,640757,,5837
933744,Alanganallur,933744,,5837
640759,Amaradakki,640759,,5837
640737,Andipatti,640737,,5837
640741,Ayankurivithurai,640741,,5837
640776,Ayanthenkarai,640776,,5837
933668,Ayyur,933668,,5837
933662,Bodinayakanpatti,933662,,5837
640718,Chatravellalapatti,640718,,5837
640758,Chinnailandaikulam,640758,,5837
640738,Chinnamanayakkanpatti,640738,,5837
640769,Chittalangudi,640769,,5837
933670,Devaseri,933670,,5837
640781,Erakkalamalai RF,640781,,5837
640735,Errampatti,640735,,5837
933658,Ilavankulam,933658,,5837
640744,Irumbadi,640744,,5837
640762,Kallanai,640762,,5837
640748,Kalvelipatti,640748,,5837
640740,Karupatti,640740,,5837
640723,Katchiakatti,640723,,5837
640783,Katchiakatti R.F.,640783,,5837
640777,Katchirairuppu,640777,,5837
640745,Kattakulam,640745,,5837
640753,Keelachinnanampatti,640753,,5837
640751,Kilakarai,640751,,5837
640730,Kodangipatti,640730,,5837
640788,Kodimangalam R.F.,640788,,5837
933628,Konappatti,933628,,5837
640747,Kondayampatti,640747,,5837
640742,Kovilkuruvithurai,640742,,5837
640752,Kovilpatti,640752,,5837
640775,Kovilthenkarai,640775,,5837
640727,Krishnapuram,640727,,5837
933664,Kulasekarankottai,933664,,5837
640767,Kumaram,640767,,5837
640750,Kuthimeikipatti,640750,,5837
640766,Manianji,640766,,5837
640728,Manickampatti,640728,,5837
640743,Mannadimangalam,640743,,5837
640787,Mannadimangalam R.F.,640787,,5837
640779,Mellakkal,640779,,5837
640717,Mettupatti,640717,,5837
640733,Muduvarpatti,640733,,5837
640774,Mullipallam,640774,,5837
640722,Nachikulam,640722,,5837
640770,Nagari,640770,,5837
640772,Nedungulam,640772,,5837
933671,Neerathan,933671,,5837
933632,Palamedu,933632,,5837
640764,Pannaikudi,640764,,5837
640731,Paraipatti,640731,,5837
640761,Parali,640761,,5837
640749,Periya Ilandaikulam,640749,,5837
640782,PerumalaiR.F.,640782,,5837
933641,Pettai,933641,,5837
640726,Rajakkalpatti,640726,,5837
640720,Ramayagoundenpatti,640720,,5837
640760,Sambakulam,640760,,5837
640732,Saranthangi,640732,,5837
640784,Sembathi R.F,640784,,5837
640725,Sempatti,640725,,5837
640716,Senthamangalam,640716,,5837
933648,Sholavandan,933648,,5837
640780,Sirumalai R.F.,640780,,5837
933656,Solaikurichi,933656,,5837
640734,Sukkampatti,640734,,5837
640765,Tandalai,640765,,5837
640768,Tattankulam,640768,,5837
640746,Thanichiyam,640746,,5837
933666,Thathampatti,933666,,5837
640724,Thethoor,640724,,5837
640773,Thirumalnattam,640773,,5837
640771,Thiruvalavayanallur,640771,,5837
640778,Thiruvedagam,640778,,5837
640739,Thummachchampatti,640739,,5837
640754,Urseri,640754,,5837
640785,Usilampatti R.F,640785,,5837
640786,Vaguthumalai R.F.,640786,,5837
640736,Vaigasipatti,640736,,5837
640719,Valayapatti,640719,,5837
640756,Vavidamaruthur,640756,,5837
640729,Vellaiyampatti,640729,,5837
640721,Viralipatti,640721,,5837
637501,Alangudi,637501,,5797
637535,Ananthanallur,637535,,5797
637527,Ariyalur,637527,,5797
637507,Asikkadu,637507,,5797
637546,Elumagalur,637546,,5797
637544,Gangadharapuram,637544,,5797
933782,இனாம் குத்தாலம்,933782,,5797
637513,Inam Senniyanallur,637513,,5797
637517,Inam Tiruvalangadu,637517,,5797
933783,இனாம் உமாம்பால்புரம்,933783,,5797
637504,Kadalangudi,637504,,5797
637540,Kanjuvoy,637540,,5797
637533,Kappur,637533,,5797
637539,Karuppur,637539,,5797
637529,Kazhanivasal,637529,,5797
637549,Kilaparuthikudi,637549,,5797
637552,Kodimangalam,637552,,5797
637520,Kokkur,637520,,5797
637536,Komal - East,637536,,5797
637537,Komal - West,637537,,5797
637554,Konerirajapuram I Bit,637554,,5797
637556,Konerirajapuram II Bit,637556,,5797
637543,Kothangudi,637543,,5797
637534,Kozhaiyur,637534,,5797
637506,Kshetrapalapuram,637506,,5797
933781,குத்தாலம்,933781,,5797
637515,Madhirimangalam,637515,,5797
637548,Mandai,637548,,5797
637532,Manganallur,637532,,5797
637521,Maruthur,637521,,5797
637514,Mekkirimangalam,637514,,5797
637553,Melagalangam,637553,,5797
637511,Melaiyur,637511,,5797
637510,Melaiyur Thulasenthirapuram,637510,,5797
637550,Melaparuthikudi,637550,,5797
637547,Nakkambadi,637547,,5797
637551,Nallavur,637551,,5797
637541,Palaiyur,637541,,5797
637519,Palayagudalure,637519,,5797
637531,Pandaravadai,637531,,5797
637538,Peravur,637538,,5797
637522,Perumalkoil,637522,,5797
637528,Peruncheri,637528,,5797
637545,Porumbur,637545,,5797
637524,Sengudi,637524,,5797
637512,Senniayanallur,637512,,5797
637555,Sivanaragaram,637555,,5797
637542,Srikantapuram,637542,,5797
637530,Thathangudi,637530,,5797
637523,Therizhandur,637523,,5797
637502,Thirumannancheri,637502,,5797
637526,Thirunelkondacheri,637526,,5797
637508,Tholuthalangudi,637508,,5797
637509,Thulasenthirapuram,637509,,5797
637518,Tiruvaduthurai,637518,,5797
637516,Tiruvalangadu,637516,,5797
637525,Valuvur,637525,,5797
637503,Vanadirajapuram,637503,,5797
637505,Villiyanallur,637505,,5797
933791,அபிஷக கட்டளை,933791,,5796
637498,Agarakkirangudi,637498,,5796
637488,Anaimelagaram,637488,,5796
637473,Anathandavapuram,637473,,5796
637476,Arulmolithevan,637476,,5796
637469,Aruvappadi,637469,,5796
637451,Attur,637451,,5796
637464,Budangudi,637464,,5796
637471,Dharmadanapuram,637471,,5796
637445,Elanthoppu,637445,,5796
637467,Ivanallur,637467,,5796
637447,kadakkam,637447,,5796
637450,Kadalangudi,637450,,5796
637444,Kaduvangudi,637444,,5796
637466,Kali -I,637466,,5796
637465,Kali II Bit,637465,,5796
637475,Kanganamputhur,637475,,5796
637470,Keelamarudandanallur,637470,,5796
637452,Kesingan,637452,,5796
637453,Kiloy,637453,,5796
637497,Kodangudi,637497,,5796
933788,கொரநாடு,933788,,5796
637468,Korukkai,637468,,5796
637499,Kovangudi,637499,,5796
637496,Kulichar,637496,,5796
637443,Kurichi,637443,,5796
637481,Maharajapuram,637481,,5796
637484,Manakkudi,637484,,5796
933787,மனல்மேடு,933787,,5796
637495,Mannampandal,637495,,5796
637500,Maraiyur,637500,,5796
637492,Mayiladuthurai,637492,,5796
637460,Melanallur,637460,,5796
637472,Mozhaiyur,637472,,5796
637448,Mudikandanallur,637448,,5796
637479,Murugamangalam,637479,,5796
637489,Muvalur,637489,,5796
637493,Nallathukudi,637493,,5796
637463,Namasivayapuram,637463,,5796
637474,Nidur,637474,,5796
637486,Pandaravadaimappadugai,637486,,5796
637477,Pandur,637477,,5796
637491,Pattamangalam,637491,,5796
933789,பட்டமங்கலம் அபிசேக கட்டளை,933789,,5796
637446,Pattavarthi,637446,,5796
637459,Ponmasanallur,637459,,5796
637480,Ponnur,637480,,5796
933790,புது அக்ரஹாரம்,933790,,5796
637494,Serudiyur,637494,,5796
637458,Sethur,637458,,5796
637487,Sholampettai,637487,,5796
637442,Siddamalli,637442,,5796
637490,Sitharkadu,637490,,5796
637456,Talainayar,637456,,5796
637457,Talainayar II Bit,637457,,5796
637462,Thalancheri,637462,,5796
637482,Thiruindalur,637482,,5796
637478,Thirumangalam,637478,,5796
637454,Thiruvalaputhur,637454,,5796
637449,Tiruchitrambalam,637449,,5796
637483,Uluthakuppai,637483,,5796
637455,Varadampattu,637455,,5796
637485,Vellalar agaram,637485,,5796
637461,Villiyanallur,637461,,5796
637362,Achalpuram,637362,,5795
637400,Agani,637400,,5795
637398,Agaraelathur,637398,,5795
637417,Agaraperunthottam,637417,,5795
637369,Agaravattaram,637369,,5795
637355,Alakkudy,637355,,5795
637365,Alalasundram,637365,,5795
637386,Alangadu,637386,,5795
637428,Alaveli,637428,,5795
637360,Arapallam,637360,,5795
637383,Arasur,637383,,5795
637393,Arpakkam,637393,,5795
637396,Athiyur,637396,,5795
933780,எடக்குடி வடபாதி பாகம் 2,933780,,5795
637422,Edakudivasapathy I,637422,,5795
637389,Edamanal,637389,,5795
637382,Erukkur,637382,,5795
637376,Gopalasamuthiram,637376,,5795
933775,குனதலபாடி,933775,,5795
637391,Kadavasal,637391,,5795
637426,Kadhiramangalam,637426,,5795
933773,கைவிலாஞ்சேரி,933773,,5795
637372,Kannapiranadi,637372,,5795
637425,Kanniyakudi,637425,,5795
637421,Karaimedu,637421,,5795
637423,Karkoil,637423,,5795
637433,Kathiruppu,637433,,5795
637357,Kattur,637357,,5795
637438,Keelaiyur,637438,,5795
637397,Keelamathur,637397,,5795
637419,Keelasattanathapuram,637419,,5795
637405,Kondal,637405,,5795
637430,Kondathur,637430,,5795
637431,Kondathur,637431,,5795
637375,Koothiyampettai,637375,,5795
637380,Kunnam,637380,,5795
637370,Madhanam,637370,,5795
637378,Madiravelur,637378,,5795
637385,Maharajapuram,637385,,5795
637356,Mahendrapalli,637356,,5795
637418,Mangaimadam,637418,,5795
637439,Manigramam,637439,,5795
637406,Marudhangudy,637406,,5795
933778,மருவத்தூர்,933778,,5795
637440,Melaiyur,637440,,5795
637361,Mudhalaimedu,637361,,5795
933776,முகாசாத்தோட்டம்,933776,,5795
637364,Nallanayakipuram,637364,,5795
637435,Nangur,637435,,5795
637427,Natham,637427,,5795
637404,Nemmeli,637404,,5795
637413,Neppathur,637413,,5795
637374,Odhavanthangudy,637374,,5795
637395,Olayampudur,637395,,5795
637384,Pachaiperumanallur,637384,,5795
637432,Pagasalai,637432,,5795
637366,Palayapalayam,637366,,5795
637373,Pannangudy,637373,,5795
637407,Perumangalam,637407,,5795
637415,Perunthottam I,637415,,5795
637416,Perunthottam - II,637416,,5795
637358,Pudupattinam,637358,,5795
637411,Puduthurai,637411,,5795
637359,Puliyanthurai,637359,,5795
637408,Punganur,637408,,5795
637381,Puthur,637381,,5795
637388,Radhanallur,637388,,5795
637436,Radhanallur,637436,,5795
637409,Sattanathapuram,637409,,5795
637429,Semangalam,637429,,5795
637434,Sembathaniruppu,637434,,5795
637401,Semmangudy,637401,,5795
637371,Serugudy,637371,,5795
933774,சீர்காழி,933774,,5795
637377,Sothiyakudi,637377,,5795
637367,Thandavankulam,637367,,5795
933777,தாடாளன்கோவில்,933777,,5795
637414,Thennampattiam,637414,,5795
637403,Thillaividangan,637403,,5795
637402,Thirukkarukavur,637402,,5795
637363,Thirumailadi,637363,,5795
637387,Thirumullaivasal,637387,,5795
637412,Thirunagiri,637412,,5795
637424,Thiruppangur,637424,,5795
637420,Thiruvaly,637420,,5795
637437,Thiruvengadu,637437,,5795
637410,Thittai,637410,,5795
637392,Umayalpathy,637392,,5795
637379,Vadarengam,637379,,5795
637399,Valluvakudi,637399,,5795
637441,Vanagiri,637441,,5795
637390,Varisaipathuvadagal,637390,,5795
637368,Vettangudy,637368,,5795
637394,Villandhidasa Samuthiram,637394,,5795
637596,Agaradhanur,637596,,5798
637613,agaravallam,637613,,5798
637572,Akkurpandaravadai,637572,,5798
637593,Annavasal,637593,,5798
637611,Arasur,637611,,5798
637579,Arupathy,637579,,5798
637604,Athuppakkam,637604,,5798
637623,Chandirappadi,637623,,5798
637599,Eachangudi,637599,,5798
637614,Edakkudi,637614,,5798
637620,Eduthukkatti,637620,,5798
637608,Eravancheri,637608,,5798
933796,எருக்கட்டாசேரி,933796,,5798
637600,Gudalur,637600,,5798
637592,Ilaiyalur,637592,,5798
637619,Iluppur,637619,,5798
637595,Kadakkam,637595,,5798
637602,Kahiyappanallur,637602,,5798
637576,Kalahasthinathapuram,637576,,5798
637570,Kalamanallur,637570,,5798
637557,Kanjanagaram,637557,,5798
637559,Karuvazhakarai,637559,,5798
637622,Kattucheri,637622,,5798
637590,Keelamathur,637590,,5798
637565,Kidarankondan,637565,,5798
637574,Kildangal,637574,,5798
637594,Kilianur,637594,,5798
637589,Killiyur,637589,,5798
637564,Kizhaiyur,637564,,5798
637568,Kizhaperumpallam,637568,,5798
637612,Kodavilagam,637612,,5798
637610,Kothangudi,637610,,5798
637560,Lakshiminayanapuram I,637560,,5798
637561,Lakshminayanapuram II,637561,,5798
637583,Madapuram,637583,,5798
637571,Mamakudi,637571,,5798
637585,Manikkapangu,637585,,5798
637569,Marudampallam,637569,,5798
637588,Mathur,637588,,5798
637558,Melaiyur,637558,,5798
637567,Melaperumpallam,637567,,5798
637591,Memathur,637591,,5798
637577,Mudikandanallur,637577,,5798
637582,Mukkarumbur,637582,,5798
637597,Muthur,637597,,5798
637563,Nadukkarai Keelapathi,637563,,5798
637562,Nadukkarai Melpathi,637562,,5798
637607,Naduvasal,637607,,5798
637618,Nalladai,637618,,5798
637598,Narasinganatham,637598,,5798
637580,Parasalur,637580,,5798
637615,Perambur,637615,,5798
637584,Pillaiperumalnallur,637584,,5798
933794,பொறையார்,933794,,5798
637575,Ramachandrankoilpathu,637575,,5798
933792,சாத்தங்குடி,933792,,5798
637578,Sembanarkoil,637578,,5798
637616,Sethur,637616,,5798
637566,Thalaiyudaiyarar Koil Pathy,637566,,5798
637603,Thillaiyadi,637603,,5798
637586,Thirukkadaiyur,637586,,5798
637621,Thirukkalacheri,637621,,5798
637601,Thiruvidakazhi,637601,,5798
637609,Thiruvillaiyattam,637609,,5798
637581,Tiruchampalli,637581,,5798
637587,T.Manalmedu,637587,,5798
637573,Udayayarkoil Pathy,637573,,5798
637606,Uthirangudi,637606,,5798
637617,Vilagam,637617,,5798
637605,Visalur,637605,,5798
637716,agarakadambanur,637716,,5800
637713,Anaimangalam,637713,,5800
637737,Anakkudi,637737,,5800
637733,Anthagudi,637733,,5800
637721,Athipuliyur,637721,,5800
637746,Chinathumboor,637746,,5800
637751,Cholavidyapuram,637751,,5800
637715,Eravancheri,637715,,5800
637743,Erayankudy,637743,,5800
637725,Iluppur,637725,,5800
637730,Irukkai,637730,,5800
637727,Kakkalani,637727,,5800
637758,Karappidagai (North),637758,,5800
637760,Karappidagai (South),637760,,5800
637752,Karunguni,637752,,5800
637756,Keelaiyur,637756,,5800
637755,Kilapidagai,637755,,5800
637740,Killukudi,637740,,5800
933785,கீழ்வேளூர்,933785,,5800
637712,Kohur,637712,,5800
637741,Koilkanapoor,637741,,5800
637735,Koorathangudi,637735,,5800
637722,Koothur,637722,,5800
637720,Kurukkathi,637720,,5800
637714,Kurumanangudi,637714,,5800
637732,Manallur,637732,,5800
637736,Manalur,637736,,5800
637739,Mohanur,637739,,5800
637710,Okkur,637710,,5800
637749,Ottathattai,637749,,5800
637750,Palakurichi,637750,,5800
637723,Pattamangalam,637723,,5800
637747,Prathabaramapuram,637747,,5800
637729,Radhamangalam,637729,,5800
637742,Sathiyakudi,637742,,5800
637726,Serunallur,637726,,5800
637734,Sigar,637734,,5800
637748,Thalayamazhai,637748,,5800
637745,Thanilappadi,637745,,5800
637728,Thevur,637728,,5800
637719,Thirukkanangudi Agaram,637719,,5800
637754,Thiruppoondi (East),637754,,5800
637753,Thiruppoondi (West),637753,,5800
637718,Thurukkanangudi,637718,,5800
637711,Vadagarai,637711,,5800
637724,Vadakkalathur,637724,,5800
637717,Vadakkuveli,637717,,5800
637738,Vandalur,637738,,5800
637744,Vappanchery,637744,,5800
933784,வேளாங்கண்ணி,933784,,5800
637709,Vengidangal,637709,,5800
637757,Venmanacheri,637757,,5800
637731,Venmani,637731,,5800
637761,Vettaikkaraniruppu,637761,,5800
637759,Vizhunthamavadi,637759,,5800
637691,Abaranadari,637691,,5799
637642,Adalaiyur,637642,,5799
637705,Agalangam,637705,,5799
637649,Agarakondagai,637649,,5799
637697,Agaraorathur,637697,,5799
637699,Alangudi,637699,,5799
637632,Alathur,637632,,5799
637625,Ambal,637625,,5799
637689,Andanapettai (Part),637689,,5799
637631,Arulmuzhithevan,637631,,5799
637643,Enangudi,637643,,5799
637627,Ervadi,637627,,5799
637663,Gopurajapuram,637663,,5799
637629,Idaiyathangudi,637629,,5799
637682,Ilandambanur,637682,,5799
637650,Iravancheri,637650,,5799
637688,Ivanallur,637688,,5799
637676,Kangalancheri,637676,,5799
637674,Karaiyur,637674,,5799
637695,Karuvalangadai,637695,,5799
637647,Kattumavadi,637647,,5799
637639,kayattur,637639,,5799
637628,Kidamangalam,637628,,5799
637661,Kilabudanur,637661,,5799
637672,Kilathanjavur,637672,,5799
637624,Kongaryanallur,637624,,5799
637648,Kottamangalam,637648,,5799
637626,Kottapadi,637626,,5799
637671,Kottarakkudi,637671,,5799
637654,Kottur,637654,,5799
637704,Kuruchi,637704,,5799
637635,Kuruvadi,637635,,5799
637667,Kuttalam,637667,,5799
637640,Madirimangalam,637640,,5799
637701,Mahadanam,637701,,5799
637707,Manjakollai (CT),637707,,5799
637662,Marungur,637662,,5799
637660,Melabudanur,637660,,5799
637687,Nagappattinam,637687,,5799
637679,Nagore (Kottagam),637679,,5799
637666,Narimanam,637666,,5799
637669,Neykuppai,637669,,5799
637696,Orauthur,637696,,5799
637681,Palaiyur,637681,,5799
637664,Panangudi,637664,,5799
637634,Pandaravadai,637634,,5799
637693,Pappakovil,637693,,5799
637670,Periyakannamangalam,637670,,5799
637677,Perungandambanur,637677,,5799
637659,Pillali,637659,,5799
637636,Polagam,637636,,5799
637692,Ponveli,637692,,5799
637637,Porakudi,637637,,5799
637708,Poravacheri (CT),637708,,5799
637698,Puduchery,637698,,5799
637644,Pudukkadai,637644,,5799
637641,Puttagaram,637641,,5799
637656,Rarantimangalam,637656,,5799
637651,Segal,637651,,5799
637686,Sellur,637686,,5799
637706,Sembiyamahadevi,637706,,5799
637685,Sengamangalam,637685,,5799
637630,Seshamulai,637630,,5799
637690,Sikkal,637690,,5799
637646,Siyathanmangai,637646,,5799
637684,Srirangadipuliyur,637684,,5799
637657,Tenkarai,637657,,5799
637633,Tenpidagai,637633,,5799
637683,Themangalam,637683,,5799
637703,Therkupoigainallur,637703,,5799
637680,Thethi,637680,,5799
933772,திட்டச்சேரி,933772,,5799
637652,Tiruchengathangudi,637652,,5799
637653,Tirukkannapuram,637653,,5799
637645,Tirumarugal,637645,,5799
637673,Tiruppayathangudi,637673,,5799
637638,Tirupugalur,637638,,5799
637668,Turaiyur,637668,,5799
637665,Uttamacholapuram,637665,,5799
637655,Vadagarai,637655,,5799
637694,Vadakkupoigainallur,637694,,5799
637678,Vadakudi,637678,,5799
637702,Vadavoor,637702,,5799
637700,Vadugachery,637700,,5799
637675,Vazhkkudi,637675,,5799
637658,Virukudi,637658,,5799
637763,Adhamangalam,637763,,5801
637764,Anakkudi,637764,,5801
637796,Ayemoor,637796,,5801
637778,Esanur,637778,,5801
637780,Ettugudi,637780,,5801
637772,Karugudi,637772,,5801
637784,Katchanagaram,637784,,5801
637782,Keeramber,637782,,5801
637768,Kodiyalathur,637768,,5801
637771,Kolappadu,637771,,5801
637794,Kothangudi,637794,,5801
637785,Kottangudi,637785,,5801
637775,Madapuram,637775,,5801
637774,Malavelakarai,637774,,5801
637790,Manakkudi,637790,,5801
637776,Meenamanallur,637776,,5801
637783,Muthurasapuram,637783,,5801
637788,Nathapalam,637788,,5801
637792,Neermulai,637792,,5801
637770,Panangadi,637770,,5801
637769,Pangal,637769,,5801
637795,Pannaitheru,637795,,5801
637789,Puthur,637789,,5801
637787,Sithamoor,637787,,5801
637762,Thenmarudur,637762,,5801
637766,Therkupanaiyur,637766,,5801
637793,Thirividaimaruthur,637793,,5801
637773,Thirukuvalai,637773,,5801
637779,Thiruvaimur,637779,,5801
637786,Tholuthur,637786,,5801
637765,Vadakkupanaiyur,637765,,5801
637791,Vadugoor,637791,,5801
637777,Valakarai,637777,,5801
637767,Valivalam,637767,,5801
637781,Vallam,637781,,5801
637842,Adhanur,637842,,5802
933826,அகஷ்தியபள்ளி,933826,,5802
637806,Andagathurai,637806,,5802
637834,Ayakkarambulam III Sethi,637834,,5802
637839,Ayakkarambulam IV Sethi,637839,,5802
637833,Ayakkaranbulam II Sethi,637833,,5802
637826,Ayakkaranbulam Ist Sethi,637826,,5802
637811,Chettipulam,637811,,5802
637797,Kadanthethi,637797,,5802
637841,Kadinevayal,637841,,5802
637801,Kallimedu,637801,,5802
637832,Karurpambulam,637832,,5802
637816,Katharipuram,637816,,5802
637844,Kodiakarai,637844,,5802
637843,Kodiakkadu,637843,,5802
637798,Kovilpathu,637798,,5802
637827,Kuravapuram,637827,,5802
637812,Maharajapuram (East),637812,,5802
933829,மஹராஜபுரம் கீழ்பாதி,933829,,5802
637805,Maharajapuram (West),637805,,5802
637825,Marudur Therku,637825,,5802
637818,Marudur Vadakku,637818,,5802
637808,Mulakarai,637808,,5802
637813,Nagakudaiyan,637813,,5802
637800,Naluvedapathi,637800,,5802
637831,Neivilakku,637831,,5802
637838,Pachanathikulam Middle,637838,,5802
637835,Panchanathikulam East,637835,,5802
637836,Panchanathikulam West,637836,,5802
637840,Pannal,637840,,5802
933798,பிரிஞ்சிமூளை,933798,,5802
637829,Periyakuthagai,637829,,5802
637846,Periyakuthagai RF,637846,,5802
637807,Piranthiyankarai,637807,,5802
637847,Pointkalimere R.F.,637847,,5802
637814,Pushpavanam,637814,,5802
637817,Sembagarayanellur,637817,,5802
637815,Sembodai,637815,,5802
637802,Talanayar,637802,,5802
637845,Talanayar R.F.,637845,,5802
637820,Thagattur Pethachikadu,637820,,5802
637819,Thagattur Subramanyakadu,637819,,5802
933804,தலைஞாயிரு 1 ம் சேத்தி,933804,,5802
933805,தலைஞாயிரு 2 ம் சேத்தி,933805,,5802
933807,தலைஞாயிரு 3 ம் சேத்தி,933807,,5802
933808,தலைஞாயிரு 4 ம் சேத்தி,933808,,5802
933810,தலைஞாயிரு 5 ம் சேத்தி,933810,,5802
933801,தலைஞாயிரு அக்ரஹாரம்,933801,,5802
637821,Thanikpttagam,637821,,5802
637837,Thennadar,637837,,5802
637828,Thethakudi North,637828,,5802
637830,Thethakudi South,637830,,5802
933799,திருமாலம்,933799,,5802
933811,தோப்புத்துறை,933811,,5802
637804,Thulasapuram,637804,,5802
637803,Umbalacheri,637803,,5802
637810,Vadamazhai,637810,,5802
637824,Vaimedu East,637824,,5802
637823,Vaimedu west,637823,,5802
637822,Vanduvancheri,637822,,5802
637809,Vedaraniyapuram,637809,,5802
933822,வேதாரன்யம் பாகம்,933822,,5802
933824,வேதரன்யம் பட்டினம்,933824,,5802
933820,வேதாரன்யம்,933820,,5802
637799,Vellapallam,637799,,5802
634567,Adakkampudukombai,634567,,6625
634583,Adakkampudukombai R.F.,634583,,6625
634565,Alathurnadu,634565,,6625
634621,Ariyurnadu,634621,,6625
634695,Ariyursolai R.F.,634695,,6625
634560,Bailnadu,634560,,6625
634576,Bailnadu R.F. North,634576,,6625
634579,Bailnadu South R.F.,634579,,6625
634561,Chithurnadu,634561,,6625
634640,Devanurnadu,634640,,6625
634562,Edappulinadu,634562,,6625
634566,Gundaninadu,634566,,6625
634619,Gundurnadu,634619,,6625
634696,Gundur R.F.,634696,,6625
634698,Jambuthu R.F.,634698,,6625
634564,Pelappadinadu,634564,,6625
634559,Peraikkarinadu,634559,,6625
634697,Puliansolai R.F.,634697,,6625
634700,Selur Extension R.F.,634700,,6625
634641,Selurnadu,634641,,6625
634699,Selur R.F.,634699,,6625
634701,Thalamalai (R.F.),634701,,6625
634570,Thimmanur RF,634570,,6625
634571,Thimmanur RF Extension,634571,,6625
634639,Thinnanurnadu,634639,,6625
634563,Thiruppulinadu,634563,,6625
634620,Valappurnadu,634620,,6625
634622,Valavanthinadu,634622,,6625
634399,Anangur,634399,,6634
932875,Ayyampalayam Agraharam,932875,,6634
634471,Ellandaikuttai (CT),634471,,6634
634405,Kadachanallur,634405,,6634
634400,Kaliyanur,634400,,6634
634401,Kaliyanur Agraharam,634401,,6634
634444,Kokkarayanpettai,634444,,6634
634369,Kumarapalaiyam Agraharam,634369,,6634
932877,Kumarapalayam Amani,932877,,6634
634372,Modamangalam,634372,,6634
634373,Modamangalam Agraharam,634373,,6634
634404,Odappalli Agraharam,634404,,6634
932880,Padaveedu,932880,,6634
634370,Pallakkapalaiyam,634370,,6634
634403,Pallipalaiyam Agraharam (Part),634403,,6634
932882,Pallipalayam,932882,,6634
634473,Pallipalayam Agraharam (CT),634473,,6634
634443,Pappampalayam,634443,,6634
634474,Pudupalayam Agraharam (CT),634474,,6634
634402,Samayasangili Agraharam,634402,,6634
634371,Sowdapuram,634371,,6634
634470,Thathankuttai (CT),634470,,6634
634767,Agrahara Manappalli,634767,,6635
634684,Agrahara valavanthi,634684,,6635
932531,அ மேட்டுப்பட்டி,932531,,6635
634687,Andapuram,634687,,6635
932482,ஆண்டாபுரம் அக்ரஹாரம்,932482,,6635
634675,Aniyapuram,634675,,6635
634688,Arasanatham,634688,,6635
634690,Ariyur,634690,,6635
634686,Arur,634686,,6635
932474,சின்னபெத்தாம்பட்டி,932474,,6635
634753,Idumbankulam,634753,,6635
634745,Kalipalayam,634745,,6635
634765,Komarapalayam,634765,,6635
634747,K.Puliyampatti,634747,,6635
634689,Kumaripalayam,634689,,6635
634746,Kutlamparai,634746,,6635
634669,Laddivadi,634669,,6635
634748,Madagasampatty,634748,,6635
634685,M Mettupatti,634685,,6635
932469,மோகனூா்,932469,,6635
932492,மூர்த்திநாய்க்கன்பட்டி,932492,,6635
634764,Nanjai Edayar,634764,,6635
634666,N.Puduppatti,634666,,6635
634693,Oruvandur,634693,,6635
634676,Parali,634676,,6635
634749,Perumandampalayam,634749,,6635
634691,Pettaipalayam,634691,,6635
634752,Ponjai Idaiyar Keelmugam,634752,,6635
634692,Rasipalayam,634692,,6635
634766,Sarkar Manappalli,634766,,6635
634751,Sengapalli,634751,,6635
634682,Sevindipatti,634682,,6635
634750,Sircarvalavandhi,634750,,6635
932504,திப்ரமகாதேவி அக்ரஹாரம்,932504,,6635
634674,Tholur,634674,,6635
634678,Tipramahadevi,634678,,6635
634683,Vadavathur,634683,,6635
634677,Valaiyapatti,634677,,6635
932499,வாழவந்தி இனாம்,932499,,6635
931992,அக்ரஹார அய்யம்பாளையம்,931992,,5747
634585,Agraharanathamangalam,634585,,5747
634611,Agrahara Uduppam,634611,,5747
634587,Ananthakrishnarayasamudram,634587,,5747
931958,ஆவல்நாயக்கன்பட்டி,931958,,5747
931983,சின்ன முதலைப்பட்டி,931983,,5747
634606,Dadhadripuram,634606,,5747
634607,Dadhadripuram Karadipatti,634607,,5747
931980,இளையாபுரம் அக்கரஹாரம்,931980,,5747
634605,Elur,634605,,5747
634650,Eranapuram,634650,,5747
634631,Illaiyapuram Ayan,634631,,5747
634588,Jekkalnayakkanpatti,634588,,5747
932005,ஜோடிகை அணியார்,932005,,5747
634591,Kadandapatti,634591,,5747
634634,Kadappalli,634634,,5747
634593,Kadiranallur,634593,,5747
634612,Kalangani,634612,,5747
634586,Kalyani,634586,,5747
634600,Kannurpatti,634600,,5747
634608,Karadipatti Thanathampatti,634608,,5747
634609,Karadippatti,634609,,5747
634613,Karakuruchi,634613,,5747
634654,Keerambur,634654,,5747
634673,Kilsathambur,634673,,5747
931978,கொண்டிசெட்டிப்பட்டி,931978,,5747
634672,Konur,634672,,5747
634604,Lakkapuram,634604,,5747
931998,மாரப்பநாயக்கன்பட்டி,931998,,5747
634636,Marurpatti,634636,,5747
931995,மேலப்பட்டி மேல்முகம்,931995,,5747
634614,Minnampalli,634614,,5747
634632,Mitta Aniyar,634632,,5747
931987,முதலைப்பட்டி,931987,,5747
932017,நல்லாக்கவுண்டம் பாளையம்,932017,,5747
931964,நல்லிபாளையம்,931964,,5747
931961,நாமக்கல்,931961,,5747
931973,நரவலூா் அக்ரஹாரம்,931973,,5747
634652,Naravalur Thottipalayam,634652,,5747
634603,Navani,634603,,5747
931985,என்.கொசம்பட்டி,931985,,5747
634589,Pachal,634589,,5747
634635,Pappinayakkanpatti,634635,,5747
931976,பொியகவுண்டம்பாளையம்,931976,,5747
931977,பொியப்பட்டி,931977,,5747
634590,Pidaripatti,634590,,5747
634601,Podangam,634601,,5747
634592,Ramanayakkanpatti,634592,,5747
932019,ரங்கப்பநாயக்கன் பாளையம்,932019,,5747
634671,Rasampalayam,634671,,5747
932014,ஆா்.புளியம்பட்டி,932014,,5747
634584,Sarkarnattamangalam,634584,,5747
634630,Sarkar Uduppam,634630,,5747
932011,சா்வமாண்ய அணியார்,932011,,5747
634633,Seiluvampatti,634633,,5747
634628,Sellappampatti,634628,,5747
931971,சிங்கிலிபட்டி,931971,,5747
634602,Tattayyangarpatti,634602,,5747
634629,Thalambadi,634629,,5747
634651,Thaligai,634651,,5747
634610,Thanathampatti,634610,,5747
634653,Thindamangalam,634653,,5747
634670,Thottippatti,634670,,5747
931968,தும்மங்குறிச்சி,931968,,5747
634668,Vagurampatti,634668,,5747
634655,Vallipuram,634655,,5747
634667,Vasanthapuram,634667,,5747
634647,Veesanam,634647,,5747
634646,Vettampadi,634646,,5747
931982,விட்டமநாயக்கன்பட்டி,931982,,5747
634761,Agrahara Bommalapalayam,634761,,5748
634763,Agrahara Kondalam,634763,,5748
634756,Agraharakunnathur,634756,,5748
932350,அக்ரஹார வெங்கரை,932350,,5748
634757,Anangur,634757,,5748
634717,Ariyurpatti,634717,,5748
634732,Arthanaripalayam,634732,,5748
634709,Devanampalayam,634709,,5748
932356,தேவராயசமுத்திரம்,932356,,5748
634722,Ellampalli,634722,,5748
634723,E.Nallagoundampalayam,634723,,5748
634755,Gopanampalayam,634755,,5748
634743,Irukkur,634743,,5748
634716,Iruttanai,634716,,5748
634742,Kabilakkurichi,634742,,5748
634713,Kodur,634713,,5748
634714,Kodur Agraharam,634714,,5748
634711,Kolaram,634711,,5748
634739,Kottamangalam,634739,,5748
634727,Kudacheri,634727,,5748
634725,Kunnamalai,634725,,5748
634707,Kuppirikapalayam,634707,,5748
634738,Kurumbalamahadevi,634738,,5748
634744,Maniekanatham,634744,,5748
634710,Maniyanur,634710,,5748
634726,Melsathambur,634726,,5748
634758,M.Kunnathur,634758,,5748
634733,Nadandai,634733,,5748
634719,Nallur,634719,,5748
932341,பாண்டமங்கலம்,932341,,5748
932337,பரமத்தி,932337,,5748
634741,Periasolipalayam,634741,,5748
634708,Perunkurichi,634708,,5748
634731,Pillakalathur,634731,,5748
634759,Pillikalpalayam,634759,,5748
634730,Pillur,634730,,5748
634715,Pirandagam,634715,,5748
932352,பொத்தனூா்,932352,,5748
932359,புஞ்சை இடையாா் மேல்முகம்,932359,,5748
634718,Ramadevam,634718,,5748
634712,Sarkarserukali,634712,,5748
932344,சா்க்காா் வெங்கரை,932344,,5748
634760,Selur,634760,,5748
634734,Sirapalli,634734,,5748
634737,Sirunallikoil,634737,,5748
634724,Sittampoondi,634724,,5748
634762,S.Kondalam,634762,,5748
634721,Solasiramani,634721,,5748
634720,Sullipalayam,634720,,5748
634728,Sungakarampatty,634728,,5748
634736,Tidumal,634736,,5748
634735,T.Kavundampalayam,634735,,5748
634740,Vadagarai Attur,634740,,5748
932361,வேலூா்,932361,,5748
634729,Villipalayam,634729,,5748
634754,Viranampalayam,634754,,5748
634549,3 Komarapalayam,634549,,5746
634479,85 Komarapalayam,634479,,5746
634507,Akkaraipatti,634507,,5746
634502,Alampatti,634502,,5746
634503,Alavaipatti,634503,,5746
634543,Anaikattipalayam,634543,,5746
634551,Anaipalayam,634551,,5746
634478,Anandagoundempalayam,634478,,5746
634542,Andagalore,634542,,5746
634480,Annamalaipatti,634480,,5746
932926,Ariyagoundampatty,932926,,5746
932917,Athanur,932917,,5746
932927,Athanur Ayeepalayam,932927,,5746
634548,Ayeepalayam,634548,,5746
634488,Ayilpatti,634488,,5746
634569,Bodamalai RF,634569,,5746
634540,Chandrasegarapuram Agraharam,634540,,5746
634555,Chinnakkapalayam,634555,,5746
634532,Chinnasekkadi,634532,,5746
634545,Ellapalayam,634545,,5746
634491,Eswaramurthipalayam,634491,,5746
634487,Gedamalai,634487,,5746
634517,Kakkaveri,634517,,5746
634499,Kallankulam,634499,,5746
634522,Karaiampatti,634522,,5746
634495,Karkoodalpatti Bit 1,634495,,5746
932928,Karkoodalpatty Bit 2,932928,,5746
932929,Karkoodalpatty Bit 3,932929,,5746
634515,Kattanachempatti,634515,,5746
634481,Keeranur,634481,,5746
634486,Kilur,634486,,5746
634535,Kolakkamedu,634535,,5746
634516,Koneripatti,634516,,5746
634544,Koonavelampatti,634544,,5746
634547,Koppampatti,634547,,5746
634550,Kurukkapuram,634550,,5746
634484,Kuttaladampatti,634484,,5746
634505,Madiampatti,634505,,5746
634483,Malaiyampalayam,634483,,5746
634497,Malayampatti,634497,,5746
634568,Mallur RF,634568,,5746
634490,Mangalapuram,634490,,5746
634511,Mattuvelampatti,634511,,5746
634526,Mavar,634526,,5746
634577,Mavar R.F.,634577,,5746
634485,Melur,634485,,5746
634477,Minnakkal,634477,,5746
634513,Molakkadu,634513,,5746
634521,Molakkadu,634521,,5746
634554,Molapalayam,634554,,5746
634496,Moolapallipatti,634496,,5746
634530,Mulaikurichi,634530,,5746
634524,Mullukurichi,634524,,5746
634552,Murungapatty,634552,,5746
634514,Muthukalipatti,634514,,5746
634493,Muthuruttu,634493,,5746
634504,Nachipatti,634504,,5746
634509,Nadupatti,634509,,5746
932924,Namagiripettai,932924,,5746
634494,Naraikinar,634494,,5746
634573,Naraikinar Block I R.F.,634573,,5746
634575,Naraikinar South R.F.,634575,,5746
634489,Navalpatti,634489,,5746
634581,Nayakkankombai R.F.,634581,,5746
932921,Oduvankurichi,932921,,5746
634537,O.Jedarpalayam,634537,,5746
634534,Pachagoundampatti,634534,,5746
634536,Pachudaiampalayam.O,634536,,5746
634512,Palanthinnipatti,634512,,5746
634482,Pallavanaickenpatti,634482,,5746
932918,Pattanam,932918,,5746
634519,Pattanam Muniappampalayam,634519,,5746
634527,Perappansolai,634527,,5746
634528,Periakombai,634528,,5746
634525,Periakurichi,634525,,5746
634531,Periasekkadi,634531,,5746
634538,Perumagoundampalayam,634538,,5746
634582,Perumal Malai R.F.,634582,,5746
932920,Pillanallur,932920,,5746
634546,Ponkurichi,634546,,5746
634476,Ponparappipatti,634476,,5746
634506,Porasalapattti,634506,,5746
634500,Pudupalayam,634500,,5746
634572,Pudupatti,634572,,5746
634498,Pudur Malayampatti,634498,,5746
634529,Pudurpallapatti,634529,,5746
634541,Rasipuram,634541,,5746
932922,Seerapalli,932922,,5746
634508,Semmandapatti,634508,,5746
634553,Singalandapuram,634553,,5746
634510,Sowdapuram,634510,,5746
634501,Thengalpalayam,634501,,5746
634492,Thimmanaickenpatti,634492,,5746
634557,Tho. Jadarpalayam,634557,,5746
634558,Tho. Pachudaiampalayam,634558,,5746
634556,Thoppapatti,634556,,5746
634539,Thottiampatti,634539,,5746
634523,Unanthangal,634523,,5746
634520,Vadugam,634520,,5746
634518,Vadugam Muniappampalayam,634518,,5746
634533,Varagoorkombai,634533,,5746
634580,Varakkur R.F. Extension,634580,,5746
634578,Varakur R.F.,634578,,5746
932923,Vellakkalpatty,932923,,5746
932916,Vennandur,932916,,5746
634624,Akkiyampatti,634624,,6632
932308,அ. பாலப்பட்டி,932308,,6632
932264,அக்ரஹார பழையபாளையம்,932264,,6632
634598,Belukkurichi,634598,,6632
634643,Bodinayakkanpatti,634643,,6632
932238,பொம்மசமுத்திரம்,932238,,6632
932297,பொம்மசமுத்திரம் அக்ரஹாரம்,932297,,6632
932213,சிதம்பரப்பட்டி,932213,,6632
932221,தேவராயபுரம்,932221,,6632
932223,எருமப்பட்டி,932223,,6632
634642,Gajacombai,634642,,6632
634595,Ichchampatti,634595,,6632
634615,Kalappanayakkenpatti,634615,,6632
634594,Kalkurchi,634594,,6632
634694,Karavallicombai R.F.,634694,,6632
634679,Kavakkrampatti,634679,,6632
932300,கெஜல்நாயக்கன்பட்டி,932300,,6632
932304,கோணங்கிப்பட்டி,932304,,6632
634637,Kondamanayakkanpatti,634637,,6632
932228,மேலப்பட்டி,932228,,6632
634645,Muthugapatti,634645,,6632
634680,Muttanchetti,634680,,6632
634617,Naducombai,634617,,6632
634626,Pachudayampatti,634626,,6632
932315,பாலப்பட்டி,932315,,6632
634623,Pallamparai,634623,,6632
634597,Pallipatti,634597,,6632
634662,Pavithiram,634662,,6632
932260,பவித்திரம் புதூா்,932260,,6632
634625,Periyakulam,634625,,6632
634658,Perumapatti,634658,,6632
932274,பெருமாபட்டி கிழக்கு,932274,,6632
932283,பெருமாபட்டி மேற்கு,932283,,6632
932287,பெருமாபட்டி அக்ரஹாரம்,932287,,6632
932245,"பொன்னாா்குளம் பிட்1,3,4",932245,,6632
932242,பொன்னாா்குளம் பிட்2,932242,,6632
634664,Ponnari,634664,,6632
634627,Pottanam,634627,,6632
634660,Pottireddipatty,634660,,6632
932306,பொட்டிரெட்டிபட்டி அக்ரஹாரம்,932306,,6632
634638,Puducombai,634638,,6632
634665,Pudukkotti,634665,,6632
634657,Reddipatti,634657,,6632
932255,ரெட்டிபட்டி அக்ரஹாரம்,932255,,6632
634644,Sarkarpalayapalayam,634644,,6632
932318,சேந்தமங்கலம்,932318,,6632
932217,சிங்களங்கோம்பை,932217,,6632
932270,சிவநாயக்கன்பட்டி,932270,,6632
932210,திருமலைகிாி,932210,,6632
634599,Thirumalaipatti,634599,,6632
634659,Thusur,634659,,6632
932233,துத்திக்குளம்,932233,,6632
634661,Tottamudayampatti,634661,,6632
634616,Uthiragadikaval,634616,,6632
634618,Valavandicombai,634618,,6632
634596,Valayappatti Ichchampatti,634596,,6632
634681,Varadarajapuram,634681,,6632
634663,Varagur,634663,,6632
932619,48 Kailasampalayam,932619,,5745
634397,58 Kailasampalayam,634397,,5745
634415,Agaram,634415,,5745
932643,Akalampatty,932643,,5745
634394,Andarapatti,634394,,5745
634439,Andipalaiyam,634439,,5745
634452,Animoor,634452,,5745
634438,Athipalaiyam,634438,,5745
634446,Attavanai Erayamangalam,634446,,5745
634418,Avanasipatti,634418,,5745
634381,Ballakkuli Agraharam,634381,,5745
634469,Bommanpatti,634469,,5745
932597,Chikkanaickanpalayam,932597,,5745
634430,Chinnamanali,634430,,5745
634395,Chinnathambipalayam,634395,,5745
634457,Chittalandur,634457,,5745
634398,Devanankurichi,634398,,5745
634449,Elaiyampalayam,634449,,5745
634413,Elaiyampalayam,634413,,5745
932640,Elanagar,932640,,5745
634441,Emappalli,634441,,5745
634387,Goundampalaiyam,634387,,5745
634433,Illupuli,634433,,5745
634427,Kallupalaiyam,634427,,5745
634389,Karumanur,634389,,5745
634378,Karumapuram,634378,,5745
634423,Karungalpatti,634423,,5745
634376,Karuppagoundampalayam,634376,,5745
634374,Karuveppampatti,634374,,5745
634434,Kilapalayam,634434,,5745
634432,Kokkalai,634432,,5745
634386,Kolankondai,634386,,5745
634416,Konnaiyar,634416,,5745
634462,Koothampoondi,634462,,5745
634460,Koothampoondi Agraharam,634460,,5745
634379,Koothanatham,634379,,5745
634421,Kottaipalayam,634421,,5745
634392,Kottaipalayam,634392,,5745
634412,Kovilpalayam,634412,,5745
634408,Kumaramangalam,634408,,5745
634450,Kumarapalayam,634450,,5745
932800,Kumarapalayam a Koundampalayam,932800,,5745
634410,Kuppandapalayam,634410,,5745
634463,Ladduvadi,634463,,5745
932671,Mallasamudram (East),932671,,5745
634385,Mallasamudram (West),634385,,5745
634384,Mamundi,634384,,5745
634464,Manathi,634464,,5745
634414,Mandagapalayam,634414,,5745
634382,Mangalam,634382,,5745
634431,Marapparai,634431,,5745
634465,Mavureddipatti,634465,,5745
634429,Mettupalayam,634429,,5745
634428,Minnampalli,634428,,5745
634447,Molasi,634447,,5745
634435,Molipalli,634435,,5745
634424,Morangam,634424,,5745
634426,Munjanur,634426,,5745
634467,Musiri,634467,,5745
932614,Muthanampalayam,932614,,5745
932650,Nagarpalayam,932650,,5745
634458,Nallipalayam,634458,,5745
634396,Neikkarappatti,634396,,5745
634411,Oduvampalayam,634411,,5745
932637,Palamedu,932637,,5745
634422,Palamedu,634422,,5745
932628,Pallakuli,932628,,5745
634420,Paruttipalli,634420,,5745
634445,Patlur,634445,,5745
634472,Periyamanali (CT),634472,,5745
634390,Pillanatham,634390,,5745
634451,Pirithi,634451,,5745
634437,Pokkampalaiyam,634437,,5745
634456,Puduppuliyampatti,634456,,5745
634461,Pullagoundampatti,634461,,5745
634459,Punjaipudupalayam,634459,,5745
634468,Puthur East,634468,,5745
634375,Rajapalayam,634375,,5745
634419,Ramapuram,634419,,5745
634409,Sakthinayakkanpalayam,634409,,5745
634383,Sappayapuram,634383,,5745
932607,Seetharampalayam,932607,,5745
634388,Sembampalaiyam,634388,,5745
634380,Senbagamadevi,634380,,5745
634448,Sengodampalayam,634448,,5745
932646,S Erayamangalam,932646,,5745
634453,Sirumolasi,634453,,5745
634425,Sundagipalaiyam,634425,,5745
634377,Thirumangalam,634377,,5745
634393,Thirumangalam Pudupalayam,634393,,5745
634406,Thokkavadi,634406,,5745
634466,Thondipatti,634466,,5745
634440,Thottipalayam,634440,,5745
932609,Tiruchengode,932609,,5745
634442,T.Kavundampalayam,634442,,5745
634436,Unjanai,634436,,5745
634417,Vandinatham,634417,,5745
634407,Varagurampatti,634407,,5745
634455,Vattapparappu,634455,,5745
634391,Vattur,634391,,5745
634454,Vettuvampalayam,634454,,5745
636268,Adhanur (North),636268,,5951
636267,Adhanur (South),636267,,5951
636291,Aiyinapuram,636291,,5951
636264,Alagiripalayam,636264,,5951
636297,Bhujangarayanallur,636297,,5951
636278,Chettikulam,636278,,5951
636281,Elandalapatti,636281,,5951
636304,Elandalapatti R.F,636304,,5951
636296,Gudalur,636296,,5951
636287,Irur,636287,,5951
636284,Kannapady,636284,,5951
636274,Karai (East),636274,,5951
636275,Karai (West),636275,,5951
636292,Kolakkanatham,636292,,5951
636294,Kolathur (East),636294,,5951
636293,Kolathur (West),636293,,5951
636266,Koothur,636266,,5951
636269,Kottarai,636269,,5951
636286,Mavilingai,636286,,5951
636263,Melamathur,636263,,5951
636276,Naranamangalam,636276,,5951
636277,Nattaramangalam,636277,,5951
636280,Nekkaselam,636280,,5951
636303,Nekkaselam R.F.,636303,,5951
636298,Nochikulam,636298,,5951
636289,Padalur (East),636289,,5951
636288,Padalur (West),636288,,5951
636283,Puduammapalayam,636283,,5951
636270,Sathanur,636270,,5951
636300,Sillakudi (North),636300,,5951
636301,Sillakudi (South),636301,,5951
636271,Sirukanpur (East),636271,,5951
636272,Sirukanpur (West),636272,,5951
636279,Siruvayalur,636279,,5951
636302,Soruvayalur R.F.,636302,,5951
636285,Thenur,636285,,5951
636295,Thimmur,636295,,5951
636290,Thirani,636290,,5951
636265,Thondappadi,636265,,5951
636282,T.Kalathur,636282,,5951
636273,Varagupadi,636273,,5951
636299,Zamin Athur,636299,,5951
636220,Aduthurai,636220,,5976
636224,Agaram Sigoor,636224,,5976
636236,Andi Kurumbur,636236,,5976
636248,Asur,636248,,5976
636222,Athiyur (North),636222,,5976
636223,Athiyur (South),636223,,5976
636246,Elumur (East),636246,,5976
636247,Elumur (West),636247,,5976
636259,Kadur (North),636259,,5976
636260,Kadur (South),636260,,5976
636226,Keelaperambalur,636226,,5976
636233,Keelapuliyur (North),636233,,5976
636234,Keelapuliyur (South),636234,,5976
636229,Kilamathur (North),636229,,5976
636228,Kilamathur (south),636228,,5976
636257,Kolapady,636257,,5976
636255,Kunnam,636255,,5976
636245,Malavarayanallur,636245,,5976
636238,Nannai (East),636238,,5976
636237,Nannai (West),636237,,5976
636253,Odium,636253,,5976
636221,Ogalur (East),636221,,5976
636219,Ogalur (West),636219,,5976
636240,Olaippady (East),636240,,5976
636239,Olaippady (West),636239,,5976
636243,Paravai (East),636243,,5976
636244,Paravai (West),636244,,5976
636218,Pennakonam (North),636218,,5976
636217,Pennakonam (South),636217,,5976
636251,Perali (North),636251,,5976
636252,Perali (South),636252,,5976
636235,Peramathur (South),636235,,5976
636261,Periavenmani (East),636261,,5976
636262,Periavenmani (West),636262,,5976
636254,Periyammapalayam,636254,,5976
636231,Perumathur (North),636231,,5976
636258,Puduvettagudi,636258,,5976
636232,Sirumathur,636232,,5976
636249,Sithali (East),636249,,5976
636250,Sithali West,636250,,5976
636216,Thirumandurai,636216,,5976
636241,Thungapuram (North),636241,,5976
636242,Thungapuram (South),636242,,5976
636230,Vadakalur,636230,,5976
636256,Varagur,636256,,5976
636225,Vasistapuram,636225,,5976
636227,Vayalapadi,636227,,5976
636202,Aiyilur,636202,,5973
636188,Alangali,636188,,5973
636207,Ammapalayam,636207,,5973
636193,Aranarai (North),636193,,5973
636194,Aranarai (South),636194,,5973
636210,Bommanappady,636210,,5973
636209,Chatramani,636209,,5973
636191,Elambalur,636191,,5973
636187,Esanai,636187,,5973
636211,Esanai R.F,636211,,5973
636208,Kalarampatti,636208,,5973
636214,"Kalarampatti R.F,",636214,,5973
636200,Kalpadi (North),636200,,5973
636201,Kalpadi (South),636201,,5973
636189,Keelakkarai,636189,,5973
636212,Keelakkarai R.F,636212,,5973
932999,Kurumbalur (N),932999,,5973
933005,Kurumbalur (S),933005,,5973
636198,Ladapuram (East),636198,,5973
636215,Ladapuram R.F,636215,,5973
636197,Ladapuram (West),636197,,5973
636195,Melapuliyur (East),636195,,5973
636213,Melapuliyur R.F,636213,,5973
636196,Melapuliyur (West),636196,,5973
636204,Nochiyam,636204,,5973
636192,Perambalur,636192,,5973
933011,Perambalur (N),933011,,5973
933017,Perambalur (S),933017,,5973
636205,Pudunaduvalur,636205,,5973
636190,Sengunam,636190,,5973
636203,Siruvacher,636203,,5973
636199,Thoramangalam,636199,,5973
636206,Velur,636206,,5973
636159,Agaram,636159,,5974
636177,Anukkur,636177,,5974
932722,ARUMBAVUR,932722,,5974
636181,Brahmadesam,636181,,5974
636161,Eraiyur,636161,,5974
636148,Kaikalathur (East),636148,,5974
636147,Kaikalathur (West),636147,,5974
636149,Kariyanur,636149,,5974
636171,Malayappatti,636171,,5974
636163,Mettupalayam (North),636163,,5974
636178,Mettupalayam (South),636178,,5974
636164,Neikuppai,636164,,5974
636152,Noothappur (North),636152,,5974
636153,Noothappur (South),636153,,5974
636155,Pandagapady,636155,,5974
636150,Pasumbalur (North),636150,,5974
636151,Pasumbalur (South),636151,,5974
636160,Peraiyur,636160,,5974
636154,Periyavadagarai,636154,,5974
636146,Pillankulam,636146,,5974
636156,Pimbalur,636156,,5974
932737,Poolambadi (E),932737,,5974
636183,Poolambadi R.F,636183,,5974
932753,Poolambadi (W),932753,,5974
636168,Thaluthalai,636168,,5974
636162,Thevaiyur(North),636162,,5974
636179,Thevaiyur (South),636179,,5974
636158,Thiruvalandurai,636158,,5974
636173,Thondamandurai (East),636173,,5974
636184,Thondamandurai R.F.,636184,,5974
636172,Thondamandurai (West),636172,,5974
636176,Thondappadi,636176,,5974
636170,Udumbiam,636170,,5974
636182,Udumbiam R.F.,636182,,5974
636180,Vallikandapuram,636180,,5974
636165,Venbavur,636165,,5974
636166,Vengalam (East),636166,,5974
636167,Vengalam (West),636167,,5974
636169,Venganur,636169,,5974
636186,Veppanthattai Extn. R.F.,636186,,5974
636174,Veppanthattai (North),636174,,5974
636185,Veppanthattai R.F,636185,,5974
636175,Veppanthattai (South),636175,,5974
636157,V.Kalathur,636157,,5974
639608,Alangadu,639608,,5824
932727,Alangudi,932727,,5824
639592,Anavayal I Bit,639592,,5824
639593,Anavayal II Bit,639593,,5824
639590,Andavarayapuram,639590,,5824
639641,Arayapatti,639641,,5824
639613,Ayipatti,639613,,5824
639591,Chettiendal,639591,,5824
639638,Dakshinapuram,639638,,5824
639633,Gudalur,639633,,5824
639620,Immanampatti,639620,,5824
639646,Isugupatti,639646,,5824
639623,Kaikurichi,639623,,5824
639630,Kalangudi,639630,,5824
639647,Kallangudy (CT),639647,,5824
639631,Kanniyapatti,639631,,5824
932733,Karambakadu Inam,932733,,5824
639596,Karambakkaduzamin,639596,,5824
639597,Karambakkadu Zamin II Bit,639597,,5824
639634,Kathakurichi,639634,,5824
639618,Kayampatti,639618,,5824
639584,Keelathur,639584,,5824
932741,Keeramangalam North,932741,,5824
932747,Keeramangalam South,932747,,5824
639578,Kilapatti Rasingamangalam,639578,,5824
639642,Kilayur,639642,,5824
639616,Kothakottai,639616,,5824
639645,Kothamangalam,639645,,5824
639607,Kothamangalam North,639607,,5824
639603,Kothamangalam South,639603,,5824
639615,Kovilur,639615,,5824
639614,Kovilur Devasthanam,639614,,5824
639602,Kulamangalam North,639602,,5824
639601,Kulamangalam South,639601,,5824
639580,Kulanthai Vinayagar Kottai,639580,,5824
639637,Kulavoipatti,639637,,5824
639612,Kuppagudi,639612,,5824
639594,Lakshminarasimhapuram,639594,,5824
639644,Malakudi,639644,,5824
639606,Mangadu,639606,,5824
639627,Maniambalam,639627,,5824
639617,Manjanviduthy,639617,,5824
639583,Meelathur,639583,,5824
639582,Melapattu Rasingamangalam,639582,,5824
639588,Mudukkuvayal,639588,,5824
639636,Muthupattinam,639636,,5824
639605,Nagaram,639605,,5824
639632,Nambukuli,639632,,5824
639589,Neduvasal East,639589,,5824
639587,Neduvasal West,639587,,5824
639579,Pachikkottai,639579,,5824
639635,Palaiyur,639635,,5824
639610,Pallathividuthy,639610,,5824
639600,Pannankulam,639600,,5824
639611,Pathampatti,639611,,5824
639581,Pudukkottai Viduthy,639581,,5824
639595,Pulichangadu,639595,,5824
639586,Pullanviduthy,639586,,5824
639626,Puravasagudy,639626,,5824
639643,Sendakudi,639643,,5824
639604,Sendankudi,639604,,5824
639598,Seriyalur Inam I Bit,639598,,5824
639599,Seriyalur Inam II Bit,639599,,5824
932750,Seriyalur Jamin,932750,,5824
639625,Settivayal,639625,,5824
639609,Suranviduthy,639609,,5824
639622,Thirukkattalai,639622,,5824
639621,Thiruvarangulam,639621,,5824
639585,Vadakadu,639585,,5824
639629,Vallathirakottai,639629,,5824
639628,Vandakottai,639628,,5824
639639,Venkatakulam,639639,,5824
639640,Vennavalkudi,639640,,5824
639619,Veppankudi,639619,,5824
639624,Vijayaragunathapuram,639624,,5824
639781,Adalaikalabhairavapuram,639781,,5826
639750,Alangudi,639750,,5826
639726,Alappirandan,639726,,5826
639724,Aliyanilai,639724,,5826
639761,Allaraimelvayal,639761,,5826
639793,Amanjakki,639793,,5826
639760,Amanji,639760,,5826
639734,Amarasimmendrapuram,639734,,5826
639735,Ambalpuram,639735,,5826
932776,Aranthangi,932776,,5826
639732,Arasarkulam Keelpathi,639732,,5826
639731,Arasarkulam Melpathi,639731,,5826
639776,Ariyamaraikadu,639776,,5826
639767,Arunachalapuram,639767,,5826
932779,Athani North,932779,,5826
932783,Athani South,932783,,5826
639783,Attani,639783,,5826
639706,Avanathankottai,639706,,5826
639718,Ayangudi,639718,,5826
639715,Balakrishrnapuram,639715,,5826
639792,Brahmanavayal,639792,,5826
639705,Chettikkadu,639705,,5826
639741,Chidambarapuram,639741,,5826
639703,Chidambaraviduthy,639703,,5826
639737,Chittakanni,639737,,5826
639742,Chittakanni,639742,,5826
639754,Dharmarajanvayal,639754,,5826
639779,Eginivayal,639779,,5826
639780,Ekapperumalur,639780,,5826
639707,Erukkalakkottai,639707,,5826
639730,Ettiyathali,639730,,5826
639751,Idaiyar,639751,,5826
639784,Kalakkamangalam,639784,,5826
639777,Kalakkudi,639777,,5826
639755,Kammangadu,639755,,5826
639791,Kandichchankadu,639791,,5826
639782,Karaikkadu,639782,,5826
639774,Karavayal,639774,,5826
639763,Keelacheri,639763,,5826
639738,Keelavijayapuram,639738,,5826
639778,Keelkudi,639778,,5826
639736,Kodivayal,639736,,5826
639725,Kongudi,639725,,5826
639769,Koohanur,639769,,5826
639745,Kovilvayal,639745,,5826
639752,Kulattur,639752,,5826
639746,Kummakkadu,639746,,5826
639762,Kundagavayal,639762,,5826
639699,Kurumbur,639699,,5826
639795,Maivayal,639795,,5826
639794,Manavanallur,639794,,5826
639733,Mangalanadu,639733,,5826
932788,Mangalanadu North,932788,,5826
932792,Mangalanadu South,932792,,5826
639720,Mangudi,639720,,5826
639770,Manivilanvayal,639770,,5826
639768,Mannakudi,639768,,5826
639696,Maramadakki,639696,,5826
639721,Marudangudi,639721,,5826
639717,Mattur,639717,,5826
639747,Melapattu,639747,,5826
639744,Memangalam,639744,,5826
639713,Merpanaikadu,639713,,5826
639727,Mukkudi,639727,,5826
639788,Munnattanvayal,639788,,5826
639775,Nakkudi,639775,,5826
639702,Narpavalakkudi,639702,,5826
639712,Neivelinathapuram,639712,,5826
639787,Nemmilikkadu,639787,,5826
639710,Neyvattali,639710,,5826
639786,Omakkavayal,639786,,5826
639748,Pallathivayal,639748,,5826
639789,Pangayattankudi,639789,,5826
639759,Panjatti,639759,,5826
639698,Paravakkottai,639698,,5826
639709,Periyalur,639709,,5826
639758,Perunavalur,639758,,5826
639743,Pidarikkadu,639743,,5826
639753,Puduvakkottai,639753,,5826
639772,Punayankundu,639772,,5826
639708,Puvattakudi,639708,,5826
639722,Rajendrapuram,639722,,5826
639716,Ramasamipuram,639716,,5826
639771,Rayanvayal,639771,,5826
639728,Retnakottai,639728,,5826
639711,Sattanendal,639711,,5826
639701,Sengamari,639701,,5826
639723,Silattur,639723,,5826
639766,Sinamangalam,639766,,5826
639700,Sirunattanvayal,639700,,5826
639764,Sivandankadu,639764,,5826
639740,Subramanyapuram,639740,,5826
639704,Tantani,639704,,5826
639773,Tedakki,639773,,5826
639697,Tirunalur,639697,,5826
639785,Tiruvayppadi,639785,,5826
639729,Tuttakudi,639729,,5826
639756,Ulagalandanvayal,639756,,5826
639749,Urvani,639749,,5826
639719,Vallavari,639719,,5826
639757,Veeramangalam,639757,,5826
639790,Vellattumangalam,639790,,5826
639714,Vembangudi,639714,,5826
639765,Vengur,639765,,5826
932794,Vetanur I Bit,932794,,5826
932798,Vetanur II Bit,932798,,5826
639796,Vettanur,639796,,5826
639739,Vijayapuram,639739,,5826
639907,Alathivayal,639907,,5828
639955,Alattur,639955,,5828
639927,Amaradakki,639927,,5828
639891,Arasur,639891,,5828
639892,Arasur Madagam (Vattam),639892,,5828
639884,Avadaiyar Kovil,639884,,5828
639882,Chellanendal,639882,,5828
639893,Elunuttimngalam,639893,,5828
639919,Embal,639919,,5828
639917,Enangam,639917,,5828
639876,Esamangalam,639876,,5828
639932,Ichangudi,639932,,5828
639915,Ichikottai IInd Bit,639915,,5828
639910,Irumbanadu,639910,,5828
639958,Kadavakottai,639958,,5828
639948,Kalabam,639948,,5828
639901,Kallakattan,639901,,5828
639878,Kandaiyankottai,639878,,5828
639869,Kannakkur,639869,,5828
639961,Kannamangalam,639961,,5828
639930,Kanur,639930,,5828
639935,Karur,639935,,5828
639879,Kasavayal,639879,,5828
639945,Kathiramangalam,639945,,5828
639937,Kavadukudi,639937,,5828
639897,Keelkudi,639897,,5828
639870,Kidangivayal,639870,,5828
639934,Koneriyendal,639934,,5828
639949,Kovinikidangu,639949,,5828
639883,Kudikkadu,639883,,5828
639952,Kulattur,639952,,5828
639923,Kumulur,639923,,5828
639911,Kurungalur,639911,,5828
639914,Madagam,639914,,5828
639881,Makaliyendal,639881,,5828
639887,Maruthakudi,639887,,5828
639956,Mimisal Chatrapattinam,639956,,5828
639874,Muduvalaikudi,639874,,5828
639924,Narasingapuram,639924,,5828
639941,Nariyanendal,639941,,5828
639943,Nattanipurasakudi,639943,,5828
639909,Okkur,639909,,5828
639957,Palangulam,639957,,5828
639877,Palavarasan,639877,,5828
639906,Pallivayal,639906,,5828
639960,Paraiyattur,639960,,5828
639899,Pattumudaiyan,639899,,5828
639944,Peranur,639944,,5828
639908,Peruntamarai,639908,,5828
639940,Pilluvalasai,639940,,5828
639894,Pirantani,639894,,5828
639938,Ponbethi,639938,,5828
639871,Puduvakkadu,639871,,5828
639926,Puduvettivayal,639926,,5828
639885,Punniavayal,639885,,5828
639902,P.U.P Vadavayal,639902,,5828
639898,Puttuvayalukkadai Su.puram,639898,,5828
639903,Puvalur,639903,,5828
639959,Ramachandrapuram,639959,,5828
639921,Sananendal,639921,,5828
639900,Sathakkudi,639900,,5828
639890,Sathirapatti,639890,,5828
639946,Sattiyadi,639946,,5828
639905,Sattiyakkudi,639905,,5828
639950,Senganam,639950,,5828
639913,Seppavayal,639913,,5828
639963,Sirukadavakkottai,639963,,5828
639895,Sirumarudur,639895,,5828
639933,Siruveli,639933,,5828
639920,Sithakkur,639920,,5828
639875,Sivagnanapuram,639875,,5828
639931,Soundranayakipuram,639931,,5828
639939,Talanur,639939,,5828
639918,Tanikadu,639918,,5828
639936,Tanikkondan,639936,,5828
639951,Tennamarai,639951,,5828
639953,Theeyattur,639953,,5828
639929,Thekkadivayal,639929,,5828
639912,Thillaivayal,639912,,5828
639916,Thirapidingi,639916,,5828
639962,Thiruppunavasal,639962,,5828
639886,Thonnagudi,639886,,5828
639922,Thunjanur,639922,,5828
639888,Tiruvakkudi,639888,,5828
639947,Tiyyur,639947,,5828
639873,Valaiyanvayal,639873,,5828
639925,Valuvoor,639925,,5828
639896,Vattattur,639896,,5828
639904,Veezhimangalam,639904,,5828
639964,Veezhimar,639964,,5828
639880,Velivayal (034),639880,,5828
639954,Velivayal (081),639954,,5828
639928,Veliyattur,639928,,5828
639889,Vellalavayal,639889,,5828
639942,Velvarai,639942,,5828
639872,Vettinivayal,639872,,5828
639403,Andanur,639403,,5820
639383,Aravampatti,639383,,5820
639379,Ariyanipatti,639379,,5820
639404,Athangaraividuthy,639404,,5820
639401,Kallaakottai,639401,,5820
639395,Kattunaval,639395,,5820
639375,Komapuram,639375,,5820
639384,Kovilur,639384,,5820
639389,Kulathur,639389,,5820
639373,Kurumpundi,639373,,5820
639369,Malaiyadipatti,639369,,5820
639376,Manganoor,639376,,5820
639374,Manjapettai,639374,,5820
639394,Mattangal,639394,,5820
639378,Meyakadipatti,639378,,5820
639387,Mudukulam,639387,,5820
639390,Nadupatti,639390,,5820
639391,Namburampatti,639391,,5820
639399,Nappugai,639399,,5820
639370,Nodiyur,639370,,5820
639382,Palayagandarvakottai,639382,,5820
639392,Periakottai,639392,,5820
639385,Pisannathur,639385,,5820
639380,Ponakulam,639380,,5820
639381,Pudunagar,639381,,5820
639393,Pudupatti,639393,,5820
639400,Sengamviduthy,639400,,5820
639388,Seviyarkudikadu,639388,,5820
639397,Sothupalai,639397,,5820
639398,Sundampatti,639398,,5820
639372,Tachankurichi,639372,,5820
639405,Thuvar,639405,,5820
639377,Vadugappatti,639377,,5820
639396,Valavampatti,639396,,5820
639386,Veeradipatti,639386,,5820
639402,Vellalaviduthy,639402,,5820
639371,Viralippatti,639371,,5820
639264,Alathur,639264,,5818
932871,Annavasal,932871,,5818
639281,Ariyur,639281,,5818
639288,Ayingudi,639288,,5818
639213,Buthakudi,639213,,5818
639243,Easwaran koil,639243,,5818
639263,Edayapatti,639263,,5818
639251,Ennai,639251,,5818
639267,Gudalur,639267,,5818
932850,Illuppur,932850,,5818
639241,Irundirapatti,639241,,5818
639262,Kadambarayapatti,639262,,5818
639266,Kathavampatti,639266,,5818
639232,Kattagudi,639232,,5818
639256,Keezhakkurichi,639256,,5818
639271,Kilikkudi,639271,,5818
639292,Kodandaramapuram,639292,,5818
639233,Kongudippatti,639233,,5818
639244,Kothirapatti,639244,,5818
639284,Kudumiyamalai,639284,,5818
639291,Kurukkappatti,639291,,5818
639237,Lekkanapatti,639237,,5818
639272,Mambatti,639272,,5818
639282,Mangudi,639282,,5818
639287,Marayappatti,639287,,5818
639235,Marudampatti,639235,,5818
639277,Mathiyanallur,639277,,5818
639239,Nanguppatti,639239,,5818
639238,Padipatti,639238,,5818
639240,Paiyur,639240,,5818
639234,Pakkudi,639234,,5818
639278,Panampatti,639278,,5818
639276,Panangudi,639276,,5818
639273,Perambur,639273,,5818
639289,Perumanadu,639289,,5818
639257,Perungudipatti,639257,,5818
639280,Perunijinai,639280,,5818
639268,Peyal,639268,,5818
639270,Pinnangudi,639270,,5818
639274,Pudur,639274,,5818
639286,Pulvayal,639286,,5818
639252,Punginipatti,639252,,5818
639255,Rapoosal,639255,,5818
639260,Sithanavasal,639260,,5818
639290,Sundarappatti,639290,,5818
639275,Tachchampatti,639275,,5818
639265,Talinji,639265,,5818
639242,Tannangudi,639242,,5818
639258,Tayinipatti,639258,,5818
639279,Thiruvengavasal,639279,,5818
639220,Tirunallur,639220,,5818
639222,Vadugappatti,639222,,5818
639269,Vannarappatti,639269,,5818
639283,Vayalogam,639283,,5818
639261,Veerapatti,639261,,5818
639253,Vellanjar,639253,,5818
639254,Vettukkadu,639254,,5818
639236,Vilappatti,639236,,5818
639259,Vilathuppatti,639259,,5818
639285,Visalur,639285,,5818
639689,Adiranviduthy,639689,,5825
639668,Ambukovil,639668,,5825
639686,Ayipatti,639686,,5825
639664,Bhanduvakkottai,639664,,5825
639678,Eachanviduthy,639678,,5825
639674,Elaikadividuthy,639674,,5825
639695,Kalabam,639695,,5825
639653,Kallumadai,639653,,5825
639660,Kalyaranviduthy,639660,,5825
639684,Kanakkankadu,639684,,5825
932808,Karambakudi,932808,,5825
639679,Karukeelatheru,639679,,5825
639667,Karumbaviduthy,639667,,5825
639685,Karupattipatti,639685,,5825
639661,Kattathi,639661,,5825
639650,Kilangadu,639650,,5825
639649,Kirathur,639649,,5825
639680,K. Therkutheru,639680,,5825
639671,Kulanthiranpatti,639671,,5825
639677,Kurumbivayal,639677,,5825
639666,Mailankonepatti,639666,,5825
639690,Malaiyur,639690,,5825
639694,Mangottai,639694,,5825
639665,Maruthankonviduthy,639665,,5825
639691,M.Therikutheru,639691,,5825
639651,Mudalipatti,639651,,5825
639683,Mullankurichi,639683,,5825
932810,Mullankurichi North,932810,,5825
932812,Mullankuruchi South,932812,,5825
639659,Odapaviduthy,639659,,5825
639673,Pallavarayanpathai,639673,,5825
639654,Pappapatti,639654,,5825
639676,Pattathikadu,639676,,5825
639657,Peyaadipatti,639657,,5825
639669,Pilaviduthy,639669,,5825
639693,Ponnamviduthy,639693,,5825
639656,Puduviduthy,639656,,5825
639672,Rangianviduthy,639672,,5825
639655,Regunathapuram,639655,,5825
639652,Sengamedu,639652,,5825
639662,Sinnanokonviduthy,639662,,5825
639648,Tattamanipatti,639648,,5825
639692,Theethanipatty,639692,,5825
639670,Thettanviduthy,639670,,5825
639675,Thirumananjeri,639675,,5825
639658,Thiruppakovil,639658,,5825
639681,Vadatheru,639681,,5825
639687,Valangondanviduthy,639687,,5825
639682,Vanakkankadu,639682,,5825
639663,Vandanviduthy,639663,,5825
639688,Vellalaviduthy,639688,,5825
639347,Ammachattiram,639347,,5819
639352,Andakkulam,639352,,5819
639343,Birahadambalpuram,639343,,5819
639302,Chettipatti,639302,,5819
639363,Irumbali,639363,,5819
639341,Kadambavayal,639341,,5819
639318,Kalamavur,639318,,5819
639304,Kannangudi,639304,,5819
639306,Kattukottaipatti,639306,,5819
639311,Keelaiyur,639311,,5819
639328,Keeranur,639328,,5819
639339,Killanur,639339,,5819
639307,Killukottai,639307,,5819
639309,Killukulavoipatti,639309,,5819
639344,Kolathur,639344,,5819
639296,Kumaramangalam,639296,,5819
639334,Kunnandarkovil,639334,,5819
639301,Lakshmanapatti,639301,,5819
639300,Mandaiyur,639300,,5819
639342,Mangathevanpatti,639342,,5819
639330,Maruthur,639330,,5819
639297,Mathur,639297,,5819
639327,Melappuduvayal,639327,,5819
639364,Melur,639364,,5819
639314,Mettupatti,639314,,5819
639336,Minnathur,639336,,5819
639366,Muthukkadu,639366,,5819
639358,Muttampatti,639358,,5819
639329,Nanjur,639329,,5819
639359,Narangiyanpatti,639359,,5819
639346,Narthamalai,639346,,5819
639332,Odugampatti,639332,,5819
639345,Odukkur,639345,,5819
639317,Palandampatti,639317,,5819
639338,Perambur,639338,,5819
639368,Poongudi,639368,,5819
639313,Puliyur,639313,,5819
639310,Rakkathampatti,639310,,5819
639353,Sathinipatti,639353,,5819
639362,Sathyamangalam,639362,,5819
639350,Seemanur,639350,,5819
639355,Seerangampatti,639355,,5819
639351,Senaiyakkudi,639351,,5819
639305,Sengalur,639305,,5819
639298,Singathakurichi,639298,,5819
639315,Sivakamipuram,639315,,5819
639335,Themmavur,639335,,5819
639357,Thennangudi,639357,,5819
639316,Thennathirayanpatti,639316,,5819
639361,Thudaiyur,639361,,5819
639356,Uchani,639356,,5819
639333,Udayalipatti,639333,,5819
639308,Ulagankathanpatti,639308,,5819
639348,Uppiliyakkudi,639348,,5819
932616,Vadugapatti,932616,,5819
639326,Vadugappatti,639326,,5819
639354,Vaithur,639354,,5819
639349,Valamangalam,639349,,5819
639331,Valiyampatti,639331,,5819
639337,Vathanakottai,639337,,5819
639360,Vathanakurichi,639360,,5819
639340,Veerakkudi,639340,,5819
639303,Vellaipillayarpatti,639303,,5819
639365,Vellanur,639365,,5819
639367,Vengavayal,639367,,5819
639312,Visalur,639312,,5819
639807,Alaganvayal,639807,,5827
639867,Ammapattinam (CT),639867,,5827
932860,Avudaiyarpattinam,932860,,5827
639818,Brahmanavayal,639818,,5827
639836,Chellappakottai,639836,,5827
639819,Dharmarajanvayal,639819,,5827
639808,Enadi,639808,,5827
639814,Gopalapuram,639814,,5827
639838,Idaiyattimangalam,639838,,5827
639799,Idaiyattur,639799,,5827
639797,Kadai-Edaiyathur,639797,,5827
639842,Kallakkurichi,639842,,5827
639806,Kambarkovil,639806,,5827
639858,Kanadu,639858,,5827
639840,Kandanivayal,639840,,5827
639852,Karakathikkottai,639852,,5827
639811,Karakkottai,639811,,5827
639835,Karkamalam,639835,,5827
910518,Kattumavadi,910518,,5827
639859,Kavanur,639859,,5827
639868,Keelamanjakudi (CT),639868,,5827
639864,Kilaravayal,639864,,5827
639848,Kilpappanur,639848,,5827
639862,Kodikulam,639862,,5827
639798,Kokkumuttai,639798,,5827
639857,Kolendram,639857,,5827
639826,Kollutidal,639826,,5827
639856,Ko-Palangulam,639856,,5827
639803,Kumballam,639803,,5827
639827,Kuttankudi,639827,,5827
639816,Kuttanur,639816,,5827
639845,Manalur,639845,,5827
639850,Manamelkudi (Part),639850,,5827
639849,Mandangudi,639849,,5827
639861,Manjakkudi,639861,,5827
639805,Mavalinganendal,639805,,5827
639839,Melastanam,639839,,5827
639847,Melpappanur,639847,,5827
639833,Minnamoli,639833,,5827
639854,M.O. Regunathapuram,639854,,5827
639841,Mumpalai,639841,,5827
639834,Neikuppai,639834,,5827
639846,Nelveli,639846,,5827
639823,Nemelivayal,639823,,5827
639817,Nilaiyur,639817,,5827
639815,Nirvilangulam,639815,,5827
639829,Ollanur,639829,,5827
639865,Palayavettivayal,639865,,5827
639810,Pallarkudipichanendal,639810,,5827
639837,Panavayal,639837,,5827
639863,Periyamadaippaychchal (Part),639863,,5827
639832,Perumarudur,639832,,5827
639820,Pettivayal,639820,,5827
639825,Pillaiyartidal,639825,,5827
639828,Pillangudi,639828,,5827
639809,Ravuttanvayal,639809,,5827
639802,Rendani UkkadaiRenganathapuram,639802,,5827
639853,Rettaiyalam,639853,,5827
639855,Sattiyadi,639855,,5827
639866,Seyyanam,639866,,5827
639800,Silattani,639800,,5827
639812,Singavanam,639812,,5827
639830,Sodalaivayal,639830,,5827
639801,Solani,639801,,5827
639824,Subramanyapuram,639824,,5827
639821,Talikkottai,639821,,5827
639843,Tandalai,639843,,5827
639813,Thinayakudi,639813,,5827
639804,Tirunallivayal,639804,,5827
639844,Vellur,639844,,5827
639831,Vellur siruvarai,639831,,5827
639860,Vettivayal,639860,,5827
639851,Vichur,639851,,5827
639822,Vinaithirthagopalapuram,639822,,5827
639565,Alavayal,639565,,5823
639549,Ammankurichi,639549,,5823
639554,Arasamalai,639554,,5823
639544,Avampatti,639544,,5823
639557,Chithur,639557,,5823
639550,Edayathur,639550,,5823
639556,Gudalur,639556,,5823
639535,Kalanivoipatti,639535,,5823
639548,Kallampattii,639548,,5823
639566,Kandianatham,639566,,5823
639542,Karaiyur,639542,,5823
639536,Karanapatti,639536,,5823
639576,Keelakurichipatti,639576,,5823
639534,Keelathanian,639534,,5823
639563,Konnaiyur,639563,,5823
639559,Kovanur,639559,,5823
639546,Maravamadurai,639546,,5823
639561,Mathiyani,639561,,5823
639570,Mekkinipatti,639570,,5823
639569,Melamelanilai,639569,,5823
639533,Melathanian,639533,,5823
639568,Moolangudi,639568,,5823
639543,Mullipatti,639543,,5823
639547,Nagarappatti,639547,,5823
639539,Nallur,639539,,5823
639564,Nathupatti,639564,,5823
639555,Neiveli,639555,,5823
639540,Nerinjikudi,639540,,5823
639529,Oliamangalam,639529,,5823
639572,Ponnamaravathi East,639572,,5823
639573,Ponnamaravathi West,639573,,5823
639574,R.Palakurichy,639574,,5823
639553,Sathanur,639553,,5823
639562,Sembuthi,639562,,5823
639551,Semmalapatti,639551,,5823
639538,Seranur,639538,,5823
639571,Sevalur,639571,,5823
639560,Sundaram,639560,,5823
639531,Surapatti,639531,,5823
639552,Thenur,639552,,5823
639577,Thirukulambur,639577,,5823
639567,Thuthur,639567,,5823
639530,Usilampatti,639530,,5823
639532,Vadakkirapatti,639532,,5823
639558,Valakurichi,639558,,5823
639575,Varpattu,639575,,5823
639537,Vellagudi,639537,,5823
639541,Vellagudi II Bit,639541,,5823
639545,Vellayakavadampatti,639545,,5823
639420,Adanakottai,639420,,5821
639416,Ayyavayal,639416,,5821
639406,Egavayal,639406,,5821
639423,Ganapathipuram,639423,,5821
639435,Ichiadi I Bit,639435,,5821
639436,Ichiadi II Bit,639436,,5821
639422,Kallukaranpatti,639422,,5821
639441,Kavinad East,639441,,5821
639440,Kavinad West,639440,,5821
639411,Kedayapatti,639411,,5821
639433,Kulavaipatti,639433,,5821
639410,Kunichipatti,639410,,5821
639426,Kuppayampatti,639426,,5821
639430,Manaviduthy,639430,,5821
639418,Mangalathupatti,639418,,5821
639432,Mukkanpatti,639432,,5821
639417,Mullur,639417,,5821
639446,Nathampannai (CT),639446,,5821
639427,Nemmelipatti,639427,,5821
639419,Perungalur,639419,,5821
639434,Perungondanividuthy,639434,,5821
932829,Pudukkottai North,932829,,5821
932832,Pudukkottai South,932832,,5821
639428,Pulavankadu,639428,,5821
639439,Purakarai Natham Pannai,639439,,5821
639408,Puthambur,639408,,5821
639409,Sanivayal,639409,,5821
639438,Sellukudi,639438,,5821
639407,Sembattur,639407,,5821
639431,Semmatividuthy,639431,,5821
639415,Siruvayal,639415,,5821
639421,Sokkanathapatti,639421,,5821
639412,Tattampatti,639412,,5821
639413,Tennathirayanpatti,639413,,5821
639442,Thirumalaraya Samudram,639442,,5821
639424,Thondaman Urani,639424,,5821
639437,Vadavalam,639437,,5821
639414,Vagavasal,639414,,5821
639425,Vannarapatti,639425,,5821
639429,Varappur,639429,,5821
639506,Adhanur,639506,,5822
639497,Adugapatti,639497,,5822
639488,Agavayal (109),639488,,5822
639520,Agavayal(121),639520,,5822
639481,Alavayal,639481,,5822
639521,Allanvayal,639521,,5822
639522,Anikini,639522,,5822
639508,Arammanaipatti,639508,,5822
639452,Arasandampatti,639452,,5822
932888,Arimalam,932888,,5822
639459,Athur,639459,,5822
639523,Chittampatti,639523,,5822
639526,Edayanvayal,639526,,5822
639483,Elanjavur,639483,,5822
639472,Ennapatti,639472,,5822
639453,Kadambavayal,639453,,5822
639519,Kaikulanvayal,639519,,5822
639492,Kannankarakudi,639492,,5822
639475,Kannanoor I Bit,639475,,5822
639478,Kannanoor II Bit,639478,,5822
639513,Karamangalam,639513,,5822
639490,Keelappanaiyur,639490,,5822
639505,Konapattu,639505,,5822
639469,Kottaiyur,639469,,5822
639455,Kottur,639455,,5822
639516,K.Rayapuram,639516,,5822
639456,Kulamangalam,639456,,5822
639507,Kulathupatti,639507,,5822
639458,Kulipirai,639458,,5822
639449,Kummangudi(059),639449,,5822
639511,Kummangudi (112),639511,,5822
639495,Kunnathupatti,639495,,5822
639527,Kurichi,639527,,5822
639461,Lembalakudi,639461,,5822
639450,Mallangudi,639450,,5822
639501,Manjinipatti,639501,,5822
639510,Melanilaivayal,639510,,5822
639457,Melappanaiyur,639457,,5822
639486,Melivayal,639486,,5822
639480,Melur,639480,,5822
639498,Meyyapuram,639498,,5822
639466,Mirattunilai,639466,,5822
639517,Nallambal Samudram,639517,,5822
639509,Nedungudi,639509,,5822
639473,Neikonam,639473,,5822
639500,Neivasal,639500,,5822
639503,Pallivasal,639503,,5822
639491,Panangudi,639491,,5822
639451,Peraiyur,639451,,5822
639479,Perendurai,639479,,5822
639464,Perungudi,639464,,5822
639454,Pilakudipatti,639454,,5822
639518,Piliavayal,639518,,5822
639471,Pilivalam,639471,,5822
639499,Pillamangalam,639499,,5822
639465,Poovampatti,639465,,5822
639515,Pudunilavayal,639515,,5822
639476,Rangiyam,639476,,5822
639448,Rarapuram,639448,,5822
639468,Rayaregunathasamudram,639468,,5822
639484,Rayavaram,639484,,5822
639487,Samandanvayal,639487,,5822
639489,Samudram,639489,,5822
639485,Sengirai,639485,,5822
639502,Sirathakudi,639502,,5822
639467,Sirayampatti,639467,,5822
639470,Sokkanathapatti,639470,,5822
639514,Thalayattivayal,639514,,5822
639462,Thekkattur,639462,,5822
639477,Thiruvasapuram,639477,,5822
639496,Thulaiyanur,639496,,5822
639512,Thuraiyur,639512,,5822
639482,Tirumayam,639482,,5822
639493,Unaiyur,639493,,5822
639525,Valarmanickam,639525,,5822
639463,Valayampatti,639463,,5822
639494,Vanniulandanvayal,639494,,5822
639524,Velavayal,639524,,5822
639504,Vengalur,639504,,5822
639460,Virachilai I Bit,639460,,5822
639474,Virachilai II Bit,639474,,5822
639248,Agarapatti,639248,,6614
639218,Akkalayakkanpatti,639218,,6614
639324,Alangudi,639324,,6614
639320,Amburapatti,639320,,6614
639211,Kalkudi,639211,,6614
639247,Kasavanur,639247,,6614
639217,Kathalur,639217,,6614
639246,Kodumbalur,639246,,6614
639209,Komangalam,639209,,6614
639215,Kumarapatti,639215,,6614
639216,Kunnathur,639216,,6614
639321,Madayanaipatti,639321,,6614
639249,Meenaveli,639249,,6614
639214,Melapachchakudi,639214,,6614
639223,Meppudakkudi,639223,,6614
639219,Mullaiyur,639219,,6614
639225,Nambanpatti,639225,,6614
639319,Neerpalani,639319,,6614
639323,Perambur,639323,,6614
932693,Poothagudi,932693,,6614
639212,Poruvai,639212,,6614
639228,Poyyamani,639228,,6614
639231,Rajagiri,639231,,6614
639226,Rasalipatti,639226,,6614
639299,Sengalakkudi,639299,,6614
639322,Suriyur,639322,,6614
639245,Tennanbadi,639245,,6614
639250,Teravur,639250,,6614
639229,Thengaithinnippatti,639229,,6614
639224,Vanadirayanpatti,639224,,6614
639221,Velur,639221,,6614
639325,Vemmani,639325,,6614
639295,Viralimalai (CT),639295,,6614
639230,Viralur,639230,,6614
639227,Virudapatti,639227,,6614
639210,Vittampatti,639210,,6614
642091,Alavangulam,642091,,5859
642076,Annaviyendal Nedunkulam,642076,,5859
642051,Appanur,642051,,5859
642053,A.Punavasal,642053,,5859
642078,Archanaipagam Usilangulam,642078,,5859
642070,Avathandai,642070,,5859
642089,Brahmanankulam,642089,,5859
642081,Iruveli,642081,,5859
642067,Kadaladi,642067,,5859
642079,Kadugusandai,642079,,5859
642083,Kannirajpuram,642083,,5859
642061,Keelakidaram,642061,,5859
642064,Keelaselvanur,642064,,5859
642055,Keerandai,642055,,5859
642074,Kokkarankottai,642074,,5859
642075,Kondunallanpatti,642075,,5859
642063,Kuruchchikulam,642063,,5859
642085,Kuthiraimozhi,642085,,5859
642068,K.Veppangulam,642068,,5859
642054,Marandai,642054,,5859
642088,Mariyur,642088,,5859
642066,Meenangudi,642066,,5859
642062,Melakidaram,642062,,5859
642080,Melaselvanur,642080,,5859
642069,M. Karisalkulam,642069,,5859
642086,Mookkaiyur,642086,,5859
642084,Narippaiyur,642084,,5859
642065,Orivayal,642065,,5859
642052,Oruvanendal,642052,,5859
642057,Panivasal,642057,,5859
642056,Peikulam,642056,,5859
642087,Periakulam,642087,,5859
933525,சாயல்குடி,933525,,5859
642058,Sikkal,642058,,5859
642077,Silliyanvagaikkulam,642077,,5859
642090,Sippikulam,642090,,5859
642060,Siraikulam,642060,,5859
642082,S.Tharaikudi,642082,,5859
642092,Thanichiyam,642092,,5859
642072,Tirumalugandankottai,642072,,5859
642071,Tirupativeppangulam,642071,,5859
642073,T.Karisalkulam,642073,,5859
642093,Valinockam,642093,,5859
933520,அபிராமம்,933520,,5858
642005,Achchangulam,642005,,5858
642026,Anaiyur,642026,,5858
642039,Ariamangalam,642039,,5858
642006,A.Tharaikkudi,642006,,5858
642008,Eluvanur,642008,,5858
642044,Idivilagi,642044,,5858
642050,Kadamangalam,642050,,5858
642010,Kakkudi,642010,,5858
642034,Kallikulam,642034,,5858
642023,Keelaramanadhi,642023,,5858
642024,K.Nedungulam,642024,,5858
642041,Komboothi,642041,,5858
642009,Koodakkulam,642009,,5858
642040,Kovilangulam,642040,,5858
642016,Kumudi,642016,,5858
642036,K.Veppangulam,642036,,5858
642018,Mandalamanickam,642018,,5858
642017,Maraikkulam,642017,,5858
642038,Mavilangai,642038,,5858
642022,Melaramanadhi,642022,,5858
642043,Mudaliarpudukkulam,642043,,5858
642029,Mudalnadu,642029,,5858
642019,Mudimannarkottai,642019,,5858
642030,Musittaikurichi,642030,,5858
642011,Nagarathakurichi,642011,,5858
642013,Natham,642013,,5858
642020,Neeravi,642020,,5858
642021,N.Karisalkulam,642021,,5858
642035,O.Karisalkulam,642035,,5858
642027,Pakkuvetti,642027,,5858
642037,Pammanendal,642037,,5858
642033,Peraiyur,642033,,5858
642004,Perianaikkulam,642004,,5858
642049,Perunali,642049,,5858
642048,P.Muthuramalingapuram,642048,,5858
642045,Ponthampuli,642045,,5858
642032,Pudukkottai,642032,,5858
642014,Sadayanendal,642014,,5858
642015,Sambakkulam,642015,,5858
642031,Seemanendal,642031,,5858
642028,Sengappadai,642028,,5858
642025,Thavasikurichi,642025,,5858
642046,Thimmanathapuram,642046,,5858
642002,T.Punavasal,642002,,5858
642047,T.Valasubramaniapuram,642047,,5858
642007,Vallandai,642007,,5858
642003,Vangarupuram,642003,,5858
642042,Villanendal,642042,,5858
642151,Alangulam,642151,,6654
642129,Ekkakudi,642129,,6654
642094,Ervadi,642094,,6654
642059,Idambadal,642059,,6654
642148,Kalari,642148,,6654
642146,Kalimankundu,642146,,6654
642157,Kanjirangudi,642157,,6654
642158,Keelakarai,642158,,6654
642132,Kudakottai,642132,,6654
642155,Kulapatham,642155,,6654
642128,Malangudi,642128,,6654
642150,Mallal,642150,,6654
642159,Manikkaneri,642159,,6654
642161,Mayakulam,642161,,6654
642152,Nalirukkai,642152,,6654
642156,Pallamerkkulam,642156,,6654
642127,Panaikkulam,642127,,6654
642153,Panaydiyendal,642153,,6654
642165,Periapattinam (CT),642165,,6654
642160,Pullandai,642160,,6654
642134,Raghunathapuram,642134,,6654
642147,Tiruppullani,642147,,6654
642149,Utrakosamangai,642149,,6654
642154,Valanur,642154,,6654
642133,Vannankundu,642133,,6654
642130,Vellamarichchukkatti,642130,,6654
641975,Anaiseri,641975,,5857
641997,Athankothangudi,641997,,5857
641989,Chithirangudi,641989,,5857
641991,Enathi,641991,,5857
641999,Ilanchembur,641999,,5857
641986,Ilankakoor,641986,,5857
641988,Kakkoor,641988,,5857
641992,Kandilan,641992,,5857
641987,Karumal,641987,,5857
641998,Keelachirupodhu,641998,,5857
641960,Keelakodumalur,641960,,5857
641966,Keelakulam,641966,,5857
641967,Keelathooval,641967,,5857
641979,Keeranur,641979,,5857
933528,கீழ முதுகுளத்தூா்,933528,,5857
641969,Kolundurai,641969,,5857
641963,Koothadiyendal,641963,,5857
641993,Kumarakkurichi,641993,,5857
641976,Manaloor,641976,,5857
642001,Melachirupodhu,642001,,5857
641957,Melakodumalur,641957,,5857
641965,Melakulam,641965,,5857
641980,Melamudukulathur,641980,,5857
641974,Melathooval,641974,,5857
641964,Merkkukottagudi,641964,,5857
641977,Nallur,641977,,5857
641983,Pirabakkalur,641983,,5857
641995,Pooseri,641995,,5857
641982,Posukkudi,641982,,5857
641981,Puliyangudi,641981,,5857
641978,Pulvoikulam,641978,,5857
641959,Sadaikkanendal,641959,,5857
641962,Sathanur,641962,,5857
641968,Sellur,641968,,5857
642000,Sendaneri,642000,,5857
641990,Sonaipiriyankottai,641990,,5857
641971,Swathan,641971,,5857
641996,Thaliyanendal,641996,,5857
641958,Thattanendal,641958,,5857
641994,Theriruveli,641994,,5857
641970,Thiruvarangam,641970,,5857
641984,Ulaiyur,641984,,5857
641985,Velanadu,641985,,5857
641972,Vengakurichi,641972,,5857
641961,Vikkiramapandiapuram,641961,,5857
641973,Vilangalathur,641973,,5857
641892,Akkiramesi,641892,,5856
641882,Anjamadai,641882,,5856
641914,A. Panaiyur,641914,,5856
641912,Arasanur,641912,,5856
641947,Ariyakudi,641947,,5856
641923,Ariyanendal,641923,,5856
641944,Bogalur,641944,,5856
641909,Chitthanendal,641909,,5856
641880,Emaneswaram,641880,,5856
641950,Ettivayal,641950,,5856
641919,Gangaikondon,641919,,5856
641934,Kakkanendal,641934,,5856
641922,Kalayur,641922,,5856
641863,Kallikudi,641863,,5856
641935,Kamankottai,641935,,5856
641877,Kamutnakudi,641877,,5856
641867,Karadaranthakudi,641867,,5856
641879,Kattuparmakudi,641879,,5856
641925,Kavanur,641925,,5856
641946,Keelakottai,641946,,5856
641901,Keelaparuthiyur,641901,,5856
641915,Kiliyur,641915,,5856
641931,K.Karungulam,641931,,5856
641953,Kodikulam,641953,,5856
641889,Koluvur,641889,,5856
641898,Koonankulam,641898,,5856
641955,Koraikulam,641955,,5856
641884,Kottakudi,641884,,5856
641876,Kottankulam,641876,,5856
641896,Kulandapuri Arungulam,641896,,5856
641941,Kulathur,641941,,5856
641933,Kumukkottai,641933,,5856
641904,Madanthai,641904,,5856
641885,Manakudi,641885,,5856
641920,Manjakollai,641920,,5856
641921,Manjur,641921,,5856
641956,Melaparthibanur (CT),641956,,5856
641864,Melaparthibanur (Part),641864,,5856
641905,Melayakudi,641905,,5856
641936,Mennendhi,641936,,5856
641897,Mosukkudi,641897,,5856
641939,Mudalur,641939,,5856
641917,Mummudisathan,641917,,5856
641937,Nagachi,641937,,5856
641871,Nagaram,641871,,5856
641872,Nagaramangalam,641872,,5856
641929,Pambur,641929,,5856
641890,Pandappanendal,641890,,5856
641932,Pandikanmoi,641932,,5856
641918,Pandiyur,641918,,5856
641930,Pathanendal,641930,,5856
641891,Periyanendal,641891,,5856
641942,Perungalur,641942,,5856
641874,Perungarai,641874,,5856
641875,Pidariseri,641875,,5856
641911,P.Kodikulam,641911,,5856
641878,Poduvakudi,641878,,5856
641887,Pottagavayal,641887,,5856
641948,Puthur,641948,,5856
641866,Radhappuli,641866,,5856
641910,Sadurvedamangalam,641910,,5856
641894,S.Andakkudi,641894,,5856
641952,Semanur,641952,,5856
641888,Sethukal,641888,,5856
641938,Sevvur,641938,,5856
641951,Seyyalur,641951,,5856
641908,Sirakikottai,641908,,5856
641913,Siruvayal,641913,,5856
641865,Soodiyur,641865,,5856
641900,Thaduthalankottai,641900,,5856
641873,Thalayadikottai,641873,,5856
641883,Thavalaikulam,641883,,5856
641949,Theeyanur,641949,,5856
641928,Thenpoduvakudi,641928,,5856
641940,Thethangal,641940,,5856
641916,Thiyagavanseri,641916,,5856
641927,Tholur,641927,,5856
641907,Urappuli,641907,,5856
641954,Urathur,641954,,5856
641868,Vadavaneri,641868,,5856
641886,Vagavayal,641886,,5856
641903,Valangudi,641903,,5856
641902,Valimarichan,641902,,5856
641945,Vallakulam,641945,,5856
641893,Vallam,641893,,5856
641881,Vaniyavallam,641881,,5856
641943,Veeravanur,641943,,5856
641906,Vendoni,641906,,5856
641895,Vengalur,641895,,5856
641924,Venkittankurichi,641924,,5856
641899,Veppangulam,641899,,5856
641926,Vilatnur,641926,,5856
641854,Alagarthevankkottai,641854,,6653
641821,Anandur,641821,,6653
641822,Anayarkottai,641822,,6653
641869,Ariyankottai,641869,,6653
641826,Arunuthimangalam,641826,,6653
641870,Attangudi,641870,,6653
641838,Bagavathimangalam,641838,,6653
641848,Chitturuvadi,641848,,6653
641796,Govindamangalam,641796,,6653
933582,கூடலூா்,933582,,6653
641851,Kalangappuli,641851,,6653
641837,Kallikudi,641837,,6653
641855,Karungudi,641855,,6653
641818,Karungudi,641818,,6653
641825,Kavvur,641825,,6653
641824,Kokurani,641824,,6653
641845,Kulamanikkam,641845,,6653
641839,Odaikkal,641839,,6653
641820,Odaikkarai,641820,,6653
641852,Paranur,641852,,6653
933562,பெத்தாா் தேவன் கோட்டை,933562,,6653
641840,Pullamadai,641840,,6653
641795,Radhanur,641795,,6653
933543,இராஜசிங்கமங்களம்,933543,,6653
641843,Ramanathamadai,641843,,6653
641844,Rettaiyurani,641844,,6653
641823,Sattanur,641823,,6653
641859,Seenangudi,641859,,6653
641853,Sengudi,641853,,6653
641841,Sethidal,641841,,6653
641857,Sholandur,641857,,6653
641819,Thirutheravalai,641819,,6653
641858,Thumbadakkakottai,641858,,6653
641861,Tiruppalaikkudi,641861,,6653
641856,Tuthiyendal,641856,,6653
641849,Uppur,641849,,6653
641850,Uranagudi,641850,,6653
641860,Valamavur,641860,,6653
641842,Varavani,641842,,6653
642131,Achadipirambu,642131,,5860
642125,Achchundanvayal,642125,,5860
642117,Alagankulam,642117,,5860
642101,Alamalandal,642101,,5860
642096,Andichiendal,642096,,5860
642109,Athyuthu,642109,,5860
642118,Attangarai,642118,,5860
642108,Chittrakkottai,642108,,5860
642162,Devipattinam (CT),642162,,5860
642102,Devipattinam (Part),642102,,5860
642138,Enmanamkondan,642138,,5860
642144,Karan,642144,,5860
642106,Karendal,642106,,5860
642105,Kavanur,642105,,5860
642124,Kooriyur,642124,,5860
642104,Kumariyendal,642104,,5860
642135,Kumbaram,642135,,5860
642121,Kusavankudi,642121,,5860
642097,Ladanendal,642097,,5860
642126,Landai,642126,,5860
642141,Mandapam,642141,,5860
642137,Nagachi,642137,,5860
642100,Naranamangalam,642100,,5860
642142,Nochiyurani,642142,,5860
642110,Palangulam,642110,,5860
642095,Pandamangalam,642095,,5860
642099,Pathanendal,642099,,5860
642164,Pattinamkattan (CT),642164,,5860
642114,Pattinamkattan (Part),642114,,5860
642145,Periapattinam (Part),642145,,5860
642119,Perungulam,642119,,5860
642103,Peruvayal,642103,,5860
642139,Pirappanvalasai,642139,,5860
642143,Pudumadam,642143,,5860
642107,Pullangudi,642107,,5860
642123,Rajasuriamadai,642123,,5860
642136,Rettaiyurani,642136,,5860
642163,Sakkarakottai (CT),642163,,5860
642122,Sakkarakottai (Part),642122,,5860
642140,Sattakkonvalasai,642140,,5860
642113,Surankottai,642113,,5860
642116,Terbhogi,642116,,5860
642115,Thiruvolhiyakalugoorani,642115,,5860
642111,Toruvalur,642111,,5860
642120,Valantaravai,642120,,5860
642112,Vannivayal,642112,,5860
642098,Vennathur,642098,,5860
642166,Pamban,642166,,5861
933517,இராமேஸ்வரம்,933517,,5861
641788,Akkalur,641788,,5855
641847,Alikkudi,641847,,5855
641846,A.Manakudi,641846,,5855
641792,Anjukottai,641792,,5855
641797,Arasur,641797,,5855
641815,Athiyur,641815,,5855
641777,Attur,641777,,5855
933675,சின்ன தொண்டி,933675,,5855
641782,Chittamangalam,641782,,5855
641817,Gudalur,641817,,5855
641801,Ilaiyathanvayal,641801,,5855
641799,Kadambakkudi,641799,,5855
641834,Kadambanedal,641834,,5855
641769,Kadambur,641769,,5855
641812,Kadangudi,641812,,5855
641805,Kaliyanagari,641805,,5855
641836,Kanatangudi,641836,,5855
641811,Karungalagudi,641811,,5855
641771,Kattavilagam,641771,,5855
641780,Kattimangalam,641780,,5855
641830,Kilaarumbur,641830,,5855
641827,Kilapanaiyur,641827,,5855
641791,Kiliyur,641791,,5855
641808,Kodipangu,641808,,5855
641773,Kookudi,641773,,5855
641829,Kulathur,641829,,5855
641806,Machur,641806,,5855
641803,Mallanur,641803,,5855
641774,Mangalagudi,641774,,5855
641785,Marungur (Part),641785,,5855
641800,Mavur,641800,,5855
641831,Mugilthagam,641831,,5855
933673,முத்துராமலிங்கபட்டிணம்,933673,,5855
641789,Nagrikathan,641789,,5855
641832,Nambuthalai,641832,,5855
641776,Neyvayal,641776,,5855
641787,Nilamalagiyamangalam,641787,,5855
641770,Nirkumdram,641770,,5855
641807,Odavayal,641807,,5855
641793,Orikottai,641793,,5855
641784,Orur,641784,,5855
641772,Paganur,641772,,5855
641768,Palangulam,641768,,5855
641790,Pandugudi,641790,,5855
641781,Panichagudi,641781,,5855
641794,Parur,641794,,5855
641828,Pattamangalam,641828,,5855
641833,Pudupattinam,641833,,5855
641786,Pullur,641786,,5855
641814,Sekkanthidal,641814,,5855
641783,Sirugambaiyur,641783,,5855
641779,Sirumalaikkottai,641779,,5855
641862,Sundarapandianpattinam (CT),641862,,5855
641813,Thalirmarungur,641813,,5855
641802,Thelur,641802,,5855
641798,Thiruvadanai,641798,,5855
933674,தொண்டி,933674,,5855
641816,Thottamangalam,641816,,5855
641835,Tiruvetriyur,641835,,5855
641778,T.Nagani,641778,,5855
641775,Tuthagudi,641775,,5855
641804,Vattanam,641804,,5855
641810,Velangudi,641810,,5855
933932,Aarikilapadi,933932,,5715
630599,Ambarishpuram,630599,,5715
933937,Ammanur,933937,,5715
630690,Ammanur (CT),630690,,5715
630686,Ammanur R.F.,630686,,5715
630605,Anaikattuputhur,630605,,5715
630568,Anaipakkam,630568,,5715
630607,Ananthapuram,630607,,5715
933933,Arakkonam,933933,,5715
630610,Arigilavadi,630610,,5715
630593,Asamandur,630593,,5715
630649,Asanallikuppam,630649,,5715
630608,Athur,630608,,5715
630633,Attupakkam,630633,,5715
630688,Banavaram R.F.,630688,,5715
630556,Chithambadi,630556,,5715
630631,Chittoor,630631,,5715
630651,Ganapathipuram,630651,,5715
630628,Illuppaithandalam,630628,,5715
630557,Itchiputhur,630557,,5715
630574,Kainoor,630574,,5715
630571,Kavanur,630571,,5715
630561,Kilandur,630561,,5715
630572,Kilkuppam,630572,,5715
630570,Kilpakkam,630570,,5715
630558,Kilvanam,630558,,5715
630673,Kilvenbakkam,630673,,5715
630635,Kilvenkatapuram,630635,,5715
630685,Kolathur R.F.,630685,,5715
630567,Konalam,630567,,5715
630563,Krishnapuram,630563,,5715
630609,Mangattucheri(Kadambanallur),630609,,5715
630672,Melvenbakkam,630672,,5715
630578,Minnal,630578,,5715
630601,Mosur,630601,,5715
630565,Mudur,630565,,5715
630569,Mulvoy,630569,,5715
630630,Murungai,630630,,5715
630603,Nagarikuppam,630603,,5715
630555,Nandi Veduthangal,630555,,5715
630652,Nelvoy,630652,,5715
630650,Pallur,630650,,5715
630629,Parameswaramangalam,630629,,5715
630554,Paranji,630554,,5715
630576,Perumalrajapet,630576,,5715
630597,Perumuchi,630597,,5715
630562,Perungalathur,630562,,5715
630632,Pinnavaram,630632,,5715
630559,Polur,630559,,5715
630611,Poyyapakkam,630611,,5715
630606,Pudukesavaram,630606,,5715
630598,Puliyamangalam,630598,,5715
630634,Sayanavaram (Jagir),630634,,5715
933938,Sembedu,933938,,5715
630689,Sembedu (CT),630689,,5715
630602,Seyyur,630602,,5715
630653,S.Kolathur,630653,,5715
933934,Sugapuram,933934,,5715
933935,Thakkolam,933935,,5715
630575,Thandalam,630575,,5715
630671,Thandalam (Jagir),630671,,5715
933936,Thanigaipolur,933936,,5715
933939,Thirumalpur,933939,,5715
630691,Thirumalpur (CT),630691,,5715
630560,Uliambakkam,630560,,5715
630604,Uriyur,630604,,5715
630687,Uriyur R.F,630687,,5715
630573,Vadamambakkam,630573,,5715
630564,Valarpuram,630564,,5715
630577,Vedal,630577,,5715
630566,Velur,630566,,5715
630716,Anaimallur,630716,,5716
933922,Arcot,933922,,5716
630706,Arumpakkam,630706,,5716
630723,Athithangal,630723,,5716
630702,Chakkaramallur,630702,,5716
630755,Damarapakkam,630755,,5716
630740,Durgam,630740,,5716
630705,Esayanur,630705,,5716
630708,Kadappanthangal,630708,,5716
630724,Karivedu,630724,,5716
630731,Karrikkanthangal,630731,,5716
630694,Kavanur,630694,,5716
630701,Kilambadi,630701,,5716
630732,Kilanthangal,630732,,5716
630726,Kirambadi,630726,,5716
630710,Kukkundi,630710,,5716
630713,Kunjirappanthangal,630713,,5716
630693,Kuppam,630693,,5716
630707,Kurumudithangal,630707,,5716
630711,Ladavaram,630711,,5716
630699,Mangadu,630699,,5716
933925,Maruthuvambadi,933925,,5716
630751,Mazhayur,630751,,5716
630728,Mecheri,630728,,5716
630739,Melathangal,630739,,5716
630695,Melnayakanpalayam,630695,,5716
630741,Mosur,630741,,5716
630727,Mulluvadi,630727,,5716
630697,Muppaduvetti,630697,,5716
630720,Nambarai,630720,,5716
630744,Nethapakkam(Mel),630744,,5716
630734,Ozhalai,630734,,5716
630715,Padi,630715,,5716
630742,Palaiyam,630742,,5716
630709,Papperi,630709,,5716
630738,Paradarami,630738,,5716
630719,Pattanam,630719,,5716
630703,Perungalmedu,630703,,5716
630698,Poongodu,630698,,5716
630700,Puduppadi,630700,,5716
630717,Punganur,630717,,5716
630788,Punganur (R.F.),630788,,5716
630789,Punganur (R.F.),630789,,5716
630722,Punnappadi,630722,,5716
630712,Saravanthangal,630712,,5716
630696,Sathur,630696,,5716
630733,Sembedu,630733,,5716
630766,Senganavaram,630766,,5716
631157,Singarapet Extension R.F.,631157,,5716
631156,Singarapet R.F,631156,,5716
933929,Tajpura,933929,,5716
630790,Tajpura (CT),630790,,5716
933926,Thimiri,933926,,5716
630704,Valavanur,630704,,5716
630754,Vanakambadi,630754,,5716
630718,Varagur,630718,,5716
630725,Velur,630725,,5716
630692,Venkatapuram,630692,,5716
933927,Vilappakkam,933927,,5716
630714,Vilari,630714,,5716
630749,Agaram,630749,,7059
630745,Allalacheri,630745,,7059
630785,Aroor,630785,,7059
630765,Athiyanam,630765,,7059
630767,Ayiramangalam,630767,,7059
933923,Chenkanavaram,933923,,7059
630778,Donimedu,630778,,7059
630736,Gundaleri,630736,,7059
630775,Irungur,630775,,7059
933924,Kalavai,933924,,7059
630759,Kalavaiputhur,630759,,7059
630743,Kaniyanur,630743,,7059
630735,Kilpadi,630735,,7059
630772,Kodali,630772,,7059
630779,Kuppudisatham,630779,,7059
630757,Kuttiyam,630757,,7059
630780,Mambakkam,630780,,7059
630737,Marudamangalam,630737,,7059
630776,Marutham,630776,,7059
630783,Melapalandai,630783,,7059
630774,Melnelli,630774,,7059
934045,Melnetham pakkam,934045,,7059
630781,Mel Pudupakkam,630781,,7059
630763,Melpulam,630763,,7059
630730,Nagaleri,630730,,7059
630760,Nallur,630760,,7059
630756,Nangamangalam,630756,,7059
630721,Palayanur,630721,,7059
630771,Pali,630771,,7059
630746,Parikalpattu,630746,,7059
630769,Pariyamangalam,630769,,7059
630770,Pennagar,630770,,7059
630768,Perumanthangal,630768,,7059
630750,Pindithangal,630750,,7059
630764,Pinnanthangal,630764,,7059
630787,Ponnambalam,630787,,7059
630773,Sembakkam,630773,,7059
630729,Sennaleri,630729,,7059
630747,Sennasamudram,630747,,7059
630752,Seyyathuvannan,630752,,7059
630748,Siruvidagam,630748,,7059
630761,Sittanthangal,630761,,7059
630784,Soraiyur,630784,,7059
630786,Thattacheri,630786,,7059
630777,Thenmanapakkam,630777,,7059
630753,Valaiyathur,630753,,7059
630782,Valappandal,630782,,7059
630758,Vellambi,630758,,7059
630762,Vembi,630762,,7059
630655,Agavalam,630655,,6664
630659,Alapakkam,630659,,6664
630592,Anverthikanpettai,630592,,6664
630616,Arumbakkam,630616,,6664
630680,Athipattu,630680,,6664
630675,Avalur,630675,,6664
630677,Ayarpadi,630677,,6664
630662,Cheri,630662,,6664
630594,Chitheri,630594,,6664
630666,Dharmaneedhi,630666,,6664
630625,Elathur,630625,,6664
630664,Eralacheri,630664,,6664
630683,Kalathur,630683,,6664
630676,Karivedu,630676,,6664
933973,Kariyakudal,933973,,6664
630639,Karnavoor,630639,,6664
630663,Kattalai,630663,,6664
630619,Kattupakkam,630619,,6664
933975,Kaveripakkam,933975,,6664
630626,Kilakalathur,630626,,6664
630612,Kilandurai,630612,,6664
630636,Kizveedhi,630636,,6664
630637,Kodambakkam,630637,,6664
933976,Kondapuram,933976,,6664
630661,Maganipattu,630661,,6664
630638,Mahendravadi,630638,,6664
630682,Mamandur,630682,,6664
630613,Melandurai,630613,,6664
630668,Melapulam,630668,,6664
630624,Meleri,630624,,6664
630618,Melkalathur,630618,,6664
630596,Melpakkam,630596,,6664
630614,Nagavedu,630614,,6664
630667,Nangamangalam,630667,,6664
630656,Nedumpuli,630656,,6664
933978,Nemili,933978,,6664
630615,Ochalam,630615,,6664
630678,Ocheri,630678,,6664
933979,Panappakkam,933979,,6664
630642,Panniyur,630642,,6664
630595,Parithiputhur,630595,,6664
630645,Perapperi,630645,,6664
630674,Perumbulipakkam,630674,,6664
630658,Peruvalayam,630658,,6664
630669,Poigainallur,630669,,6664
630643,Pudupattu,630643,,6664
933980,Punnai,933980,,6664
630654,Reddivalam,630654,,6664
630684,Sankarampadi,630684,,6664
630617,Selvamandai,630617,,6664
630679,Sirukarumbur,630679,,6664
630627,Sirunamalli,630627,,6664
630644,Siruvalayam,630644,,6664
933982,Thenmambakkam,933982,,6664
630660,Thuraiperumbakkam,630660,,6664
630657,Thuraiyur,630657,,6664
630646,Uliyanallur,630646,,6664
630665,Uthirampattu,630665,,6664
630681,Vegamangalam,630681,,6664
630670,Velianallur,630670,,6664
630623,Velithangipuram,630623,,6664
630647,Vepperi,630647,,6664
630648,Vettangulam,630648,,6664
630553,Akkachikuppam,630553,,7060
630583,Ariyur,630583,,7060
630587,Ayal,630587,,7060
630582,Ayipedu,630582,,7060
630620,Banavaram,630620,,7060
630509,Chithathoor,630509,,7060
630504,Govindacheri,630504,,7060
630503,Govindacherikuppam,630503,,7060
630580,Gudalur,630580,,7060
630489,Jambukulam,630489,,7060
630486,Kadappanthangal,630486,,7060
630483,Kallalan Kuppam,630483,,7060
630474,Kalpattu,630474,,7060
630584,Karikkal,630584,,7060
630500,Kattarampakkam,630500,,7060
630488,Kesavanan Kuppam,630488,,7060
630641,Kizveeranam,630641,,7060
630484,Kodakkal,630484,,7060
630498,Kolatheri,630498,,7060
933941,Kondapalayam,933941,,7060
630622,Koothambakkam,630622,,7060
630591,Kunnathur,630591,,7060
630621,Mangalam,630621,,7060
631149,Mangalam Extension,631149,,7060
630499,Marudalam,630499,,7060
630505,Melveeranam,630505,,7060
630585,Nandimangalam,630585,,7060
630508,Ozhughur,630508,,7060
630475,Pandiyanellore,630475,,7060
630552,Paravathur,630552,,7060
630590,Pazayapalayam,630590,,7060
630588,Polipakkam,630588,,7060
630506,Ponnappanthangal,630506,,7060
630640,Pudur,630640,,7060
630485,Pulivalam,630485,,7060
630482,Rendadi,630482,,7060
630481,Sekkadikuppam,630481,,7060
630480,Sengalnatham,630480,,7060
933943,Sholinghur,933943,,7060
630473,Somasamudram,630473,,7060
630586,Soorai,630586,,7060
630589,Tappur,630589,,7060
630479,Thagarakuppam,630479,,7060
630501,Thalangai,630501,,7060
630581,Thalikkal,630581,,7060
630579,Vailambadi,630579,,7060
630502,Vanghur,630502,,7060
630497,Velam,630497,,7060
630551,Vengapattu,630551,,7060
630487,Venkatapuram(Mel),630487,,7060
630520,Ammananthangal,630520,,5714
933948,Ammoor,933948,,5714
630542,Ammur (R.F),630542,,5714
630514,Anandhalai,630514,,5714
630523,Arapakkam,630523,,5714
630537,Arunkundram,630537,,5714
630536,Ayilam,630536,,5714
630518,Bagaveli,630518,,5714
630529,Chennesamudram,630529,,5714
933950,Chettithangal,933950,,5714
630547,Chettithangal (CT),630547,,5714
630491,Ekambaranellur,630491,,5714
630528,Gudimallur,630528,,5714
630531,Kadapperi,630531,,5714
630496,Kalmelkuppam,630496,,5714
933940,Karai,933940,,5714
630495,Katharikuppam,630495,,5714
630535,Kathiavadi,630535,,5714
630530,Katteri,630530,,5714
630538,Kilkuppam,630538,,5714
630522,Kilminnal,630522,,5714
630543,Kilminnal R.F.,630543,,5714
630478,Kondakuppam,630478,,5714
630539,Koorambadi,630539,,5714
630493,Lalapettai,630493,,5714
630511,Maniyambattu,630511,,5714
630512,Manthangal,630512,,5714
630490,Marudampakkam,630490,,5714
630524,Melakuppam,630524,,5714
630494,Mukundarayapuram,630494,,5714
630515,Musiri,630515,,5714
630526,Nandiyalam,630526,,5714
933951,Narasingapuram,933951,,5714
630546,Narasingapuram (CT),630546,,5714
933952,Navlock Garden,933952,,5714
630549,Navlock Garden (CT),630549,,5714
630507,Padiyampakkam,630507,,5714
630477,Palleri,630477,,5714
630513,Pinji,630513,,5714
630532,Poondi,630532,,5714
630544,Punganur R.F,630544,,5714
933944,Rasathpuram,933944,,5714
630540,Sathambakkam,630540,,5714
630510,Sengadu,630510,,5714
630492,Sikarajapuram,630492,,5714
630517,Sumaithangi,630517,,5714
630534,Thalanur,630534,,5714
933942,Thandalam,933942,,5714
630521,Thengal,630521,,5714
630519,Thenkadappanthangal,630519,,5714
630525,Thimmanacherikuppam,630525,,5714
630533,Thirumalaicheri,630533,,5714
630541,Thiruparkadal,630541,,5714
630468,Thiruvalamplantation (R.F),630468,,5714
933945,Vadagal,933945,,5714
630516,Valluvambakkam,630516,,5714
933953,Vanapadi,933953,,5714
630548,Vanapadi (CT),630548,,5714
630550,Vannivedu (OG),630550,,5714
630545,Vannivedu RF,630545,,5714
630476,Vasur,630476,,5714
630527,Veppur,630527,,5714
933946,Visharam,933946,,5714
933947,Wallajah,933947,,5714
634270,Akkichettipalayam,634270,,5743
634257,Alagapuram,634257,,5743
634267,Ammampalayam,634267,,5743
634258,Appamasamudram,634258,,5743
634311,Arasanatham,634311,,5743
634317,Aruna RF,634317,,5743
634256,Attavanai Kothambadi,634256,,5743
933779,Attur,933779,,5743
634286,Chockkanathapuram,634286,,5743
634285,Echampatty,634285,,5743
634325,Jadayagoundanslopes RF,634325,,5743
634255,Jarikothambadi,634255,,5743
634268,Kallanatham,634268,,5743
634253,Kalpaganur,634253,,5743
932947,Keeripatti,932947,,5743
931890,Lakshmanasamudram,931890,,5743
634284,MalliakKarai,634284,,5743
634307,Manjini,634307,,5743
634321,Mannur RF,634321,,5743
931893,Mullaivadi,931893,,5743
634260,Muttal,634260,,5743
634322,Nagalur RF,634322,,5743
932950,Narasingapuram,932950,,5743
634309,Paithur North,634309,,5743
634326,Paithur RF,634326,,5743
931888,Paithur(South),931888,,5743
634323,Pattimedu Extension RF,634323,,5743
634324,Pattimedu RF,634324,,5743
634308,Pungavadi,634308,,5743
931889,Ramanaickenpalayam(South),931889,,5743
634243,Ramanayakkampalayam North,634243,,5743
634310,Seeliampatty,634310,,5743
634287,Thandavarayapuram,634287,,5743
634269,Thenmangudipalayam,634269,,5743
634318,Thirthagiri RF,634318,,5743
634288,Thulukkanur,634288,,5743
634319,Tumbal Extension RF,634319,,5743
634320,Tumbal RF,634320,,5743
931897,Udayampatti,931897,,5743
634289,Valayamadevi,634289,,5743
931797,ஆவணிபேரூர் மேற்கு,931797,,5738
633895,Adaiyur,633895,,5738
633905,Avaniperur(East),633905,,5738
633906,Chettimankurichi,633906,,5738
931798,சின்னமணலி,931798,,5738
633907,Chittur Bit 1,633907,,5738
931917,Chittur bit2,931917,,5738
633902,Dadapuram,633902,,5738
933786,Edappadi,933786,,5738
633911,Erumaipatti,633911,,5738
633896,Irupali,633896,,5738
633899,Kachchippalli,633899,,5738
633901,Konasamudram,633901,,5738
933029,Konganapuram,933029,,5738
633900,Koranampatti,633900,,5738
633910,Kurumbapatti,633910,,5738
633908,Nedungulam,633908,,5738
633894,Pakkanadu,633894,,5738
633913,Pakkanadu R.F.,633913,,5738
933030,Poolampatti,933030,,5738
633903,Puduppalayam,633903,,5738
633897,Samudram,633897,,5738
633912,Tangayur,633912,,5738
633898,Vellalapuram,633898,,5738
633909,Vellarivalli,633909,,5738
633904,Vembaneri,633904,,5738
634334,Anaiyampatty,634334,,5744
634362,Attur Manmalai RF,634362,,5744
634351,Belur,634351,,5744
634366,Belur RF,634366,,5744
932931,Gangavalli,932931,,5744
634360,Gangavalli RF,634360,,5744
634347,Goodamalai,634347,,5744
634339,Jangama Samudram,634339,,5744
634335,Kadambur,634335,,5744
634341,Kallipatty,634341,,5744
634338,Kondayampalli,634338,,5744
931804,கோனேரிப்பட்டி,931804,,5744
634348,Krishnapuram,634348,,5744
634346,Manmalai,634346,,5744
634345,Mudakkupatty,634345,,5744
634328,Naduvalur,634328,,5744
634337,Nagiampatty,634337,,5744
634367,Nagoor RF,634367,,5744
634327,Othiyathur,634327,,5744
634352,Pachamalai,634352,,5744
634363,Periya Solai RF,634363,,5744
634343,Pillaiyarmathi,634343,,5744
634340,Sengadu,634340,,5744
932934,Sentharapatti,932934,,5744
634342,Seradimulai,634342,,5744
932937,Thammampatti,932937,,5744
932940,Thedavur,932940,,5744
634336,Ulipuram,634336,,5744
634344,Valacombai,634344,,5744
634349,Valasakkalpatti,634349,,5744
634365,Vanjarai RF,634365,,5744
634361,Vedambian RF,634361,,5744
634364,Vengamudi RF,634364,,5744
634353,Veppadi,634353,,5744
634368,Veppadi R.F.,634368,,5744
634350,Veppanthattai,634350,,5744
633811,Danishpet,633811,,6619
633822,Darapuram,633822,,6619
633813,Dasasamudram,633813,,6619
633812,Deevattipatti,633812,,6619
633807,Elathur,633807,,6619
633882,Elathur R.F.,633882,,6619
633804,Gundikkal,633804,,6619
931938,காடயாம்பட்டி வடக்கு,931938,,6619
931942,காடயாம்பட்டி தெற்கு,931942,,6619
633803,Kanavoipudur,633803,,6619
633816,Kanjanayakanpatti,633816,,6619
633802,Kethunaickenpatty pudur,633802,,6619
931928,கொங்குப்பட்டி வடக்கு,931928,,6619
633805,Kongupatti (SOUTH),633805,,6619
633818,Kookuttapatti,633818,,6619
633815,Marakkottai,633815,,6619
633806,Mookanur,633806,,6619
931926,நாச்சனம்பட்டி,931926,,6619
633808,Naduppatti,633808,,6619
633810,Palappallikombai,633810,,6619
633817,Pannapatti,633817,,6619
633814,Poosaripatti,633814,,6619
633820,Pottipuram,633820,,6619
633800,Sekkarapatti,633800,,6619
633823,Semmandapatti,633823,,6619
633821,Sikkanampatti,633821,,6619
633824,Thathayampatti,633824,,6619
633819,Tumbipadi,633819,,6619
633801,Veppilai,633801,,6619
633768,Alamarathupatti,633768,,5736
633764,Amaram,633764,,5736
633783,Aranganur,633783,,5736
633798,Avadattur (CT),633798,,5736
633780,Banapuram,633780,,5736
633763,Bukkampatti,633763,,5736
633782,Chinnasattappadi,633782,,5736
633787,Chinnasoragai,633787,,5736
633789,Dasagappatti,633789,,5736
633799,Doramangalam (CT),633799,,5736
633757,Gonur East,633757,,5736
633794,Gonur R.F.,633794,,5736
933100,Gonur West,933100,,5736
633770,Kannamoochi,633770,,5736
633792,Karikkapatti,633792,,5736
633754,Kaveripuram North,633754,,5736
933065,Kaveripuram South,933065,,5736
933059,Kolathur,933059,,5736
633775,Kolnaikenpatti,633775,,5736
633758,Koonandiyur,633758,,5736
633778,Koppam,633778,,5736
633779,Koppampatti,633779,,5736
633777,Kuttapatti,633777,,5736
633769,Lakkampatti,633769,,5736
633760,Mallikundam,633760,,5736
633786,Mallikuttappatti,633786,,5736
633785,Manathal Nallakavundampatti,633785,,5736
933053,Mecheri,933053,,5736
633765,M.Kalipatti,633765,,5736
633771,Moolakkadu,633771,,5736
933050,Nangavalli,933050,,5736
633774,Navappatti,633774,,5736
633784,Olaipatti,633784,,5736
633795,Pachapalli (R.F.),633795,,5736
633773,Palamalai,633773,,5736
633796,Palamalai (R.F.),633796,,5736
633759,Pallipatti,633759,,5736
633781,Periyasattappadi,633781,,5736
633788,Periyasoragai,633788,,5736
633766,Pottaneri,633766,,5736
931927,Pottaneri Nallakavundanpatti,931927,,5736
633772,Sampalli,633772,,5736
633755,Singiripatti,633755,,5736
633793,Solapadi R.F.,633793,,5736
633791,Soorappalli,633791,,5736
633761,Thethigiripatti,633761,,5736
633756,Thinnappatti,633756,,5736
633790,Vanavasi,633790,,5736
633797,Vanavasi R.F.,633797,,5736
933045,Veerakalputhur,933045,,5736
633776,Veerakkal,633776,,5736
633762,Vellar,633762,,5736
633767,Virudasampatti,633767,,5736
633872,Alagusamudram,633872,,5737
633843,Amarakundhi,633843,,5737
932002,Anaikavundanpatti,932002,,5737
633864,Ariyampatti,633864,,5737
633862,Arurpatti,633862,,5737
633835,Balbakki,633835,,5737
633883,Bommiyampatti R.F.,633883,,5737
633874,Chellapillaikuttai,633874,,5737
633861,Chikkampatti,633861,,5737
932007,Dasavilakku South,932007,,5737
633870,Desavilakku North,633870,,5737
633866,Ellavampatti,633866,,5737
633854,Ettikuttapatti,633854,,5737
633826,Gobinathapuram,633826,,5737
633879,Gundukkal R.F.,633879,,5737
633868,Idaiyapatti,633868,,5737
633830,Jagadevampatti,633830,,5737
633809,Kadayampatti,633809,,5737
633825,Kamalapuram,633825,,5737
633829,Kaminaickanpatti.,633829,,5737
633884,Kanavoipudur R.F.,633884,,5737
633887,Kaniyeri R.F.,633887,,5737
633893,Karukkalvadi (CT),633893,,5737
633836,Karuppanampatti,633836,,5737
933417,Karuppur,933417,,5737
633886,Karuvattuparai R.F.,633886,,5737
932000,Kasuvireddipatti,932000,,5737
633838,Kattaperiyampatti,633838,,5737
633855,Kollappatti,633855,,5737
633890,Kottagoundampatty (CT),633890,,5737
633834,Kottamettupatti,633834,,5737
633889,Kuduvampatti R.F.,633889,,5737
633852,Kullamanickenpatti,633852,,5737
633892,Kurukkupatti (CT),633892,,5737
633880,Lokkur R.F.,633880,,5737
633832,Mailapalaiyam,633832,,5737
633842,Mallikuttai,633842,,5737
633881,Manakondamalai R.F.,633881,,5737
633841,Manathal,633841,,5737
633876,Manguppai,633876,,5737
633860,M.Chettipatti,633860,,5737
633857,Mungilpadi,633857,,5737
633873,Muthunaickenpatti,633873,,5737
633833,Naranampalayam,633833,,5737
633851,Omalur,633851,,5737
633850,Pachanampatti,633850,,5737
633875,Pagalpatti,633875,,5737
633867,Panikkanur,633867,,5737
633837,Panjakalipatti,633837,,5737
633888,Pannikaradu R.F.,633888,,5737
633869,Pappambadi,633869,,5737
633847,Periyerippatti,633847,,5737
633859,Puliyampatti,633859,,5737
633878,Ramasamimalai R.F.,633878,,5737
633863,Ramireddipatti,633863,,5737
633848,Reddipatti,633848,,5737
633827,Sakkarachettipatti,633827,,5737
633877,Saminayakkanpatti,633877,,5737
633858,Sangitapatti,633858,,5737
633853,Sekkarapatti,633853,,5737
633865,Selavadi,633865,,5737
933415,Tharamangalam,933415,,5737
633828,Thathayangarpatti,633828,,5737
633856,Thekkampatti,633856,,5737
633844,Tholasampatti,633844,,5737
633845,Thondumaniyam,633845,,5737
633849,Tindamangalam,633849,,5737
633871,T.Konagapadi,633871,,5737
633840,T.Maramangalam,633840,,5737
633839,Umbilikamaramangalam,633839,,5737
633846,Vedappatti,633846,,5737
633891,Vellakkalpatty (CT),633891,,5737
633831,Vellalapatti,633831,,5737
633885,Yerimalai R.F.,633885,,5737
931880,Abinavam,931880,,6618
634242,Adiyanur,634242,,6618
634276,Ariyapalayam,634276,,6618
634245,Belurkaradipatti,634245,,6618
634229,ChinnakalrayanHillsTherkkunadu,634229,,6618
634230,ChinnakalrayanHillsvadakkunadu,634230,,6618
634248,Chinnaksrishnapuram,634248,,6618
931881,Chinnamasamuthiram,931881,,6618
634272,Dalavaipatty,634272,,6618
931883,Errammasamudram,931883,,6618
634278,Ettapur Karadipatti,634278,,6618
634283,Gopalapuram,634283,,6618
634231,Idaiyappatti,634231,,6618
634281,Kalarampatty,634281,,6618
634236,Kalleripatty,634236,,6618
634235,Kalyanagiri,634235,,6618
634239,Kariakoilvalavu,634239,,6618
634259,Kilavarai,634259,,6618
634238,Koilputhur,634238,,6618
634244,Kottavadi,634244,,6618
634234,Kumarapalayam,634234,,6618
634240,Kunnur,634240,,6618
634228,Malayalapatti,634228,,6618
634237,Mannur,634237,,6618
634246,Mettudaiyampalayam,634246,,6618
634254,Mettupalayam,634254,,6618
634275,Muthakavandanur,634275,,6618
634226,Neyyamalai,634226,,6618
634273,Oddapatty,634273,,6618
634252,Olaipadi,634252,,6618
634271,Palaniyapuri,634271,,6618
634232,Panaimadal,634232,,6618
634247,Periakriashnapuram,634247,,6618
933421,Pethanaickenpalayam,933421,,6618
634250,Puthiragoundampalayam,634250,,6618
634282,Rangappanaickenpalayam,634282,,6618
634233,Sekkadipatti,634233,,6618
634241,Soolankurichi,634241,,6618
634279,Thamayanur,634279,,6618
634274,Thennampillaiyur,634274,,6618
931885,Thirumalainamasamudram,931885,,6618
634227,Tumbal,634227,,6618
634277,Umayalpuram,634277,,6618
634249,Vadakuttampatti,634249,,6618
634251,Virakavundanur,634251,,6618
634280,West Rajapalayam,634280,,6618
933424,Yethapur,933424,,6618
633972,Achanguttaipatti,633972,,5740
633970,Achanguttapattipudur,633970,,5740
633982,Adikarapatti,633982,,5740
634046,Adimalaipatti,634046,,5740
634036,Ammapalayam,634036,,5740
633971,Aramanur,633971,,5740
634029,Bairoji,634029,,5740
633980,Chinnanur,633980,,5740
634054,Dasanaickenpatti (CT),634054,,5740
633977,Dasinayakkanpatti,633977,,5740
633965,D.Perumalpalayam,633965,,5740
634034,Erumanayakanpalayam,634034,,5740
634062,Erumapalayam (CT),634062,,5740
634015,Gajallnayakkanpatti,634015,,5740
634014,Jalluthuppatti,634014,,5740
634052,Jalluthuppatti R.F.,634052,,5740
634013,Jerugumalai,634013,,5740
634051,Jerugumalai R.F.,634051,,5740
634048,Kammalapatti,634048,,5740
634050,Kanjamalai R.F.,634050,,5740
932908,Kannankurichi,932908,,5740
633963,Karpagam,633963,,5740
633969,Kathiripatti,633969,,5740
634042,Konamaduvu,634042,,5740
634063,Kondalampatti (CT),634063,,5740
634053,Kondappanaickenpatti (CT),634053,,5740
633984,Korathupatti,633984,,5740
633973,Kuppanur,633973,,5740
634041,kuralnatham,634041,,5740
932910,Mallur,932910,,5740
633979,Mettupattithathanur,633979,,5740
633968,Mookkanur,633968,,5740
633962,M.Palapatti,633962,,5740
634035,Mukkuthipalayam,634035,,5740
634049,Nagarmalai R.F.,634049,,5740
634016,Nallikkalpatti,634016,,5740
634012,Nilavarapatti (Part),634012,,5740
634044,Nuleathukombai,634044,,5740
634002,Pallampatti,634002,,5740
633976,Pallipatti,633976,,5740
634039,Pallitherupatti,634039,,5740
932912,Panamarathupatti,932912,,5740
634045,Sambakuttaipatti,634045,,5740
634037,Sandiyur,634037,,5740
634038,Sandiyur Attayampatti,634038,,5740
634061,Sanniyasigundu (CT),634061,,5740
633966,Sukkampatti,633966,,5740
633967,Tadanur,633967,,5740
633981,Tailanur,633981,,5740
634047,Thumbalpatti,634047,,5740
634040,Tippampatti,634040,,5740
633998,Udayapatti,633998,,5740
634043,Vadapatty,634043,,5740
633978,Valaiyakkaranur,633978,,5740
634033,Valakuttapatti,634033,,5740
633975,Valasaiyur,633975,,5740
633964,Vedapatti,633964,,5740
633983,Veeranam,633983,,5740
633974,Vellaiyanpatti,633974,,5740
932183,Vengampatti,932183,,5740
634009,Agraharapulaveri,634009,,5970
634020,Akkaraipalaiyam,634020,,5970
932049,Amanikondalampatti,932049,,5970
634023,Anaikuttaipatti,634023,,5970
634007,Ariyampalayam,634007,,5970
634010,Attavanaipulaveri,634010,,5970
932053,Attayampatti,932053,,5970
932056,Bairoji Agraharam,932056,,5970
634032,Basuvanathampatti,634032,,5970
634070,Chennagiri (CT),634070,,5970
634005,Chinnasiragapadi,634005,,5970
634025,Ellimanaickampatti,634025,,5970
634018,Errachinnampatti,634018,,5970
634031,Eruvadipettampatti,634031,,5970
932060,Ilampillai,932060,,5970
932062,Jarikondalampatti,932062,,5970
634027,Kadathur Agraharam,634027,,5970
634066,Kalparapatti (CT),634066,,5970
932064,Kombadipatti,932064,,5970
634028,Marulayampalayam,634028,,5970
932067,Muttanampalayam,932067,,5970
634022,Nallarayampatti,634022,,5970
932069,Nayinampatti,932069,,5970
634065,Neykkarappatti (CT),634065,,5970
634021,Palampatti,634021,,5970
634071,Papparapatti (CT),634071,,5970
932893,Paranattamangalam,932893,,5970
634017,Parappatti,634017,,5970
634004,Periyaseeragapadi,634004,,5970
634067,Perumagoundampatti (CT),634067,,5970
932051,Pettampatti,932051,,5970
634069,Rajapalayam (CT),634069,,5970
634026,Rakkipatti,634026,,5970
932071,Ramapuram,932071,,5970
932088,Reddipatti,932088,,5970
932089,Selliyampalayam,932089,,5970
634024,Senaipalayam,634024,,5970
932094,Sevampalayam,932094,,5970
634019,Sittaneri,634019,,5970
634011,Thammanayakkanpatti,634011,,5970
932098,Thanakuttipalayam,932098,,5970
634008,Uthamasolapuram,634008,,5970
634030,Vaniyampadi,634030,,5970
634006,Veerapandi,634006,,5970
932100,Velanattam,932100,,5970
634068,Vembadithalam (CT),634068,,5970
633960,A.Ayyamperumalpatti,633960,,5971
633997,Andipatti-Sowdapuram,633997,,5971
633992,Arikkavandanpatti,633992,,5971
633961,Chettichavadi,633961,,5971
634056,Dalavaipatti (CT),634056,,5971
633990,Karichipatti,633990,,5971
633958,Keeraipappambadi,633958,,5971
633999,Kothanur,633999,,5971
633989,Kullanpatti,633989,,5971
634003,Luguvanpatti,634003,,5971
634057,Majaragollappatti (CT),634057,,5971
634055,Mallamooppampatti (CT),634055,,5971
633986,Mallaravuthampatti,633986,,5971
634058,Maramangalathupatti (CT),634058,,5971
633988,Muduthurai,633988,,5971
633993,Murungapatti,633993,,5971
633995,Nallampatti,633995,,5971
633994,Nayakkanpatti,633994,,5971
634000,Perumampatti,634000,,5971
932074,Pethampatty,932074,,5971
633987,Pumandapatti,633987,,5971
634064,Puthur Agraharam (CT),634064,,5971
633959,Sarkar Gollappatti,633959,,5971
634060,Selathampatti (CT),634060,,5971
633991,Sittanur Gollapatti,633991,,5971
634001,Thunbathulipatti,634001,,5971
634059,Tirumalaigiri (CT),634059,,5971
633985,Vattamuthampatti,633985,,5971
633996,Vedakuttampatti,633996,,5971
633917,Agraharam Talaiyur,633917,,5739
633941,Aiveli,633941,,5739
633943,Alathur,633943,,5739
633950,Annadanapatti,633950,,5739
931945,Arasiramani Bit1,931945,,5739
931929,Arasiramani Bit2,931929,,5739
633940,Avarangampalayam,633940,,5739
633942,Chinnakavundanur,633942,,5739
633924,Devanakavandanur,633924,,5739
633914,Egapuram,633914,,5739
633957,Eranapuram (CT),633957,,5739
633931,Gedikaval,633931,,5739
633921,Gudalur,633921,,5739
931947,Idanganasalai Bit1,931947,,5739
931951,Idanganasalai Bit2,931951,,5739
633933,Irugalur,633933,,5739
633953,Irugalur Pudupalayam,633953,,5739
633918,Kalikavundanpalayam,633918,,5739
633919,Kanagagiri,633919,,5739
633920,Kandarakulamanickam,633920,,5739
633916,Kannanderi,633916,,5739
931802,கஸ்தூரிப்பட்டி,931802,,5739
633946,Katteri,633946,,5739
633925,Kaveripatti,633925,,5739
633928,Kaveripatti Agraharam,633928,,5739
633927,Koneripatti,633927,,5739
633926,Koneripatti Ag.,633926,,5739
633938,Kottavarudampatti,633938,,5739
633929,Manjakalpatti,633929,,5739
633949,Morur Bit 1,633949,,5739
931954,Morur Bit2,931954,,5739
633956,Naduvaneri (CT),633956,,5739
633923,Olakkachinnanur,633923,,5739
633936,Puchampatti,633936,,5739
633915,Pudur,633915,,5739
633944,Pullakkavundampatti,633944,,5739
633945,Pullakkavundampatti Agraharam,633945,,5739
933009,Sankari,933009,,5739
633948,Sanniyasipatti Ag.,633948,,5739
633932,Sellappampatti,633932,,5739
633937,Sungidivarathampatti,633937,,5739
633935,Sungudivaradampatti,633935,,5739
633954,Suriyamalai R.F.,633954,,5739
633955,Thappakuttai (CT),633955,,5739
933012,Thevur,933012,,5739
633934,Uthupalayam,633934,,5739
633951,Vadugapatti,633951,,5739
633922,Vaikuntam,633922,,5739
633939,Valayasettipalayam,633939,,5739
931955,Veerachipalayam Agraharam,931955,,5739
633952,Veppampatti,633952,,5739
633930,Vettukkadupatti,633930,,5739
633947,Virachchipalayam,633947,,5739
634299,Aragalur,634299,,7120
634301,Arathi Agraharam,634301,,7120
931803,சொக்கனூர் அக்ரஹாரம்,931803,,7120
634292,Deviakkurichi,634292,,7120
634357,East Rajapalayam,634357,,7120
634315,Govindampalayam,634315,,7120
634332,Iluppanatham,634332,,7120
634303,Kamakkapalayam,634303,,7120
634266,Kattukkottai,634266,,7120
634359,Kavarpanai,634359,,7120
634355,Laddivadi,634355,,7120
634302,Mammudi,634302,,7120
634265,Manivilundan,634265,,7120
634295,Narakkurchi,634295,,7120
634297,Nathakkarai,634297,,7120
634333,Nattar Agraharam,634333,,7120
634313,Navalur,634313,,7120
634356,Pagudapadi,634356,,7120
634316,Pallipalayam,634316,,7120
634294,Pattuthurai,634294,,7120
634298,Periyeri,634298,,7120
634358,Pinnanur,634358,,7120
634330,Puliamkurichi,634330,,7120
634312,Punavasal,634312,,7120
634296,Puthur,634296,,7120
634290,Sadasivapuram,634290,,7120
634291,Sarvoy,634291,,7120
634306,Sathapadi,634306,,7120
634264,Siruvachur North,634264,,7120
931901,Siruvachur(South),931901,,7120
634314,Sitheri,634314,,7120
634293,Talaivasal,634293,,7120
634305,Thenkumarai,634305,,7120
634354,Thittacheri,634354,,7120
634300,Thiyaganur,634300,,7120
634261,Unathur,634261,,7120
634304,Vadakumarai,634304,,7120
634263,Varagur,634263,,7120
932942,Veeraganur,932942,,7120
634331,Vellaiyur,634331,,7120
634329,Veppampoondi,634329,,7120
634262,Veppanatham,634262,,7120
634185,Agrahara Nattaramangalam,634185,,5742
931799,அக்ரஹார வாழப்பாடி,931799,,5742
634167,Aladipatti,634167,,5742
634175,Anuppur,634175,,5742
634169,Aranuthumalai,634169,,5742
634192,Athanurpatti,634192,,5742
932993,Ayothiyapattinam,932993,,5742
932996,Belur,932996,,5742
634188,Chandrapillaivalasai,634188,,5742
634200,Chenrayapalayam,634200,,5742
634182,Chinnakavundapuram,634182,,5742
634160,Chinnakuttimaduvu,634160,,5742
634189,Chinnamanayakanpalayam,634189,,5742
634165,Chinnavelampatti,634165,,5742
634178,Eripudur,634178,,5742
634223,Gudamalai R.F.,634223,,5742
634216,Jambuthumalai,634216,,5742
634161,Kankatti Ala,634161,,5742
634183,Karipatti,634183,,5742
634184,Karumapuram,634184,,5742
634214,Karungalpatti,634214,,5742
634201,Kattuveppilaipatti,634201,,5742
634198,Kavurkkalpatti,634198,,5742
634164,Kiraipatti,634164,,5742
634174,Kolathukombai,634174,,5742
634210,Komarapalayam,634210,,5742
634179,Kullampatti,634179,,5742
634193,Kumarasamiyur,634193,,5742
634190,Kurichi,634190,,5742
634222,Kurichi (R.F),634222,,5742
634176,Kuttathipatti,634176,,5742
634219,Kuttimadavu (R.F.),634219,,5742
634215,Malaiyalapatti,634215,,5742
634207,Mannarpalayam,634207,,5742
634195,Mannayakanpatti,634195,,5742
634225,Masinaickenpatty (CT),634225,,5742
634218,Mathikuttai(R.F),634218,,5742
634197,Mettupatti,634197,,5742
634205,Mettur,634205,,5742
634180,Minnampalli,634180,,5742
634196,M.Perumalpalayam,634196,,5742
634202,Muttampatti,634202,,5742
634187,Nirmullikuttai,634187,,5742
634177,Palapatti,634177,,5742
634172,Palappadi,634172,,5742
634221,Palappadi R.F.,634221,,5742
634171,Pallikkadu,634171,,5742
634159,Periakuttimaduvu,634159,,5742
634181,Periyakavundapuram,634181,,5742
634166,Periyavelampatti,634166,,5742
634208,Ponnarampatti,634208,,5742
634173,Puludikkuttai,634173,,5742
634163,Pungamaduvu,634163,,5742
634220,Pungamaduvu (R.F.),634220,,5742
931801,புதுப்பாளையம்,931801,,5742
634162,Sandumalai,634162,,5742
634186,Sarkar Nattamangalam,634186,,5742
931800,சர்க்கார் வாழப்பாடி,931800,,5742
634203,Singipuram,634203,,5742
634168,Sirumalai,634168,,5742
634204,Somanpatti,634204,,5742
634213,Tekkalpatti,634213,,5742
634212,Tirumanur,634212,,5742
634194,Tukkiyampalayam,634194,,5742
634217,Vallapadi (R.F),634217,,5742
634170,Velampatti,634170,,5742
634199,Vellalakundam,634199,,5742
634224,Vellalakundam R.F.,634224,,5742
634211,Veppilaipatti,634211,,5742
634209,Veppilaipatti pudur,634209,,5742
634191,Vettaikkaranur,634191,,5742
634206,Vilaripalayam,634206,,5742
634139,Ajjam patty (R.F.),634139,,5741
634089,Anakkadu,634089,,5741
634110,Aramanaikadu,634110,,5741
634123,Arangam,634123,,5741
634081,Arasamanathur,634081,,5741
634155,Arasankadai(R.F.),634155,,5741
634105,Asambur,634105,,5741
634104,Athiyur,634104,,5741
634149,Attur chat Extension (R.F.),634149,,5741
634148,Attur chat (R.F.),634148,,5741
634143,Bonthakkadu (R.F.),634143,,5741
634140,Boonthikkal (R.F.),634140,,5741
634125,Chinnamadur,634125,,5741
634075,Elavadi,634075,,5741
931989,Gundur,931989,,5741
634079,Kadugamarathur,634079,,5741
634132,Kakkambadi,634132,,5741
634133,Kanavaipudur (R.F.),634133,,5741
634150,Kanjeri Extension (R.F.),634150,,5741
634151,Kanjeri (R.F.),634151,,5741
634157,"Kapputhi (R.F,)",634157,,5741
634074,Karadiyur,634074,,5741
634113,Keeraikkadu,634113,,5741
634119,Kelaiyur,634119,,5741
931806,கிளியூர்,931806,,5741
634073,Kolagur,634073,,5741
634130,Kombaikkadu,634130,,5741
634088,Kombu Thukki,634088,,5741
634100,Kondaiyanur,634100,,5741
634115,Kootumuttal,634115,,5741
634126,Kottachchedu,634126,,5741
634087,Kovilur,634087,,5741
634121,Kumbipodi,634121,,5741
634153,Kunumbalpatti (R.F.),634153,,5741
634144,Kuttar Extension (R.F.),634144,,5741
634145,Kuttur R.F.,634145,,5741
634124,Madur,634124,,5741
634111,Mailapatti,634111,,5741
634137,Mallapuram chat extension R.F.,634137,,5741
634136,Mallapuram chat R.F.,634136,,5741
634138,Mangalakkal (R.F.),634138,,5741
634083,Mangalam,634083,,5741
634106,Manjakuttai,634106,,5741
634156,"Manjavadi (R.F,)",634156,,5741
634116,Maramangalam,634116,,5741
634117,Maruthur,634117,,5741
634093,Melur,634093,,5741
634147,Meryland (R.F.),634147,,5741
634090,Mettur,634090,,5741
634076,Muluvi,634076,,5741
634097,Mundachedu,634097,,5741
931805,முண்டகம்பாடி,931805,,5741
634099,Nagalur,634099,,5741
634092,Nallur,634092,,5741
634141,Nanthan chedu Extension R.F..,634141,,5741
634142,Nanthan chedu R.F.,634142,,5741
634095,Nanthen chedu,634095,,5741
634122,Narthananedu,634122,,5741
634098,Olavakkadu,634098,,5741
634152,Pannaikadu (R.F.),634152,,5741
634103,Pattipadi,634103,,5741
634118,Pelakkadu,634118,,5741
634080,Periyakkadu,634080,,5741
634135,Pilapalli kombai (R.F.),634135,,5741
634134,Pila palli (R.F.)( Pillapady),634134,,5741
634127,Pilleri,634127,,5741
634131,Pottakkadu,634131,,5741
634077,Pudur,634077,,5741
634082,Pudur,634082,,5741
634109,Puliankadai,634109,,5741
634085,Puliyampatti,634085,,5741
634108,Puliyur,634108,,5741
634112,Puthur,634112,,5741
634154,Sanyasimalai R.F.,634154,,5741
634078,Semmanathan,634078,,5741
634107,Semmeduru,634107,,5741
634129,Sengadu,634129,,5741
634086,Sengalathu padi,634086,,5741
634120,Senthittu,634120,,5741
634091,Solambadi,634091,,5741
634096,Solur,634096,,5741
634101,Sonappadi,634101,,5741
634072,Suraikkayapatti,634072,,5741
634128,Talai cholai,634128,,5741
931994,Teppakadu,931994,,5741
634114,Valavandi,634114,,5741
634146,Vaniar R.F.,634146,,5741
931997,Vasambadi,931997,,5741
634094,Vellakkadai,634094,,5741
634102,Vellur,634102,,5741
634084,Veppadi,634084,,5741
634158,Yercaud (CT),634158,,5741
640199,Anthakudi,640199,,5831
640132,Aravayal,640132,,5831
640154,Chittanur,640154,,5831
640151,Egaraikottaivayal,640151,,5831
640149,Eluvankottai,640149,,5831
640163,Hanumanthagudi,640163,,5831
640213,Idayagudi,640213,,5831
640145,Ilakkanivayal,640145,,5831
640153,Iravucheri,640153,,5831
640202,Irumbuvayal,640202,,5831
640128,Iruvinivayal,640128,,5831
640177,Kadagampatti,640177,,5831
640158,Kalabangudi,640158,,5831
640136,Kalathur,640136,,5831
640168,Kallangudi,640168,,5831
640130,Kandadevi,640130,,5831
640140,Kandiyur,640140,,5831
640160,Kannangudi,640160,,5831
640147,Kannankottai,640147,,5831
640141,Kappalur,640141,,5831
640172,Karai,640172,,5831
640210,Karkalathur,640210,,5831
640137,Kilamalai,640137,,5831
640142,Kodakkudi,640142,,5831
640179,Kodikkottai,640179,,5831
640189,Kodikulam,640189,,5831
640173,Kottur,640173,,5831
640214,Kumani,640214,,5831
640192,Kumarniadhanichatram,640192,,5831
640211,Kurunthanakottai,640211,,5831
640143,Madakkottai,640143,,5831
640181,Manjani,640181,,5831
640190,Maranisarugani,640190,,5831
640176,Maviduthikottai,640176,,5831
640133,Melasembonmari,640133,,5831
640206,Minnittankudi,640206,,5831
640209,Muppaiyur,640209,,5831
640150,Nachankulam,640150,,5831
640144,Nagamangalam,640144,,5831
640191,Nagamathi,640191,,5831
640164,Nallangudi,640164,,5831
640139,Naranamangalam,640139,,5831
640187,Nedodai,640187,,5831
640169,Nedungulam,640169,,5831
640204,N. Manakudi,640204,,5831
640200,Orasur,640200,,5831
640205,Orumaniyendal,640205,,5831
640196,Pagayani Pirandani,640196,,5831
640194,Panangulam,640194,,5831
640198,Parayanendal,640198,,5831
640131,Perattukkottai,640131,,5831
640201,Ponnalikopttai,640201,,5831
640159,Poolangudi,640159,,5831
640162,Porkudi,640162,,5831
640167,Pudukkottai,640167,,5831
640135,Pusalagudi,640135,,5831
640156,Puthurani,640156,,5831
640161,Sadayamangalam,640161,,5831
640195,Sakkanthi,640195,,5831
640188,Sarvanendal,640188,,5831
640165,Sathikkottai,640165,,5831
640215,Selugai,640215,,5831
640193,Seluvatti,640193,,5831
640138,Siruganur,640138,,5831
640134,Sirumarudhur,640134,,5831
640212,Sirunallur,640212,,5831
640183,Siruvatti,640183,,5831
640146,Thalaiyur,640146,,5831
640175,Thalakkavayal,640175,,5831
640180,Thalanendal,640180,,5831
640157,Thangangudi,640157,,5831
640166,Thatchavayal,640166,,5831
640148,Thenniervayal,640148,,5831
640155,Theralappur,640155,,5831
640197,Thidakkottai,640197,,5831
640186,Thirani,640186,,5831
640174,Thirumanavayal,640174,,5831
640178,Tiruppakottai,640178,,5831
640208,Tiruvegampet,640208,,5831
640152,Udayachi,640152,,5831
640127,Unjanai,640127,,5831
640203,Uruvatti,640203,,5831
640217,Vadinanniyur,640217,,5831
640171,Vagaigudi,640171,,5831
640182,Vasandani,640182,,5831
640185,Vellikatti,640185,,5831
640129,Vengalore,640129,,5831
640170,Vettiyalangulam,640170,,5831
640184,Vijayapuram,640184,,5831
640216,Vilimar,640216,,5831
640207,Virisur,640207,,5831
640433,Akkavayal,640433,,5834
640435,Alavidangan,640435,,5834
640449,Aranaiyur,640449,,5834
640438,Aranmanaikarai,640438,,5834
640443,Devathakudi,640443,,5834
640479,Ilamanur,640479,,5834
640460,Ilayangudi North,640460,,5834
640461,Ilayangudi South,640461,,5834
640429,Kalaikulam,640429,,5834
640437,Kalangathankottai,640437,,5834
640442,Kannamangalam,640442,,5834
640431,Karaikulam,640431,,5834
640459,Karunchutti,640459,,5834
640478,Katchathanallur,640478,,5834
640452,Kattanur,640452,,5834
640464,Keelanettur,640464,,5834
640462,Keelayur,640462,,5834
640473,Kottaiyur,640473,,5834
640475,Kumarakurichi,640475,,5834
640465,Kurichi,640465,,5834
640477,Melapidariseri,640477,,5834
640430,Melathuraiyur,640430,,5834
640463,Melayur,640463,,5834
640476,Mulliyarendal,640476,,5834
640466,Munaivendri,640466,,5834
640454,Muthur,640454,,5834
640447,Nagamuganthankudi,640447,,5834
640474,Nageraakudi,640474,,5834
640472,N. Andakudi,640472,,5834
640440,Nenjathur,640440,,5834
640480,Perumbacheri,640480,,5834
640469,Pudukkottai,640469,,5834
640456,Salaigramam,640456,,5834
640455,Samudram,640455,,5834
640471,Sathanur,640471,,5834
640470,Seevalathi,640470,,5834
640468,Sirupalai,640468,,5834
640432,Sooranam,640432,,5834
640441,Sothugudi,640441,,5834
640444,Thayamangalam,640444,,5834
640467,Thiruudayarpuram,640467,,5834
640450,Thugavoor,640450,,5834
640448,Tiruvallur,640448,,5834
640436,Udayanoor,640436,,5834
640445,Uthamanur,640445,,5834
640457,Vadakkukeeranur,640457,,5834
640458,Valayanendal,640458,,5834
640439,Vallakulam,640439,,5834
640453,Vandal,640453,,5834
640446,Vijayangudi,640446,,5834
640451,Virayathakandan,640451,,5834
640434,Visavanoor,640434,,5834
640322,Adappadakki,640322,,6644
640283,Allur,640283,,6644
640329,Alpattaviduthi,640329,,6644
640306,Cholavandan,640306,,6644
640257,Gowripatti,640257,,6644
640337,Kalkulam,640337,,6644
640307,Kanjipatti,640307,,6644
640339,Kanjiram,640339,,6644
640345,Keelapidavur,640345,,6644
640262,Kodikadukadamboorani,640262,,6644
640341,Kolanthi,640341,,6644
640265,Kollankudi,640265,,6644
640344,Kondagamperungarai,640344,,6644
640291,Kuruthanivariendal,640291,,6644
640330,Mallal,640330,,6644
640239,Mangattendal,640239,,6644
640290,Mangulam Vagaikulam,640290,,6644
640309,Marakkathur,640309,,6644
640347,Marandai,640347,,6644
640310,Marathur,640310,,6644
640260,Mathukanmoi,640260,,6644
640321,Minnaranjanvelangulam,640321,,6644
640288,Mongankanmoi,640288,,6644
640289,Moovarkanmoi,640289,,6644
640312,Mudikkarai,640312,,6644
640259,Muthur,640259,,6644
640314,Nadamangalam,640314,,6644
640324,Nallendal,640324,,6644
640268,Nattarasankottai,640268,,6644
640263,Nedungulam,640263,,6644
640294,Oyyavandan,640294,,6644
640323,Palkulam,640323,,6644
640287,Pallivayal,640287,,6644
640284,Panangadi,640284,,6644
640292,Paruthikanmai,640292,,6644
640333,Periakannanur,640333,,6644
640269,Pirandakulam,640269,,6644
640305,Poovali,640305,,6644
640293,Pudukkilavachi,640293,,6644
640328,Pulavanvayal,640328,,6644
640343,Puliyankulam,640343,,6644
640308,Purasadiudappu,640308,,6644
640331,Purasapattiudayarendal,640331,,6644
640340,Sakkur,640340,,6644
640336,Sedambal,640336,,6644
640332,Sembanur,640332,,6644
640334,Sembar,640334,,6644
640267,Sennalakudi,640267,,6644
640346,Sethur,640346,,6644
640264,Sevaoorani,640264,,6644
640325,Silukkapatti,640325,,6644
640311,Siramam,640311,,6644
640327,Siriyur,640327,,6644
640335,Sirukanaperi,640335,,6644
640286,Somanathamangalam,640286,,6644
640342,Thadiyamangalam,640342,,6644
640266,Usilanendal Sundanendal,640266,,6644
640261,Usilangulam,640261,,6644
640338,Valanai,640338,,6644
640258,Vaniyankudi,640258,,6644
640326,Vannikkudi,640326,,6644
640313,Vettikulam,640313,,6644
640285,Vittaneri,640285,,6644
640114,Alampattu,640114,,5830
640108,Alavilanpatti,640108,,5830
640098,Amaravathi,640098,,5830
640082,Ambakkudi,640082,,5830
640069,Aranmanaipatti,640069,,5830
640109,Aranmanaisiruvayal,640109,,5830
640089,Ariyakkudi,640089,,5830
640068,Athangudi,640068,,5830
640105,Devapattu,640105,,5830
640118,Ilandamangalam,640118,,5830
640090,Illuppaikkudi,640090,,5830
640080,Jeyankondam,640080,,5830
640124,கழனிவாசல்,640124,,5830
640078,Kalathur,640078,,5830
640106,Kallal,640106,,5830
640072,Kallankudi,640072,,5830
640103,Kallupatti,640103,,5830
640063,Kanadukathan,640063,,5830
640085,Kandanur,640085,,5830
640126,காரைக்குடி,640126,,5830
640115,Keelapoongudi,640115,,5830
640099,Kiranippatti,640099,,5830
640100,Koothalur,640100,,5830
640064,Kothamangalam,640064,,5830
640066,Kothari,640066,,5830
640071,Kottaiyur,640071,,5830
640086,Kovilur,640086,,5830
640083,Kulappadi,640083,,5830
640110,Kurudampattu,640110,,5830
640120,Malaikandan,640120,,5830
640088,Managirisuganendal,640088,,5830
640091,Mathur,640091,,5830
640084,Melamanakkudi,640084,,5830
640094,Mithiravayal,640094,,5830
640119,Mummudichanpatti,640119,,5830
640079,Nattuseri,640079,,5830
640067,Nerupugapatti,640067,,5830
640087,Oyyakondansiruvayal,640087,,5830
640073,Palaiyur,640073,,5830
640065,Pallathur,640065,,5830
640117,Panangudi,640117,,5830
640075,Pananvayal (a )Pannampatti,640075,,5830
640077,Periakottai,640077,,5830
640096,Periakottakudi,640096,,5830
640104,Pilar,640104,,5830
640093,Pirambuvayal,640093,,5830
640097,Pudur,640097,,5830
640081,Pukkudi,640081,,5830
640074,Sakkottai,640074,,5830
640107,Sambanur,640107,,5830
640111,Sannavanam,640111,,5830
640123,Sekkalai Kottai RF,640123,,5830
640095,Sengathankudi,640095,,5830
640125,Senjai,640125,,5830
640102,Sethurengunathpattanam,640102,,5830
640092,Sirugavayal,640092,,5830
640116,Thiruthipatti,640116,,5830
640070,Thiruvelangudi,640070,,5830
640101,Varivayal,640101,,5830
640122,Velangudi R.F.,640122,,5830
640076,Vellipatti,640076,,5830
640112,Veppankulam,640112,,5830
640121,Vetriyur,640121,,5830
640113,Vilavadiendal,640113,,5830
640413,Annavasal,640413,,5833
640415,Arasanendal,640415,,5833
640423,Arimandapam,640423,,5833
640424,Chinnakannanur,640424,,5833
640419,Elunuthimangalam,640419,,5833
640401,Kalpiravu,640401,,5833
640404,Kattikulam,640404,,5833
640396,Katturani,640396,,5833
640422,Keelapasalai,640422,,5833
640414,Kilangattur,640414,,5833
640393,Kirungakkottai,640393,,5833
640399,K.K.Pallam,640399,,5833
640405,Kuvalaiveli,640405,,5833
640374,Malavarayanendal,640374,,5833
932357,மானாமதுரை,932357,,5833
640395,Manambakki,640395,,5833
640416,Mangulam,640416,,5833
640425,Maramvetti karisalkulam,640425,,5833
640388,Maranadu,640388,,5833
640428,Melanettur,640428,,5833
640398,Melapidavoor,640398,,5833
640412,Milaganoor,640412,,5833
640392,Perumbacheri,640392,,5833
640427,Pottadi Alangulam,640427,,5833
640411,Pudukkkulam,640411,,5833
640402,Rajagambiram,640402,,5833
640400,Seikalathur,640400,,5833
640410,Senthattiendal,640410,,5833
640394,Sirugudi,640394,,5833
640418,S.Karaikudi,640418,,5833
640397,Soorakulam,640397,,5833
640389,Sullangudi,640389,,5833
640407,Thamaraikudi,640407,,5833
640403,Theethampettai,640403,,5833
640420,Therkkuchandanur,640420,,5833
640426,T.Pudukottai,640426,,5833
640417,Vadakkuchandanur,640417,,5833
640391,Vagudi,640391,,5833
640421,Vediarendal,640421,,5833
640390,Vellikurichi,640390,,5833
640406,Vilathur,640406,,5833
639999,A. Kalappur,639999,,5995
640020,A.Melaiyur,640020,,5995
640059,Aralikottai,640059,,5995
639974,Chettikuruchi,639974,,5995
639968,Dharmappatti,639968,,5995
640010,D.Kalappur,640010,,5995
640049,Eriyur,640049,,5995
640034,Erumaipatti,640034,,5995
640045,Jeyankondanilai,640045,,5995
639969,Karisalpatti,639969,,5995
640011,Kayampatti,640011,,5995
639970,Kilavayal,639970,,5995
639991,Kirungakottai,639991,,5995
639966,Kulathupatti,639966,,5995
640046,Mallakottai,640046,,5995
640058,Mampatti Devasthanam,640058,,5995
640043,Mampatti North,640043,,5995
640048,Mampatti South,640048,,5995
639976,Manalur,639976,,5995
639978,Manthakudipatti,639978,,5995
639982,Melapatti,639982,,5995
639981,Melavannariruppu,639981,,5995
639980,Minnamalaipatti,639980,,5995
640008,Muraiyur,640008,,5995
639965,Musundapatti,639965,,5995
640044,Nainappatti,640044,,5995
639977,Neduvayal,639977,,5995
639983,Piranmalai,639983,,5995
639975,Piranpatti,639975,,5995
639998,Sadurvadamangalam,639998,,5995
640032,Sevalpatti,640032,,5995
639992,Singampunari North,639992,,5995
640000,Singampunari South,640000,,5995
639984,Sirumarudhur,639984,,5995
640033,S. Mathur,640033,,5995
640009,Soorakudi,640009,,5995
639973,S.Pudur,639973,,5995
639972,Ulagampatti,639972,,5995
640047,Vadavanpatti,640047,,5995
639967,Valasaipatti,639967,,5995
639971,Warappur,639971,,5995
640219,Alagamanagari,640219,,5832
640230,Alagichippatti,640230,,5832
640295,Alangulam,640295,,5832
640221,Alavakkottai,640221,,5832
640236,Ammanpatti,640236,,5832
640281,Arasani,640281,,5832
640277,Arasanur,640277,,5832
640254,Cholapuram,640254,,5832
640320,Idaikkattur,640320,,5832
640253,Idaiyamelur,640253,,5832
640249,Iluppaikkudi,640249,,5832
640296,Kadambankulam,640296,,5832
640237,Kadaneri,640237,,5832
640229,Kallarathinipatti,640229,,5832
640301,Kallurani,640301,,5832
640245,Kandangipatti,640245,,5832
640271,Kanjirangal,640271,,5832
640300,Kannariruppu,640300,,5832
640256,Karungalakudi,640256,,5832
640223,Kathappattu,640223,,5832
640218,Kattanipatti,640218,,5832
640317,Kayangulam,640317,,5832
640225,Keelakottai,640225,,5832
640240,Keelamangalam,640240,,5832
640232,Kilapungudi,640232,,5832
640248,Kilathari,640248,,5832
640297,Kilkandani,640297,,5832
640244,Kootaravupatti,640244,,5832
640272,Kottagudi Kilpatti,640272,,5832
640226,Kottappatti,640226,,5832
640298,Kovanur,640298,,5832
640251,Kumarapatti,640251,,5832
640227,Madaguppatti,640227,,5832
640246,Malampatti,640246,,5832
640318,Mangudi,640318,,5832
640276,Maraniusilangulam,640276,,5832
640299,Mathur,640299,,5832
640231,Melapungudi,640231,,5832
640282,Melavaniyankudi,640282,,5832
640275,Mudikandan,640275,,5832
640235,Nagarampatti,640235,,5832
640242,Nalukottai,640242,,5832
640220,Namanur,640220,,5832
640224,Nariyangudi,640224,,5832
640233,Okkur,640233,,5832
640241,Okkurpudur,640241,,5832
640278,Padamathur,640278,,5832
640238,Paganeri,640238,,5832
640270,Paiyaurpillaivayal,640270,,5832
640280,Panaiyur,640280,,5832
640234,Perungudi,640234,,5832
640279,Pillur,640279,,5832
640273,Ponnakulam,640273,,5832
640252,Puduppatti,640252,,5832
640243,Salur,640243,,5832
640274,Sendiudaiyanathapuram,640274,,5832
640222,Silanthagudi,640222,,5832
640316,Sundaranadappu,640316,,5832
640255,Surakkulam,640255,,5832
640250,Tamarakki South,640250,,5832
640247,Thamarakki North,640247,,5832
640304,Thiraniendal,640304,,5832
640228,Tirumalai,640228,,5832
640319,Valathan Pudukkulam,640319,,5832
640303,Valuthani,640303,,5832
640315,Vembankudi,640315,,5832
640302,Vembathur,640302,,5832
640037,Alagapuri,640037,,5829
640056,Alangudi,640056,,5829
640035,Brahamanampatti,640035,,5829
640038,Ilankudi,640038,,5829
639988,Ilayathagudi North,639988,,5829
639989,Ilayathagudi South,639989,,5829
640061,Kallippatti,640061,,5829
640039,Kambanur,640039,,5829
640005,Kandavarayanpatti,640005,,5829
640006,Karaiyur,640006,,5829
640053,Karungulam (P),640053,,5829
640021,Karuppur,640021,,5829
640003,K.Athangudi,640003,,5829
640028,Kattambur,640028,,5829
640001,Kavanur,640001,,5829
640054,Keelapattamangalam,640054,,5829
640022,Kottaiyiruppu,640022,,5829
640016,Kunnakudi,640016,,5829
640013,K.Vairavanpatti,640013,,5829
640012,Madavarayanpatti,640012,,5829
639994,Mahibalanapatti,639994,,5829
640041,Mela Pattamangalam,640041,,5829
640057,Naduvikottai Keelaiyur,640057,,5829
640055,Naduvikottai Melaiyur,640055,,5829
640019,Nattarmangalam,640019,,5829
640004,Nedumaram,640004,,5829
640015,Nemam,640015,,5829
932447,நெற்குப்பை,932447,,5829
639993,Olugumangalam,639993,,5829
640002,Paiyur,640002,,5829
640030,Pattakuruchi,640030,,5829
640060,Perichikovil,640060,,5829
639979,Poolankuruchi,639979,,5829
640017,Ranasingapuram,640017,,5829
640062,Severakottai,640062,,5829
639986,Sevur,639986,,5829
639995,Shenbagampettai,639995,,5829
640024,Siravayal,640024,,5829
640014,Sirukoodalpatti,640014,,5829
640051,Sullankudi,640051,,5829
640031,Sunnambiruppu,640031,,5829
640036,Thanipatti,640036,,5829
640023,Thattati,640023,,5829
639997,Thekkur (Athikkadu),639997,,5829
640027,Themmapatti,640027,,5829
640025,Thenkarai,640025,,5829
640029,Thevarambur,640029,,5829
640007,Thirukalapatti,640007,,5829
932455,திருப்பத்தூர்,932455,,5829
639985,Thuvar,639985,,5829
639987,Tirukolakudi,639987,,5829
640050,Tirukostiyur,640050,,5829
640018,Tiruvudayarpatti,640018,,5829
640042,T. Vairavanpatti,640042,,5829
639996,Vaiakalathur,639996,,5829
640026,Vaniyankadu,640026,,5829
640052,Vedamavali,640052,,5829
639990,Velangudi,639990,,5829
640040,Veliyathur,640040,,5829
640352,Adikarai,640352,,5965
640367,Allinagaram,640367,,5965
640380,Ambalathadi,640380,,5965
640362,D.Karisalkulam,640362,,5965
640354,Enathi,640354,,5965
640383,Erukkalaivellur,640383,,5965
640366,Kaliyandur,640366,,5965
640359,Kalugerkadai,640359,,5965
640363,Kaluvangulam,640363,,5965
640382,Kanjirangulam,640382,,5965
640372,Kanoor,640372,,5965
640350,Keeladi,640350,,5965
640360,Kondagai,640360,,5965
640376,Kothangulam,640376,,5965
640370,Ladanendal,640370,,5965
640358,Madapuram,640358,,5965
640351,Manalur,640351,,5965
640365,Mankudi,640365,,5965
640377,Melachorikulam,640377,,5965
640379,Melarangiam,640379,,5965
640384,Mukkudi,640384,,5965
932389,நெல்முடிக்கரை,932389,,5965
640386,Palaiyanur,640386,,5965
640369,Panaiyanendal,640369,,5965
640356,Pappagudi,640356,,5965
640378,Piramanur,640378,,5965
640361,Pottapalaiyam,640361,,5965
640353,Puvandi,640353,,5965
640387,Saluppanodai,640387,,5965
640348,Sayanapuram,640348,,5965
640355,Semboor,640355,,5965
640381,Sengulam,640381,,5965
640349,Sottathatti,640349,,5965
640409,S.Vagaikulam,640409,,5965
640357,Theli,640357,,5965
640375,Thiruppachethi South,640375,,5965
932379,திருப்புவனம் புதூர்,932379,,5965
640371,Thoothai,640371,,5965
640373,Tiruppachetti North,640373,,5965
640368,Valaiyanendal,640368,,5965
640385,Vallarendal,640385,,5965
640408,Veeranendal,640408,,5965
640364,Vellur,640364,,5965
933593,Alangulam,933593,,5875
642808,Anaindaperumalnadanur,642808,,5875
642803,Andipatti,642803,,5875
642811,Anjankattalai,642811,,5875
642802,Ayyanarkulam,642802,,5875
642797,Kadanganeri,642797,,5875
642798,Kaduvetti,642798,,5875
642791,Kaluneerkulam,642791,,5875
642795,Kasikkavvaithan,642795,,5875
642796,Kavalakurichi,642796,,5875
642821,Kavalakutti parambai R.F.,642821,,5875
933594,Keelapavoor Part 1,933594,,5875
933595,Keelapavoor Part 2,933595,,5875
642794,Kidarakulam,642794,,5875
642820,Kottamalai R.F.,642820,,5875
642812,Kuthapanjan,642812,,5875
642807,Madathoor,642807,,5875
642815,Marandai,642815,,5875
642816,Maruthamputhur Part 1,642816,,5875
933599,Maruthamputhur Part 2,933599,,5875
642793,Mayamankurichi,642793,,5875
642819,Mayamankurichi R.F.,642819,,5875
642822,Nallur (CT),642822,,5875
642801,Naranapuram,642801,,5875
642800,Nettur,642800,,5875
642817,Odaimarichan,642817,,5875
642805,Pethanadarpatti Part 1,642805,,5875
933596,Pethanadarpatti Part 2,933596,,5875
642804,Poolankulam,642804,,5875
642813,Pudupatti Part 1,642813,,5875
933598,Pudupatti Part 2,933598,,5875
642810,Rawthaperi,642810,,5875
642814,Sivalarkulam,642814,,5875
642799,Subbaihapuram,642799,,5875
642809,Thuppakkudi,642809,,5875
642792,Thuthikulam,642792,,5875
642818,Udayampuli,642818,,5875
642806,Vengadampatti Part 1,642806,,5875
933597,Venkadampatti Part 2,933597,,5875
933559,Achanpudur,933559,,6639
642637,Alangulam,642637,,6639
642685,Ariyanayagipuram,642685,,6639
933549,Ayikudi,933549,,6639
642747,Boganallur,642747,,6639
933552,Chinthamani,933552,,6639
642746,Chockampatti,642746,,6639
642754,Idaikal,642754,,6639
933548,Kadayanallur,933548,,6639
642774,Kadayanallur Upper Slopes,642774,,6639
642748,Kambaneri Pudukudi Part 1,642748,,6639
933560,Kampaneri Pudukudi Part 2,933560,,6639
642749,Kanagasabapathiperi,642749,,6639
642755,Kasidharmam,642755,,6639
642752,Kilankadu,642752,,6639
642756,Kodikurichi,642756,,6639
933547,Krishnapuram,933547,,6639
642772,Krishnapuram R.F.,642772,,6639
642684,Madhathupatti,642684,,6639
642634,Malayadikkurichi,642634,,6639
933556,Mela puliyangudi,933556,,6639
642633,Nagaram,642633,,6639
642753,Nainaragaram,642753,,6639
642750,Poygai,642750,,6639
933553,Puliyangudi,933553,,6639
642683,Punnaivanam,642683,,6639
642636,Ramaswamipuram,642636,,6639
933551,Sambavar Vadakarai,933551,,6639
642711,Sendamangalam,642711,,6639
642635,Talaivankottai,642635,,6639
933557,Thirumalainayakan Pudukkudi,933557,,6639
642751,Urmelazhagian,642751,,6639
933546,Vairavankulam,933546,,6639
642773,Vairavankulam R.F.,642773,,6639
642232,Appaneri,642232,,5871
642233,Ayyaneri,642233,,5871
642706,Chinnakovilankulam,642706,,5871
642231,Chittrampatti,642231,,5871
642713,Echchanda,642713,,5871
642229,Ilaiyarasanendal,642229,,5871
642692,Ilandaikulam,642692,,5871
642664,Kalppakulam,642664,,5871
642658,Karivalamvandanallur,642658,,5871
642703,Keelaneelidanallur,642703,,5871
642687,Kilveerasigamani,642687,,5871
642691,Ko.Maruthappapuram,642691,,5871
642710,Kulasekaramangalam,642710,,5871
642705,Kurukkalpatti,642705,,5871
642657,Kuvalaikkanni,642657,,5871
642228,Lakshmiammalpuram,642228,,5871
642661,Manalur,642661,,5871
642704,Melaneelidanallur,642704,,5871
642227,Mukkuttumalai,642227,,5871
642708,Naduvakurichi(Major),642708,,5871
642707,Naduvakurichi(Minor),642707,,5871
642234,Nakkalamuthanpatti,642234,,5871
642682,Nochikulam,642682,,5871
642655,Panaiyur,642655,,5871
642641,Pandappuli,642641,,5871
642654,Paruvakkudi,642654,,5871
642709,Pattadaikatti,642709,,5871
642690,Periyakovilankulam,642690,,5871
642656,Periyur,642656,,5871
642639,Perumalpatti,642639,,5871
642662,Perumpathur,642662,,5871
642237,Pillayarnatham,642237,,5871
642236,Pitchaithalaivanpatti,642236,,5871
642688,Poigai,642688,,5871
642230,Puliyankulam,642230,,5871
933715,Sankarankoil,933715,,5871
642689,Therkku Sankarankovil,642689,,5871
642714,Vadakkuppanaivadali,642714,,5871
642235,Vadakkuppatti,642235,,5871
642681,Vadakkupudur,642681,,5871
642663,Vadikkottai,642663,,5871
642676,Vagaikulam,642676,,5871
642640,Valavandapuram,642640,,5871
642659,Vayali,642659,,5871
642686,Veerasigamani,642686,,5871
642680,Veeriruppu,642680,,5871
642712,Vellalankulam,642712,,5871
642238,Z.Devarkulam,642238,,5871
642777,Elathur,642777,,5874
642778,Kanakkupillaivalasai,642778,,5874
642781,Karkudi,642781,,5874
642784,Kunnakudi,642784,,5874
933495,Mekkarai,933495,,5874
642786,Nagalkadu,642786,,5874
642776,Neduvayal,642776,,5874
933499,Panpozhi,933499,,5874
642782,Periapillaivalasai,642782,,5874
642783,Piranoor,642783,,5874
933500,Pudur,933500,,5874
642780,Puliyarai,642780,,5874
642787,Puliyarai R.F (Part),642787,,5874
642789,Puliyarai R.F.(Part),642789,,5874
933501,Shencottai Keelur,933501,,5874
933502,Shencottai Melur,933502,,5874
933503,Shencottai Town,933503,,5874
642790,Sumaitheerthapuram (CT),642790,,5874
642779,Tenpottai,642779,,5874
933498,Vadakarai Keelpidagai,933498,,5874
933496,Vadakarai Melpidagai,933496,,5874
642785,Vallam (Part),642785,,5874
642788,V.M.Pidagai R.F.,642788,,5874
642632,Ariyur,642632,,5870
642630,Darukapuram,642630,,5870
642623,Gudalur,642623,,5870
642620,Inam Kovilpatti,642620,,5870
642626,Naranapuram Part 1,642626,,5870
933535,Naranapuram Part 2,933535,,5870
642627,Nelkattum Seval,642627,,5870
642631,Pattakurichi,642631,,5870
642624,Ramanathapuram,642624,,5870
642621,Rayagiri Part 1,642621,,5870
933541,Rayagiri Part 2,933541,,5870
642628,Sanganapperi,642628,,5870
933536,Sivagiri Part 1,933536,,5870
933538,Sivagiri Part 2,933538,,5870
642638,Sivagiri Reserve Forest,642638,,5870
642629,Subramanyapuram,642629,,5870
642622,Thenmalai Part 1,642622,,5870
933539,Thenmalai Part 2,933539,,5870
642625,Tirumalapuram,642625,,5870
933533,Vasudevanallur,933533,,5870
642619,Viswanathaperi Part 1,642619,,5870
933542,Viswanathaperi Part 2,933542,,5870
642960,Adaichchani,642960,,5873
642771,Avudaiyanoor,642771,,5873
642939,Ayan Dharmapuramatam,642939,,5873
642934,Ayan Pottal Pudur(I),642934,,5873
642766,Ayiraperi,642766,,5873
642765,Courtallam,642765,,5873
642775,Courtallam Slopes R.F.,642775,,5873
642938,Govindapperi,642938,,5873
642762,Gunaramanallur,642762,,5873
933527,Ilanji,933527,,5873
642991,Kadayam (CT),642991,,5873
642927,Kadayam Perumpattu Part 1,642927,,5873
642769,Kallurani,642769,,5873
933763,Keelaambur,933763,,5873
642992,Kila Ambur (CT),642992,,5873
642928,Kilakadayam Part 1,642928,,5873
642761,Kulasekarapatti,642761,,5873
642757,Kuthukalvalasai,642757,,5873
642767,Mathalamparai,642767,,5873
642962,Mela Ambur Part 1,642962,,5873
933529,Melagaram,933529,,5873
642937,Melakadaiyam,642937,,5873
642760,Melapavoor,642760,,5873
642763,Minadiseri,642763,,5873
642986,Papanasam R.F.,642986,,5873
642942,Pappankulam (North),642942,,5873
642758,Pattakurichi,642758,,5873
642764,Pattappathu,642764,,5873
933523,Puliyur,933523,,5873
642936,Ravanasamudram,642936,,5873
642768,Sillaraipuravu,642768,,5873
642940,Sivasaailam,642940,,5873
933522,Sundarapandiapuram,933522,,5873
933524,Tenkasi,933524,,5873
642935,Therku Kadayam,642935,,5873
642933,Therkumadathur,642933,,5873
642770,Thippampatti,642770,,5873
642759,Tiruchitrambalam,642759,,5873
642941,Virasamudram,642941,,5873
642651,A.Karisalkulam,642651,,6642
642666,Alagapuri,642666,,6642
642668,A.Madhurapuri,642668,,6642
933405,Appaneri,933405,,6642
642673,Athipatti,642673,,6642
933406,Ayyaneri,933406,,6642
642645,Chattrappatti,642645,,6642
642696,Chettikulam,642696,,6642
933404,chithirampatti,933404,,6642
933408,Ilaiyarasanenthal,933408,,6642
933410,Jameen Thevarkulam,933410,,6642
642695,K.Alangulam,642695,,6642
642698,Kalappalankulam,642698,,6642
933580,Kalingapatti Part 2,933580,,6642
642643,Kalingappatti Part 1,642643,,6642
642653,Karisattan,642653,,6642
642700,K.Karisalkulam,642700,,6642
642672,Kulakkattakurichi,642672,,6642
642652,Kulasekarapperi,642652,,6642
642670,Kurunjakulam,642670,,6642
642669,Kuruvikulam (North),642669,,6642
642675,Kuruvikulam (South),642675,,6642
933413,Lakshmiammalpuram,933413,,6642
642667,Madhurapuri,642667,,6642
642697,Mahendravadi,642697,,6642
642648,Maipparai,642648,,6642
642679,Malaiyankulam,642679,,6642
642702,Marudankinar,642702,,6642
933403,mukkuttumalai,933403,,6642
642647,Naduvappatti,642647,,6642
933402,Nakkalamuthanpatti,933402,,6642
642699,Nalanthula,642699,,6642
642677,Naluvasankottai,642677,,6642
642694,Palankottai,642694,,6642
642665,Perunkottur,642665,,6642
933399,Pichaithalaivanpatti,933399,,6642
933400,Pillaiyarnatham,933400,,6642
933401,Puliyangulam,933401,,6642
642674,Ramalingapuram,642674,,6642
642642,Rengasamudram,642642,,6642
642649,Sangupatti,642649,,6642
642660,Sathirakondan,642660,,6642
642701,Sayamalai Part 1,642701,,6642
933584,Sayamalai Part 2,933584,,6642
642678,Sevalkulam,642678,,6642
642644,Subbiahpuram,642644,,6642
642671,Sundaresapuram,642671,,6642
933585,Thiruvengadam,933585,,6642
642693,Usilamgulam,642693,,6642
933397,Vadukkupatti,933397,,6642
933587,Vagaikulam,933587,,6642
642646,Varaganur,642646,,6642
642650,Vellakulam,642650,,6642
642737,Achankuttam,642737,,5872
642743,Agaram,642743,,5872
642731,Anaikulam,642731,,5872
642725,Balabadraramapuram,642725,,5872
642736,Karuvanda,642736,,5872
642724,Keelakalangal,642724,,5872
642730,Kulaiyaneri,642730,,5872
642732,Kuruchampatti,642732,,5872
642726,Marukkalankulam,642726,,5872
642729,Melakaangal,642729,,5872
642727,Melamarudappapuram,642727,,5872
642734,Muthammalpuram,642734,,5872
642728,Navaneethakrishnapuram,642728,,5872
642739,Rajagopalaperi,642739,,5872
933569,Sivagurunathapuram,933569,,5872
933571,Surandai Part 1,933571,,5872
933572,Surandai Part 2,933572,,5872
642733,Uthumalai,642733,,5872
642744,Uthumalai R.F.,642744,,5872
642735,Vadakkukavalakurichi,642735,,5872
642738,Vadi,642738,,5872
642741,Veerakeralampudur,642741,,5872
642742,Veeranam,642742,,5872
642740,Vellakal,642740,,5872
642745,Vellakalparambu R.F.,642745,,5872
933570,Zamin Surandai,933570,,5872
638840,Achampatti,638840,,5966
638752,Adanjur,638752,,5966
638716,Agarapettai,638716,,5966
638708,Alamelupuram,638708,,5966
638753,Ammayagaram,638753,,5966
638749,Arcadu,638749,,5966
638809,Avarampatti,638809,,5966
638768,Budalur,638768,,5966
638750,Budarayanallur,638750,,5966
638770,Chitrakudi Addl.,638770,,5966
638771,Chitrakudi Chief,638771,,5966
638744,Deekshasamudram,638744,,5966
638761,Indalur,638761,,5966
638762,Kadambangudi,638762,,5966
638754,Kalumangalam,638754,,5966
638723,Kandamangalam,638723,,5966
638765,Kangeyampatti,638765,,5966
638715,Katchamangalam,638715,,5966
638705,Koothur,638705,,5966
638766,Kotrapatti,638766,,5966
638711,Koviladi,638711,,5966
638769,Kovilpathu,638769,,5966
638714,Mahadevapuram,638714,,5966
638722,Maikkelpatti,638722,,5966
638816,Manaiyeripatti,638816,,5966
638764,Maraneri,638764,,5966
638819,Marudakkudi,638819,,5966
638746,Megalathur,638746,,5966
638811,Muthuveerakandiampatti,638811,,5966
638810,Nandavanapatti,638810,,5966
638748,Nathamangalam,638748,,5966
638719,Nemam,638719,,5966
638721,Onbathuveli,638721,,5966
638747,Orathur,638747,,5966
638713,Padirakudi,638713,,5966
638837,Palaiyapatti Therkkusethi,638837,,5966
638838,Palaiyapatti Vadakkusethi,638838,,5966
638720,Palamaneri,638720,,5966
638707,Pavanamangalam,638707,,5966
638815,Pudukudi North,638815,,5966
638839,Pudukudi (S),638839,,5966
638818,Pudupatti,638818,,5966
638717,Rajagiri,638717,,5966
638718,Ranganathapuram,638718,,5966
638814,Rayamundanpatti,638814,,5966
638772,Rayanthur,638772,,5966
638817,Sanoorapatti,638817,,5966
638807,Sellappanpettai,638807,,5966
638836,Sengipatti,638836,,5966
638763,Sholagampatti,638763,,5966
638813,Surakudipatti,638813,,5966
932358,திருக்காட்டுப்பள்ளி,932358,,5966
638712,Thogur,638712,,5966
638767,Thondarayampadi,638767,,5966
638710,Tiruchinampoondi,638710,,5966
638745,Unjini,638745,,5966
638704,Vanarangudi,638704,,5966
638808,Veeranarasanpettai,638808,,5966
638812,Vendayampatti,638812,,5966
638743,வெங்கடசமுத்திரம் முதல் சேத்தி,638743,,5966
638751,Vinnamangalam,638751,,5966
638709,Vishnampettai,638709,,5966
638706,Vitalapuram,638706,,5966
638483,Agarathur,638483,,5811
932900,அக்ரஹாரம் பெருமண்டி,932900,,5811
638495,Ammachatram,638495,,5811
638517,Ammangudi,638517,,5811
638507,Ammathottam,638507,,5811
932858,அணக்குடி திருநாகேஸ்வரம்,932858,,5811
638531,Andakudi Thottam,638531,,5811
638567,Andalur,638567,,5811
638575,Annalagraharam (CT),638575,,5811
638538,Ariyapadaiveedu,638538,,5811
638490,Asur,638490,,5811
638470,Athiyur,638470,,5811
638498,Bapurasapuram,638498,,5811
932879,சிதம்பரநாத முதலிதோட்டம்,932879,,5811
932851,சோழபுரம்,932851,,5811
638526,Darasuram,638526,,5811
638475,Devanancheri,638475,,5811
638513,Elandurai,638513,,5811
638551,Enanallur,638551,,5811
638489,Eraharam,638489,,5811
638491,Inam Asur,638491,,5811
638571,Injikollai,638571,,5811
638487,Innambur,638487,,5811
638519,Irandankattalai,638519,,5811
638484,Kadichambadi,638484,,5811
638481,Kallapuliyur,638481,,5811
638480,Kallur,638480,,5811
638543,Karuppur,638543,,5811
638515,Katchukattu,638515,,5811
638560,Kattur (Koohur),638560,,5811
932889,காவாளைத் தோட்டம்,932889,,5811
932885,கவரைத்தோட்டம்,932885,,5811
638540,Keelakorukkai,638540,,5811
638562,Keeranur,638562,,5811
932902,கோடியான் தோட்டம்,932902,,5811
638482,Koranattu Karuppur I,638482,,5811
638492,Koranattu Karuppur II,638492,,5811
638547,Kothangudi,638547,,5811
638477,Kothangudi,638477,,5811
638478,Kothangudithattimal,638478,,5811
932869,கொட்டையூர்,932869,,5811
638548,Kovanur,638548,,5811
638472,Kovilacheri,638472,,5811
638524,Krishnapuram,638524,,5811
638546,Kumaramangalam,638546,,5811
638473,Kumarankudi,638473,,5811
932872,கும்பகோணம் (பட்டணம்),932872,,5811
638499,Madhavapuram,638499,,5811
638508,Malaiappanallur,638508,,5811
638525,Malayappanallur,638525,,5811
638514,Mallapuram,638514,,5811
638511,Mangudi,638511,,5811
638552,Marudanallur,638552,,5811
638494,Marutadi,638494,,5811
638559,Mathur,638559,,5811
932861,மாத்தி,932861,,5811
638497,Melakaveri,638497,,5811
638539,Melakorukkai,638539,,5811
638505,Miruthiyanchapadaiveedu,638505,,5811
638488,Mukasa Innambur Thenpathi,638488,,5811
638496,Muppakoil,638496,,5811
638506,Nachiarthottam,638506,,5811
638501,Nagagudi,638501,,5811
638568,Nagarasampettai,638568,,5811
638576,Natchiarkoil (CT),638576,,5811
638476,Neerathanallur,638476,,5811
638541,Palaiyanallur,638541,,5811
638503,Palavathankattalai,638503,,5811
932896,பண்டாரவாடை பெருமாண்டி,932896,,5811
638510,Pangal,638510,,5811
638572,Paruthicheri,638572,,5811
638535,Patteeswaram,638535,,5811
638530,Patteeswaram Padugai,638530,,5811
638561,Perappadi,638561,,5811
638573,Perumandi (CT),638573,,5811
638520,Poundarigapuram,638520,,5811
932883,புதுதிவான் வாடாதோட்டம்,932883,,5811
638518,Puthagaram,638518,,5811
932906,ராஜன் தோட்டம்,932906,,5811
638542,Sakkottai,638542,,5811
932854,சன்னாபுரம்,932854,,5811
932857,சன்னாபுரம் மைனர் இனாம்,932857,,5811
638493,Sarangapanipettai,638493,,5811
638504,Seerannakattalai,638504,,5811
638544,Sembiavarambal,638544,,5811
638563,Semmangudi,638563,,5811
638553,Seshambadi,638553,,5811
638537,Sholamaligai,638537,,5811
638523,Sivapuram,638523,,5811
638509,Srinivasanallur,638509,,5811
638528,Sundaraperumalkoil Thenpathi,638528,,5811
638529,Sundaraperumalkoil Vadapathi,638529,,5811
932864,சுவாமிமலை,932864,,5811
638558,Thandalam,638558,,5811
638521,Thandanthottam,638521,,5811
638554,Thenampadugai,638554,,5811
638532,ThenamPadugai Thattimal,638532,,5811
638556,Thillaiyambur,638556,,5811
638500,Thimmakudi,638500,,5811
638557,Thippirajapuram,638557,,5811
638570,Thirucherai,638570,,5811
932876,திருமெய்ஞானம்,932876,,5811
638479,Thirunallur,638479,,5811
638550,Thirunariyur,638550,,5811
638549,Thiruppandurai,638549,,5811
638486,Thiruppurambiyam,638486,,5811
638527,Thiruvalanjuli,638527,,5811
638534,Thiruvalanjuli Thattimal,638534,,5811
638545,Thukkatchi,638545,,5811
638555,Udaiyalur,638555,,5811
638574,Ullur (CT),638574,,5811
638474,Uthamadani,638474,,5811
638502,Valaiyapettai,638502,,5811
638485,Valapuram,638485,,5811
638566,Vanduvancheri,638566,,5811
638536,Vaniyakarambai,638536,,5811
638564,Varvankarai Semmangudi,638564,,5811
638565,Velangudi,638565,,5811
638533,Vellalapillayampettai,638533,,5811
638471,Vilandakandam,638471,,5811
638516,Vilangudi,638516,,5811
638522,Villiyavarambal,638522,,5811
638569,Visalur,638569,,5811
638512,Vittalur,638512,,5811
638911,Adanakottai,638911,,5815
638939,Akkarai Vattam,638939,,5815
638865,Alivoikkal,638865,,5815
638944,Ambalapattu North,638944,,5815
638945,Ambalapattu South,638945,,5815
638946,Ambalapattu South Sivakollai,638946,,5815
638936,Ammankudi,638936,,5815
638855,Arasapattu,638855,,5815
638899,Arumulai,638899,,5815
638928,Avidanalla Vijayapuram,638928,,5815
638890,Ayangudi,638890,,5815
638933,Chinna Ammankudi,638933,,5815
932807,சின்ன பொன்னாப்பூர்,932807,,5815
638942,Cholagankudikadu,638942,,5815
638888,Cholapuram,638888,,5815
638882,Eachankottai,638882,,5815
638948,Gopalapuram,638948,,5815
638935,Illupaividuthy,638935,,5815
638959,Kaduvettividuthy,638959,,5815
638895,Kakkarai,638895,,5815
638909,Kakkarakottai,638909,,5815
638876,Kannathangudi East,638876,,5815
638877,kannathangudi East addl.,638877,,5815
638878,Kannathangudi West addl.,638878,,5815
638879,Kannathangudi West urachi,638879,,5815
638926,Kannugudi East,638926,,5815
638921,Kannugudi (West) Addl.,638921,,5815
638920,Kannugudi (West) Chief,638920,,5815
638849,Karaimeendarkottai,638849,,5815
932787,கருக்காடிப்பட்டி,932787,,5815
638863,Karukkakottai,638863,,5815
638861,Kattukuruchi,638861,,5815
638958,Kavalipatti,638958,,5815
638871,Kavarapattu,638871,,5815
932768,கீழ உளுர் பருத்தியப்பர்கோவில்,932768,,5815
638859,Keelulur,638859,,5815
638898,Kelavannipet,638898,,5815
638951,Kilamangalam,638951,,5815
638922,Kodiyalam,638922,,5815
638892,Kovilur,638892,,5815
638963,Krishnapuram,638963,,5815
638932,Krishnapuram,638932,,5815
638870,Kulamangalam,638870,,5815
638891,Mandalakkottai,638891,,5815
638950,Medayakottai,638950,,5815
638853,Moorthiambalpuram,638853,,5815
638947,Mullurpattikadu,638947,,5815
932772,முத்தம்பாள்புரம்,932772,,5815
638862,Nadur,638862,,5815
638856,Neivasal South,638856,,5815
638962,Neiveli Tenpathy,638962,,5815
638961,Neivelivadapathy,638961,,5815
638929,Nemilithippiakudi,638929,,5815
638873,Okkanadukeelayur (Addl.),638873,,5815
638872,Okkanadukeelayur (Chief),638872,,5815
638874,Okkanadumelayur (Part),638874,,5815
638955,Ooranipuram,638955,,5815
638912,Pachiyur,638912,,5815
638894,Palampudur,638894,,5815
638885,Palankandakudikadu,638885,,5815
638854,Panayakottai,638854,,5815
638954,Pandipalamanaikadu,638954,,5815
638864,Panjanathikottai,638864,,5815
638957,Pannikondaviduthy,638957,,5815
638925,Paravathur,638925,,5815
638867,Paruthiapparkovil,638867,,5815
638866,Paruthikottai,638866,,5815
638904,Peikarambankottai,638904,,5815
638934,PeriaAmmankudi,638934,,5815
638964,Periyakottaikadu,638964,,5815
638907,Pinnayur East,638907,,5815
638908,Pinnayur West,638908,,5815
638857,Ponnappur (East) I,638857,,5815
638858,Ponnappur (East) II,638858,,5815
638868,Ponnappur (West),638868,,5815
638896,Poovathur,638896,,5815
638916,Poyyundarkudikadu,638916,,5815
638884,Poyyunddarkottai I,638884,,5815
638897,Pudunagar,638897,,5815
638893,Pudur,638893,,5815
638914,Pugal Sillathur,638914,,5815
638905,Pulavankadu,638905,,5815
638851,Raghavambalpuram Part,638851,,5815
638949,Ramapuram,638949,,5815
638852,Sadaiyarkoil,638852,,5815
638875,Samayamkudikadu,638875,,5815
638883,Samipatti,638883,,5815
638930,Sankaranar Kudi Kadu,638930,,5815
638960,Senniaviduthy,638960,,5815
932778,சேதுராயன்குடிகாடு,932778,,5815
638913,Sillathur,638913,,5815
638940,Surimurthypuram(Akkaravattam),638940,,5815
638869,Thalayamangalam,638869,,5815
638953,Thaligaividuthi,638953,,5815
638910,Thekkur,638910,,5815
638906,Thelungan kudikadu,638906,,5815
638880,ThennamanaduNorth,638880,,5815
638881,Thennamanadu South,638881,,5815
638941,Therkukottai,638941,,5815
638965,Thippanvidudhi,638965,,5815
638919,Thondarampet East,638919,,5815
638918,Thondarampet West,638918,,5815
638937,Thoppuviduthy,638937,,5815
638900,Tirumangalakottai Keelaiyur,638900,,5815
638901,Tirumangalakottai Keelaiyur (colony),638901,,5815
638902,Tirumangalakottai Melaiyur,638902,,5815
638903,Tirumangalakottai Melaiyur (colony),638903,,5815
638915,Tirunallur,638915,,5815
932762,உளூர் கிழக்கு,932762,,5815
638860,Ulur West,638860,,5815
638938,Unjividuthy,638938,,5815
638931,Vadakkukottai,638931,,5815
638886,Vadakkur North,638886,,5815
638887,Vadakkur South,638887,,5815
638923,Vadaseri North,638923,,5815
638924,Vadaseri South,638924,,5815
638889,Vadukkukottai,638889,,5815
638850,Vandayarriruppu,638850,,5815
638943,Vedanayagipuram,638943,,5815
638927,Vedavijayapuram,638927,,5815
638917,Vellur,638917,,5815
638966,Vengarai,638966,,5815
932782,வெட்டிக்காடு,932782,,5815
638956,Vettuvakottai I,638956,,5815
638952,Yoganayagipuram,638952,,5815
638582,Adhanur,638582,,5812
638626,Agaramangudi,638626,,5812
638665,Alangudi,638665,,5812
638666,Alangudi Bit,638666,,5812
638585,Alavandipuram,638585,,5812
638633,Annappanpettai,638633,,5812
932644,அரையபுரம்,932644,,5812
932636,அரையபுரம் தட்டிமால்படுகை,932636,,5812
638668,Arulmolipet,638668,,5812
638676,Arundavapuram I,638676,,5812
638678,Arundavapuram II,638678,,5812
638643,Athur Thottam,638643,,5812
932618,அய்யம்பேட்டை,932618,,5812
638667,Bhavaniyambalpuram,638667,,5812
638683,Chakkarapalli (CT),638683,,5812
638669,Dalavaipalayam,638669,,5812
638650,Deepambalpuram,638650,,5812
638614,Devaryampettai,638614,,5812
638604,Eachankudi,638604,,5812
638630,Edaiyiruppu,638630,,5812
638640,Edakkudi,638640,,5812
638645,Edavakkudi,638645,,5812
638602,Ganapathiagraharam -I,638602,,5812
638601,Ganapathiagraharam -II,638601,,5812
638612,Gopurajapuram,638612,,5812
638598,Govindanallucheri,638598,,5812
638605,Illuppakkorai,638605,,5812
638606,Illuppakkorai Bit,638606,,5812
638680,Jambugambalpuram I,638680,,5812
638682,Jambugambalpuram II,638682,,5812
638593,Kabisthalam,638593,,5812
638647,Kalancheri,638647,,5812
638679,Kambayanatham,638679,,5812
638646,kandhavanam,638646,,5812
638654,Karumudukku Thattimal Padugai,638654,,5812
638596,Karuppurpadugai,638596,,5812
638671,Kathirinatham,638671,,5812
638634,Kattukuruchi,638634,,5812
638631,Kavalur,638631,,5812
638658,Keelakoil Pathu,638658,,5812
638579,Konthagai,638579,,5812
638588,Koonancheri,638588,,5812
638638,Kothangudi,638638,,5812
638662,Kumilakudi,638662,,5812
638651,Mahimalai,638651,,5812
638653,Mahimalai Bit,638653,,5812
932625,மானோஜியப்பாசாவடி,932625,,5812
638584,Maruthuvakkudi,638584,,5812
638594,Melakabisthalam,638594,,5812
638644,Melakalakudi,638644,,5812
638616,Melasemmangudi,638616,,5812
932648,மிலட்டூர் 1 ஆம் சேத்தி,932648,,5812
932656,மிலட்டூர் 2 ஆம் சேத்தி,932656,,5812
932660,மிலட்டூர் 3 ஆம் சேத்தி,932660,,5812
638637,MilatturI V sethi,638637,,5812
638636,Milattur V sethi,638636,,5812
638577,Nadupadugai,638577,,5812
638673,Nallavanniyankudikadu,638673,,5812
638587,Narasimmapuram,638587,,5812
638652,Neduvasal,638652,,5812
638649,Neikunnam,638649,,5812
638632,Neithalur,638632,,5812
638663,Nellithope,638663,,5812
638583,Olaipadi,638583,,5812
638628,Ombathuveli,638628,,5812
638648,Palliyur,638648,,5812
638610,Pandaravadai,638610,,5812
932632,பாபநாசம்,932632,,5812
638621,Pasupathikoil II,638621,,5812
932621,பசுபதிகோயில் - 1,932621,,5812
638624,Perumakkanallur,638624,,5812
638600,Perumalkoil,638600,,5812
638617,Ponmeindanallur,638617,,5812
638661,Poondi I,638661,,5812
638660,Poondi II,638660,,5812
638623,Porakkudi,638623,,5812
638670,Pugalkulithapattu,638670,,5812
638664,Pulavarnatham,638664,,5812
638615,Pulimangalam,638615,,5812
638656,Puliyakudi I,638656,,5812
638677,Puliyakudi II,638677,,5812
932667,புத்தூர்,932667,,5812
638609,Ragunathapuram,638609,,5812
638611,Rajagiri,638611,,5812
638592,Ramanujapuram,638592,,5812
638672,Raramuthirakkottai,638672,,5812
638659,Saliyamangalam,638659,,5812
638607,Sarapojirajapuram,638607,,5812
638597,Sarukkai,638597,,5812
638591,Sathiyamangalam,638591,,5812
638681,Senbugapuram,638681,,5812
638619,Serumakkanallur,638619,,5812
932610,சூலமங்கலம் 2ஆம் சேத்தி,932610,,5812
638620,Soolamangalam I Sethi,638620,,5812
638675,Sooliyakottai (Kambayanatham),638675,,5812
638627,Soraikkayur,638627,,5812
638674,Thirubuvanam,638674,,5812
638629,Thirukkarugavur,638629,,5812
638590,Thirumandagudi,638590,,5812
932641,திருப்பாலத்துறை,932641,,5812
638578,Thiruvaigavur,638578,,5812
638613,Thiruvaiyathukudi,638613,,5812
638586,Thiyagasumuthiram,638586,,5812
638580,Thurumbur,638580,,5812
638655,Ukkadai,638655,,5812
638599,Ullikkadai,638599,,5812
638589,Umayalpuram,638589,,5812
932629,உமையாள்புரம் - 2,932629,,5812
638595,Umbalapadi,638595,,5812
638641,Utharamangalam,638641,,5812
638642,Utharamangalam Kottam,638642,,5812
638618,Vadakkumangudi,638618,,5812
638657,Vadapathy,638657,,5812
638622,Vaiyacheri,638622,,5812
638608,Valathur,638608,,5812
638603,Veeramangudi,638603,,5812
638625,Vembukudi,638625,,5812
638639,Vennugudithottam,638639,,5812
638635,Viluthiyur,638635,,5812
932606,வீரமாங்குடி-2,932606,,5812
638995,Adambai North,638995,,5816
638996,Adambai South,638996,,5816
639099,Adirampattinam,639099,,5816
639121,Aladikkadu,639121,,5816
638999,Aladikkumulai,638999,,5816
639122,Alaginayagipuram,639122,,5816
639129,Alamathikkadu,639129,,5816
639005,Alanpallam,639005,,5816
638982,Alathur,638982,,5816
639041,Alivalam,639041,,5816
639056,Anaikkadu,639056,,5816
638992,Anandagopalapuram Thenpathi,638992,,5816
638991,Anandagopalapuram Vadapathi,638991,,5816
639040,Ananteswarapuram,639040,,5816
638977,Andami,638977,,5816
639118,Andikkadu,639118,,5816
639018,Athikkottai,639018,,5816
639065,Athivetti East,639065,,5816
639064,Athivetti West,639064,,5816
638970,Avaikkottai,638970,,5816
638972,Balajireguramasamudram,638972,,5816
638971,Bavajikkottai,638971,,5816
639096,Chatramthokkalikadu,639096,,5816
639094,Chinna avadayar Koil,639094,,5816
639080,Chokkanathapuram,639080,,5816
639010,Chokkanavur,639010,,5816
639028,Edayathi North,639028,,5816
639029,Edayathi South,639029,,5816
639049,Eduthanivayal,639049,,5816
639067,Elangadu,639067,,5816
638997,Enathi,638997,,5816
639048,Ennaivayal,639048,,5816
639123,Eralivayal,639123,,5816
639112,Eripurakarai,639112,,5816
639119,Ettivayal,639119,,5816
638985,Ettupulikkadu,638985,,5816
639008,Gopalasamudram,639008,,5816
639012,Kadathankudi,639012,,5816
932689,கைலாசநாதபுரம்,932689,,5816
639088,Kalathur East,639088,,5816
639087,Kalathur West,639087,,5816
638973,Kalichankkottai,638973,,5816
639131,Kallivayal,639131,,5816
639045,Kalugapulikkadu,639045,,5816
639073,Kalyanaodai,639073,,5816
638974,Kaniyakurichi,638974,,5816
639053,Karagavayal,639053,,5816
638986,Karambayam,638986,,5816
639069,Karappankadu,639069,,5816
639124,Karisavayal,639124,,5816
638978,Karuppur,638978,,5816
639060,Kasangadu,639060,,5816
639091,Kattaiyankadu,639091,,5816
639082,Kattayankadu Ukkadai,639082,,5816
639022,Kayavoor,639022,,5816
638969,Keelakurichi East,638969,,5816
638968,Keelakurichi West,638968,,5816
638990,Kollukkadu,638990,,5816
639042,Kondikulam,639042,,5816
639052,Kotthadivayal,639052,,5816
639032,Krishnapuram,639032,,5816
639104,Krishnapuram,639104,,5816
639115,Kullukkadu,639115,,5816
639038,Kurichi,639038,,5816
639083,Madampattavur,639083,,5816
639034,Madathikkadu,639034,,5816
639007,Madukkur,639007,,5816
932672,மதுக்கூர் தெற்கு,932672,,5816
639013,Madurabashanipuram,639013,,5816
638980,Mahadevapuram,638980,,5816
932687,மகாராஜசமுத்திரம்,932687,,5816
639095,Mahilankottai,639095,,5816
639043,Manavayal,639043,,5816
639075,Mannankadu,639075,,5816
639130,Maravanvayal,639130,,5816
639114,Marudangavayal,639114,,5816
638976,Mohur,638976,,5816
639016,Moothakurichi,639016,,5816
639055,Mudalcheri,639055,,5816
638981,Musiri,638981,,5816
932688,நாடியம்மாள்புரம்,932688,,5816
639021,Naduvikkottai,639021,,5816
639090,Naduvikurichi,639090,,5816
639054,Nainankulam,639054,,5816
638989,Nambivayal,638989,,5816
639111,Narasingapuram,639111,,5816
639017,Nattuchalai,639017,,5816
639039,Neivaviduthi,639039,,5816
638967,Nemmeli,638967,,5816
638975,Olayakunnam,638975,,5816
639084,Ottankadu,639084,,5816
639089,Ottankadu Ukkadai,639089,,5816
638993,Padirankottai Thenpathi,638993,,5816
638994,Padirankottai Vadapathi,638994,,5816
639051,Paingattuvayal,639051,,5816
638998,Palamuthi,638998,,5816
639100,Palanjur,639100,,5816
639047,Palathali,639047,,5816
639074,Palaverikadu,639074,,5816
639072,PalayeeAgraharam,639072,,5816
639093,Pallathur,639093,,5816
639078,Pallikondan,639078,,5816
639126,Palliodiaivayal,639126,,5816
639050,Pannaivayal,639050,,5816
932685,பாப்பாவெளி பாளையக்கோட்டை,932685,,5816
639103,Parakakalakottai,639103,,5816
639068,Parasuramanendal,639068,,5816
932679,பட்டுக்கோட்டை,932679,,5816
639009,Periyakkottai,639009,,5816
639046,Pillankuli,639046,,5816
639066,Ponkundu,639066,,5816
639057,Ponnavarayankottai,639057,,5816
639058,Ponnavarayankottai Ukkadai,639058,,5816
639024,Poovalur,639024,,5816
639081,Poovanam,639081,,5816
639109,Pudukkottagam,639109,,5816
639098,Pudukkottai Ullur,639098,,5816
639117,Pudupattinam,639117,,5816
639127,Pudurivayal,639127,,5816
639092,Pukkarambai,639092,,5816
638979,Pulavanji,638979,,5816
639011,Puliyakudi,639011,,5816
639037,Punavasal East,639037,,5816
639036,Punavasal West,639036,,5816
639113,Rajamadam,639113,,5816
932676,ராமாம்பாள்புரம்,932676,,5816
639061,Regunathapuram,639061,,5816
639071,Reguramasamudram,639071,,5816
639128,Rendampulikadu,639128,,5816
932682,ரெங்கோஜியப்பா தோட்டம்,932682,,5816
639020,Santhankadu,639020,,5816
639132,Sarabendrarajanpattinam,639132,,5816
638984,Sembalur,638984,,5816
639079,Sendakkottai,639079,,5816
639002,Sendankadu,639002,,5816
932909,செண்டாங்காடு பிட் 2,932909,,5816
639033,Seruvaviduthi Thenpathi,639033,,5816
639031,Seruvaviduthi Vadapathi,639031,,5816
639070,Siramelkudi,639070,,5816
639019,Soorapallam,639019,,5816
639030,Sooriyanarayanapuram,639030,,5816
639023,Soundaranayagipuram,639023,,5816
639110,Soundaranayakipuram,639110,,5816
639000,Sukkiranpatti,639000,,5816
639107,Sundaram,639107,,5816
639004,Talikkottai,639004,,5816
639101,Thamarankottai North,639101,,5816
639102,Thamarankottai South,639102,,5816
639106,Thambikottai Maravakad,639106,,5816
639105,Thambikottai Melakkadu,639105,,5816
639108,Thambikottai Vadakadu,639108,,5816
639125,Thandamaraikadu,639125,,5816
639003,Thittakudi,639003,,5816
639097,Thokkalikkadu,639097,,5816
639035,Thuravikkadu,639035,,5816
639044,Thuvaramadai,639044,,5816
639076,Thuvarankurichi North,639076,,5816
639077,Thuvarankurichi South,639077,,5816
639086,Tiruchitrambalam East,639086,,5816
639085,Tiruchitrambalam West,639085,,5816
639120,Udayamudaiyan,639120,,5816
639015,Vadiakkadu,639015,,5816
638983,Vadugankuthagai,638983,,5816
639025,Valuthalaivattam,639025,,5816
639063,Vattakudi,639063,,5816
639062,Vattakudi Ukkadai,639062,,5816
639026,Vattathikkottai Kollukkadu,639026,,5816
639027,Vattathikkottai U.Bimapuram,639027,,5816
639001,Veerakurichi,639001,,5816
639116,Velivayal,639116,,5816
639059,Vendakkottai,639059,,5816
638988,Veppankkadu,638988,,5816
638987,Veppankkadu Ukkadai,638987,,5816
639006,Veppankulam,639006,,5816
639014,Vikkiramam,639014,,5816
932725,ஆத்தாளூர்,932725,,5817
932729,ஆதனூர்,932729,,5817
639202,Adaikkathevan,639202,,5817
639152,Ammayandi,639152,,5817
639171,Andakottai,639171,,5817
639135,Arasalamkarambai,639135,,5817
932711,அரியக்குட்டித்தேவன்,932711,,5817
639156,Avanam,639156,,5817
639206,Avidayanikottai,639206,,5817
639134,Chettivayal,639134,,5817
639155,Chinnarasalamkarambai,639155,,5817
639170,Chittathikadu,639170,,5817
639158,Enandhikarambai,639158,,5817
639142,Gangadharapuram,639142,,5817
639183,Kaivinivayal,639183,,5817
639140,Kalagam I,639140,,5817
639139,Kalagam II,639139,,5817
639169,Kalanivasal,639169,,5817
639138,Kalluranikkadu,639138,,5817
932701,கல்யாணராமநாதபுரம்,932701,,5817
639144,Karambakkadu,639144,,5817
639189,Kodivayal,639189,,5817
639179,Korathur,639179,,5817
639180,Korathur Ukkadai,639180,,5817
639141,Kottaikadu,639141,,5817
639198,Kulakkudi,639198,,5817
639208,Kuppathevan,639208,,5817
639147,Kuruvikarambai I,639147,,5817
639145,Kuruvikarambai II,639145,,5817
639157,Lakshminarasimapuram,639157,,5817
639149,Maduvakurichi West,639149,,5817
639196,Manakkadu,639196,,5817
639188,Marakkavalasai,639188,,5817
639191,Maravanvayal,639191,,5817
639148,Mavadukurichi East,639148,,5817
932736,முடப்புலிகாடு - 1 பிட்,932736,,5817
932743,முடப்புளிக்காடு 2  பிட்,932743,,5817
639200,Mudukadu,639200,,5817
639167,Murungapallam,639167,,5817
639166,Nadiam,639166,,5817
932732,நாட்டாணிக்கோட்டை,932732,,5817
639185,Nayagathivayal,639185,,5817
639177,Nelliyadikadu,639177,,5817
639172,Padappanarvayal,639172,,5817
639159,Paingal ukkadai,639159,,5817
639146,Palacherikkadu,639146,,5817
639136,Palayanagaram,639136,,5817
639199,Panangulam,639199,,5817
639153,Panchanathipuram,639153,,5817
639174,Pannancheri,639174,,5817
932705,பட்டங்காடு,932705,,5817
932749,பேராவூரணி -1,932749,,5817
932756,பேராவூரணி - 2,932756,,5817
639181,Periakathikottai,639181,,5817
639133,Periyanayagipuram,639133,,5817
932691,பெருமகளூர் தென்பாதி,932691,,5817
932694,பெருமகளூர் வடபாதி,932694,,5817
639192,Pethanachivayal,639192,,5817
639176,Pinnavasal,639176,,5817
639197,Poolankollai,639197,,5817
639163,Poonaikuthikkadu,639163,,5817
639154,Pulichankadu,639154,,5817
639151,Ranganayakipuram,639151,,5817
639190,Ravuthanvayal,639190,,5817
639162,Reghunathapuram,639162,,5817
639184,Regunayagipuram,639184,,5817
639178,Rettaivayal,639178,,5817
639194,Rettaivayal Ukkadai,639194,,5817
639193,Ruthirachinthamani,639193,,5817
639160,Sanakkarai,639160,,5817
639165,Sandampettai,639165,,5817
639204,Sendalaivayal,639204,,5817
639161,Sengamangalam,639161,,5817
639143,Seruvalakkadu,639143,,5817
639187,Sethubavachatram,639187,,5817
639205,Solaikkadu,639205,,5817
639173,Sornakkadu,639173,,5817
639150,Thennankudi,639150,,5817
639137,Thonthupullikkadu,639137,,5817
639186,Thuraiyur,639186,,5817
932699,தூரங்குடி,932699,,5817
639207,Tiruvathevan,639207,,5817
639182,Umathanadu,639182,,5817
639175,Valabramankadu,639175,,5817
932698,வலையன்வயல்,932698,,5817
639164,Vathalaikadu,639164,,5817
639195,Veerakudi,639195,,5817
932721,வீரியங்கோட்டை பகுதி 2,932721,,5817
639201,Vilangulam,639201,,5817
639203,Villunivayal,639203,,5817
639168,Viriankottai,639168,,5817
638805,Alakudi Addl.,638805,,5814
638806,Alakudi Chief,638806,,5814
638795,Avusahibthottam,638795,,5814
638831,Inathukanpatti,638831,,5814
638796,Kadakadappai,638796,,5814
638773,Kalvirayampettai,638773,,5814
638822,Kandithampattu,638822,,5814
932532,கரந்தட்டாங்குடி,932532,,5814
638826,Kattur,638826,,5814
932524,கீரக்கொள்ளை,932524,,5814
638830,Kollangarai Vallundanpattu,638830,,5814
638790,Kondavattanthidal,638790,,5814
638793,Kudalur,638793,,5814
638824,Kulichapattu,638824,,5814
638829,Kullangarai,638829,,5814
638794,Kurungalur,638794,,5814
638843,Kurungulam Keelpathi,638843,,5814
638842,Kurungulam Melpathi,638842,,5814
638820,Kuruvadipatti,638820,,5814
638827,Madigai,638827,,5814
638785,Manangorai,638785,,5814
638844,Marungulam,638844,,5814
638787,Mathur,638787,,5814
638797,Melachittakadu,638797,,5814
638800,Melavelithottam,638800,,5814
638788,Nallicheri,638788,,5814
638846,Nanjikottai (CT),638846,,5814
638832,Nanjikottai Vallundanpattu,638832,,5814
638783,Narasanayagipuram,638783,,5814
638847,Neelagiri (CT),638847,,5814
638782,Palliagraharam,638782,,5814
638780,Palliyeri,638780,,5814
638774,Perumbur IInd Sethi,638774,,5814
638775,Perumbur I-ST Sethi,638775,,5814
638776,Pillaiyarnatham,638776,,5814
638821,Pillaiyarpatti,638821,,5814
638798,Pinnai Nallur,638798,,5814
638845,Pudupattinam (CT),638845,,5814
638828,Pudur,638828,,5814
638799,Pulianthoppu,638799,,5814
638802,Ramanathapuram Addl.,638802,,5814
638801,Ramanathapuram Chief,638801,,5814
638791,Ramapuram,638791,,5814
638779,Sakkarasamandam,638779,,5814
638841,Sennampatti,638841,,5814
638777,Siralur,638777,,5814
638823,Soorakkottai,638823,,5814
638786,Thandangorai,638786,,5814
638833,Thirukanurpatti,638833,,5814
638835,Thirumalai Samudram,638835,,5814
638784,Thiruvedhikudi,638784,,5814
638792,Thittai,638792,,5814
638789,Thottakadu,638789,,5814
638825,Valamirankottai,638825,,5814
932534,வலம்புரி யூனிட்,932534,,5814
932520,வல்லம் வடக்கு சேத்தி,932520,,5814
638834,Vallam Pudursethi,638834,,5814
932491,வல்லம் தெற்கு சேத்தி,932491,,5814
638804,Vannarapettai Addl.,638804,,5814
638803,Vannarapettai Chief,638803,,5814
638781,Velur,638781,,5814
638778,Vennalodai,638778,,5814
638848,Vilar (CT),638848,,5814
638698,Achanur,638698,,5813
638755,Allur,638755,,5813
638741,Ambathumelagaram,638741,,5813
932595,அரசூர் சின்ன ஆவுசாகிப் தோட்டம்,932595,,5813
638738,Avikkarai,638738,,5813
638725,Eswarankoilpathu,638725,,5813
638684,Kaduveli,638684,,5813
638733,Kalayanapuram,638733,,5813
638734,Kalayanapuram I Sethi,638734,,5813
932919,கலியபானுராஜதோட்டம்,932919,,5813
638737,Kalyanapuram II Sethi,638737,,5813
638739,Kandiyur,638739,,5813
638694,Karkudi,638694,,5813
638727,Karuppur,638727,,5813
638758,Karur,638758,,5813
638732,Keelathirupanthuruthi,638732,,5813
638726,Konerirajapuram,638726,,5813
638730,Kulimathur,638730,,5813
638703,Maharajapuram,638703,,5813
638760,Manakkarambai,638760,,5813
638724,Mannarsamudram,638724,,5813
638700,Marur,638700,,5813
638685,Melapunavasal,638685,,5813
932555,மேலாதிருப்பந்துருத்தி கூடுதல்,932555,,5813
932548,மேலாதிருப்பந்துருத்தி முதன்மை,932548,,5813
932540,நடுக்காவேரி மேற்கு,932540,,5813
638729,Nadukkavery (East & West),638729,,5813
638757,Nagathi,638757,,5813
638689,Okkakudi,638689,,5813
638691,Peramur,638691,,5813
638696,Perumpuliyur,638696,,5813
638686,Punavasal,638686,,5813
638759,Rajandram,638759,,5813
638695,Rayampettai,638695,,5813
638701,Sathanur,638701,,5813
638690,Semmangudi,638690,,5813
932579,செங்கழுநீர் தோட்டம்,932579,,5813
932564,சேசநாராயண தோட்டம்,932564,,5813
638692,Swayambachanallur,638692,,5813
638688,Thennancheri,638688,,5813
638756,Thenperambur,638756,,5813
638693,Thiruppayanam,638693,,5813
932601,திருவையாறு  கிழக்கு,932601,,5813
932605,திருவையாறு மேற்கு,932605,,5813
638728,Thulajendra Maharajapuram,638728,,5813
638736,Tiruchotruthurai,638736,,5813
638731,Tiruvalampozhil,638731,,5813
638735,Uppukachipettai,638735,,5813
638699,Vadugakudi,638699,,5813
638697,Vaidyanathanpettai,638697,,5813
638702,Valappakudi,638702,,5813
638742,Varagur,638742,,5813
638740,Vellamperambur(East&West),638740,,5813
932544,வெள்ளம்பெரம்பூர் மேற்கு,932544,,5813
638687,Vilangudi (Chief -Addl.),638687,,5813
932598,விளாங்குடி கூடுதல்,932598,,5813
638458,Anakudi,638458,,5810
638418,Aralur,638418,,5810
638413,Athipakkam,638413,,5810
932833,பாகவதபுரம் 561,932833,,5810
932835,பாகவதபுரம் 622,932835,,5810
638448,Baskararajapuram,638448,,5810
638409,Chidambaranathapuram,638409,,5810
638454,Govindapuram,638454,,5810
638455,Govindapuram,638455,,5810
638456,Govindapuram,638456,,5810
638404,Irumoolai,638404,,5810
638428,Kadiramangalam,638428,,5810
638450,Kanjanur,638450,,5810
638423,Kannarakudi,638423,,5810
638416,Karuppur,638416,,5810
638434,Kattanagaram,638434,,5810
638414,Kavanur,638414,,5810
638424,Keelamanakudi,638424,,5810
638430,Keelasooriyamoolai,638430,,5810
638415,Kilamandur,638415,,5810
638412,Koilramapuram,638412,,5810
638420,Kondasamudram,638420,,5810
638425,Koothanur,638425,,5810
638445,Kottur,638445,,5810
638395,Kulasekaranallur,638395,,5810
638427,Kunathalapadi,638427,,5810
638410,Kurichi,638410,,5810
638464,Mahadanapuram,638464,,5810
638436,Maharajapuram,638436,,5810
638447,Maharajapuram,638447,,5810
638451,Manalur,638451,,5810
638437,Manambadi,638437,,5810
638433,Manikudi,638433,,5810
638466,Manjamalli,638466,,5810
638397,Marathurai,638397,,5810
932819,மருத்துவக்குடி - 1,932819,,5810
932821,மருத்துவக்குடி - 2,932821,,5810
638422,Mavuthiruppu,638422,,5810
638468,Melaiyur,638468,,5810
638411,Melakattur,638411,,5810
638406,Mullangudi,638406,,5810
638426,Mullukudi,638426,,5810
932847,முத்தூர்,932847,,5810
932845,நடுக்காவேரி படுகைதோட்டம்,932845,,5810
638449,Narasingampettai,638449,,5810
638440,Narikudi,638440,,5810
638402,Neikuppai,638402,,5810
638399,Neivasal,638399,,5810
638403,Pandanallur,638403,,5810
638457,Parithikudi,638457,,5810
932817,பட்டம்,932817,,5810
638438,Puthur,638438,,5810
638396,Sarabojirajapuram,638396,,5810
638442,Sathanur,638442,,5810
638467,Sathanur,638467,,5810
638401,Sayanapuram,638401,,5810
638439,Senganur,638439,,5810
638419,Serugudi,638419,,5810
638421,Sikkalanayakkanpettai,638421,,5810
638431,Sivapurani,638431,,5810
638444,Sooriyamoolai,638444,,5810
638452,Sooriyanarkoil,638452,,5810
638469,S.Pudur,638469,,5810
638462,Thepperumanallur,638462,,5810
932838,திருபுவனம்,932838,,5810
932841,திருபுவனம் பிட்,932841,,5810
638429,Thirukodikaval,638429,,5810
638432,Thirulogi,638432,,5810
638443,Thirumandurai,638443,,5810
638400,Thirumangaicheri,638400,,5810
638453,Thirumangalagudi,638453,,5810
638465,Thiruneelakudi,638465,,5810
932813,திருப்பனந்தாள் கிழக்கு,932813,,5810
932815,திருப்பனந்தாள் மேற்கு,932815,,5810
638441,Thiruvalliangudi,638441,,5810
638463,Thiruvidaimarudur,638463,,5810
638460,Thiruvisanallur,638460,,5810
638459,Thiruvisanallurpandarvadai,638459,,5810
638405,Thittacheri,638405,,5810
638446,Thugili,638446,,5810
638408,Ukkarai,638408,,5810
638461,Umamahesharapuram,638461,,5810
638398,Vannikudi,638398,,5810
638435,Veerakkan,638435,,5810
638417,Velur,638417,,5810
932822,வேப்பத்தூர் -1,932822,,5810
932826,வேப்பத்தூர் - 2,932826,,5810
638407,Vinayagantheru,638407,,5810
932842,விஸ்வநாதபுரம்,932842,,5810
641157,Andipatti Bit -1,641157,,5846
641168,Andipatti Bit -2,641168,,5846
641169,Andipatti Southern Block RF,641169,,5846
641160,Chittarpatti,641160,,5846
641153,G. Usilampatti,641153,,5846
641165,Kadamalaikundu,641165,,5846
932331,Kanavaipatti,932331,,5846
641156,Kodaluthu,641156,,5846
641155,Kottapatti,641155,,5846
641148,Kovilpatti,641148,,5846
641150,Kunnur,641150,,5846
641151,Marikkundu,641151,,5846
641167,Megamalai,641167,,5846
641154,Mottanuthu,641154,,5846
641166,Myaladumparai,641166,,5846
641163,Palakombai,641163,,5846
641158,Palayakottai,641158,,5846
641146,Pulimancombai,641146,,5846
641159,Rajadhani,641159,,5846
641162,Ramakrishnapuram,641162,,5846
641149,Shanmugasundarapuram,641149,,5846
641152,Tekkampatti,641152,,5846
641161,Theppampatti,641161,,5846
641147,Timmarasanayakkanur Bit-1,641147,,5846
932323,Timmarasanayakkanur Bit -2,932323,,5846
641164,Vallalnathi,641164,,5846
641074,Ahamalai,641074,,5842
641079,Ammapatti (Bodi),641079,,5842
641073,Bodi Hill North,641073,,5842
641077,Bodinayackanur,641077,,5842
932362,Bodi West Hills,932362,,5842
932366,Boothipuram,932366,,5842
641080,Dombucheri,641080,,5842
641075,Kodangipatti,641075,,5842
641072,Kottagudi,641072,,5842
641082,Kulaiyanur,641082,,5842
641076,Meenakshipuram (Bodi),641076,,5842
932347,Melachokkanathapuram,932347,,5842
641083,Rasingapuram,641083,,5842
641078,Silamalai,641078,,5842
641081,Uppukottai,641081,,5842
932448,Devathanapatti Bit -1,932448,,5843
932401,Devathanapatti Bit -2,932401,,5843
641088,D.Vadipatty,641088,,5843
641091,Endapuli,641091,,5843
641086,E.Pudukottai,641086,,5843
932460,Genguvarpatti Bit -2,932460,,5843
641087,Genguvarpatty Bit -1,641087,,5843
641095,Gullapuram,641095,,5843
641094,Jeyamangalam Bit -1,641094,,5843
932454,Jeyamangalam Bit -2,932454,,5843
641090,Kamatchipuram,641090,,5843
641085,Keelavadagarai,641085,,5843
641093,Melmangalam Bit-1,641093,,5843
932464,Melmangalam Bit -2,932464,,5843
641098,Mullaikaradu Block RF,641098,,5843
641097,Murugamalai RF,641097,,5843
641099,Parambikaradu,641099,,5843
641089,Silvarpatty,641089,,5843
641092,Thamarai Kulam Bit -1,641092,,5843
932453,Thamarai Kulam Bit -2,932453,,5843
932384,Thenkarai Bit -1,932384,,5843
932391,Thenkarai Bit -2,932391,,5843
641084,Vadagarai bit -1,641084,,5843
932456,Vadakarai Bit -2,932456,,5843
641096,Vadaveeranaickenpatty,641096,,5843
932478,Allinagaram,932478,,5844
641102,Govindanagaram,641102,,5844
641109,Jangalpatty,641109,,5844
641101,Koduvilarpatty,641101,,5844
641110,Koduvilarpatty RF,641110,,5844
641106,Kottur,641106,,5844
641113,Perumalkoilkarudu Exten.RF,641113,,5844
641112,Perumalkoilkarudu RF,641112,,5844
641108,Poomalaikundu,641108,,5844
641107,Seelayampatty,641107,,5844
641103,Thadicheri,641103,,5844
641104,Thappukundu,641104,,5844
641100,Unjampatty,641100,,5844
641105,Upparpatty,641105,,5844
641111,Valkaradu RF,641111,,5844
932480,Veerapandi,932480,,5844
641125,Alagapuri,641125,,5845
932594,Chinnamanur,932594,,5845
641130,Chinnaovalapuram,641130,,5845
932575,Cumbum,932575,,5845
641131,Erasakkanayackanur,641131,,5845
641133,Erasakkanayackanur Hills,641133,,5845
641128,Gokilapuram,641128,,5845
932551,Hanumanthanpatti,932551,,5845
932565,Kamayakoundanpatti,932565,,5845
641132,Kanniservaipatti,641132,,5845
932596,Karunkattankulam,932596,,5845
641134,Keelagudalur East,641134,,5845
932569,Kelagudalur West,932569,,5845
641137,Kombai East,641137,,5845
932549,Kombai West,932549,,5845
641138,Koothanatchiyar RF,641138,,5845
932554,K Pudupatti,932554,,5845
932580,Kuchanoor,932580,,5845
641127,Mallingapuram,641127,,5845
641120,Markeyankottai,641120,,5845
641144,Melagudalur North,641144,,5845
932572,Melagudalur South,932572,,5845
641126,Muthulapuram,641126,,5845
933490,Narayanathevanpatti Hills,933490,,5845
641135,Narayanathevanpatti North,641135,,5845
932560,Narayanathevanpatti South,932560,,5845
932583,Odaipatti,932583,,5845
641142,Pandarathurai RF,641142,,5845
641123,Pannaipuram,641123,,5845
641143,Perumalkoil Karadu RF,641143,,5845
641140,Poovuthukaradu R.F.,641140,,5845
641114,Pottipuram,641114,,5845
641119,Pulanandapuram,641119,,5845
641121,Pulikkuthi,641121,,5845
641129,Royappanpatti,641129,,5845
641116,Sankarapuram,641116,,5845
641118,Seepalakottai,641118,,5845
641139,Suranganur RF,641139,,5845
641141,Suruli RF .,641141,,5845
641115,Thevaram,641115,,5845
641136,Thevaram Hills,641136,,5845
641122,T. Meenakshipuram,641122,,5845
641124,Uthamapalayam North,641124,,5845
932545,Uthamapalayam South,932545,,5845
932577,Uthamapuram,932577,,5845
641145,Vannathiparai RF,641145,,5845
641117,Veppampatti,641117,,5845
931891,ADIGARATTY1,931891,,5758
931894,ADIGARATTY2,931894,,5758
635112,Burliyar,635112,,5758
635113,COONOOR RURAL,635113,,5758
933766,COONOOR TOWN,933766,,5758
635116,Hubbathala (CT),635116,,5758
910517,Hubhathalai,910517,,5758
931899,HULICAL1,931899,,5758
931900,HULICAL2,931900,,5758
931911,KETTI1,931911,,5758
931913,KETTI2,931913,,5758
931915,KETTI3,931915,,5758
635114,MELUR1,635114,,5758
931919,MELUR2,931919,,5758
931931,MELUR3,931931,,5758
635111,Yedappalli,635111,,5758
932079,CHERUMULLI1,932079,,5755
932087,CHERUMULLI2,932087,,5755
932106,CHERUMULLI2-CA,932106,,5755
932081,DEVALA1,932081,,5755
932101,DEVALA1-CA,932101,,5755
932093,DEVALA2,932093,,5755
932102,DEVALA2-CA,932102,,5755
932084,GUDALUR1,932084,,5755
932097,GUDALUR1-CA,932097,,5755
932110,GUDALUR1-GR,932110,,5755
932092,GUDALUR2,932092,,5755
932099,GUDALUR2-CA,932099,,5755
932095,GUDALUR2-GR,932095,,5755
635085,Mudumalai,635085,,5755
635084,NELLAKOTAI,635084,,5755
932112,OVALLEY1,932112,,5755
932113,OVALLEY2,932113,,5755
932085,PADANTHORAI1,932085,,5755
932104,PADANTHORAI1-CA,932104,,5755
932090,PADANTHORAI2,932090,,5755
932105,PADANTHORAI2-CA,932105,,5755
635086,Srimadurai,635086,,5755
932108,SRIMADURAI-CA,932108,,5755
635103,Aracode,635103,,5757
635101,DENAD1,635101,,5757
931939,DENAD2,931939,,5757
635097,Hallimoyar,635097,,5757
635110,Jackanarai,635110,,5757
644357,Jaganarai Slopes R.F.,644357,,5757
931944,JAGATHALA1,931944,,5757
931946,JAGATHALA2,931946,,5757
635105,Kadinamala,635105,,5757
635098,Kallampalayam,635098,,5757
635106,KENGARAI1,635106,,5757
931966,KENGARI2,931966,,5757
635099,Kodanad,635099,,5757
635104,Kokkode,635104,,5757
635107,KONAVAKORAI1,635107,,5757
931967,KONAVAKORAI2,931967,,5757
635109,KOTAGIRI1,635109,,5757
931970,KOTAGIRI2,931970,,5757
931972,KOTAGIRI3,931972,,5757
635108,NADUHATTY1,635108,,5757
931974,NADUHATTY2,931974,,5757
635102,Nandipuram,635102,,5757
635100,NEDUGULA1,635100,,5757
931975,NEDUGULA2,931975,,5757
644367,Nilgiri Eastern Slope R.F.,644367,,5757
635119,BALACOLA1,635119,,5759
931981,BALACOLA2,931981,,5759
931986,BIKKATTY,931986,,5759
635117,ITHALAR1,635117,,5759
931984,ITHALAR2,931984,,5759
931988,KILKUNDAH1,931988,,5759
931991,KILKUNDAH2,931991,,5759
635121,Kinnakkorai,635121,,5759
635120,Melkundah,635120,,5759
635118,Mulligoor,635118,,5759
635083,CHERANGODE1,635083,,5754
932030,CHERANGODE1-JENMAM,932030,,5754
932033,CHERANGODE2,932033,,5754
932036,CHERANGODE2-JENMAM,932036,,5754
635080,ERUMAD1,635080,,5754
932037,ERUMAD2,932037,,5754
635081,MOONANAD1,635081,,5754
932039,MOONANAD1-JENMAM,932039,,5754
932041,MOONANAD2,932041,,5754
932044,MOONANAD2-JENMAM,932044,,5754
635082,NELLIYALAM1,635082,,5754
932045,NELLIYALAM1-CA,932045,,5754
932131,NELLIYALAM1-JENMAM,932131,,5754
932046,NELLIYALAM2,932046,,5754
932048,NELLIYALAM2-JENMAM,932048,,5754
635089,EBBANAD1,635089,,5756
932008,EBBANAD2,932008,,5756
635093,Hullathi,635093,,5756
635088,KADANAD1,635088,,5756
932010,KADANAD2,932010,,5756
635091,KAGGUCHI1,635091,,5756
932013,KAGGUCHI2,932013,,5756
635090,Kukkal,635090,,5756
635087,Masinagudi,635087,,5756
932015,NADUVATTAM,932015,,5756
635094,NANJANAD1,635094,,5756
932018,NANJANAD2,932018,,5756
932021,SHOLUR,932021,,5756
635096,THUMMANATTY1,635096,,5756
932022,THUMMANATTY2,932022,,5756
635092,Thuneri,635092,,5756
635095,UDHAGAI RURAL,635095,,5756
933767,UDHAGAI TOWN - EAST,933767,,5756
933769,UDHAGAI TOWN - WEST,933769,,5756
629127,Agraharamel,629127,,6621
629160,Alathur,629160,,6621
629162,Arakkambakkam,629162,,6621
629171,Ayappakkam (CT),629171,,6621
629165,Kadavur,629165,,6621
629126,Karunakaracheri,629126,,6621
629159,Kilakondaiyur,629159,,6621
931979,கோவில்பதாகை,931979,,6621
629164,Melpakkam,629164,,6621
931993,மிட்டனமல்லி,931993,,6621
629163,Morai,629163,,6621
931823,மோரை ஆ,931823,,6621
931999,முக்தாபுதுபேட்டை,931999,,6621
629152,Nadukuthagai (CT),629152,,6621
629153,Nemilicheri (CT),629153,,6621
629167,Palavedu,629167,,6621
932004,பாலேரிப்பட்டு,932004,,6621
629170,Pammadukulam,629170,,6621
629161,Pandeswaram,629161,,6621
932096,பருத்திப்பட்டு,932096,,6621
629169,Pothur,629169,,6621
932107,சோராஞ்சேரி,932107,,6621
932077,தண்டுரை,932077,,6621
932111,திருமுல்லைவாயல்,932111,,6621
629128,Thiruninravur,629128,,6621
931824,திருநின்றவூர் ஆ,931824,,6621
629166,Vellacheri,629166,,6621
629168,Vellanur,629168,,6621
931825,வெள்ளானூர் ஆ,931825,,6621
932115,விளிஞ்சியம்பக்கம்,932115,,6621
628603,Amirthamangalam,628603,,5693
628624,Annappa Naickankuppam,628624,,5693
628560,Appavaram,628560,,5693
628550,Arambakkam,628550,,5693
933129,அரிகத்துரை,933129,,5693
628586,Authupakkam,628586,,5693
628592,Ayanallur,628592,,5693
628574,Budur,628574,,5693
628572,Chedilpakkam,628572,,5693
628584,Chinnaobulapuram,628584,,5693
628604,Chinnapuliyur,628604,,5693
933137,சின்னரெட்டி கண்டிகை,933137,,5693
628591,Chinnasozhiambakkam,628591,,5693
628582,Chithoornatham,628582,,5693
933147,சிட்ரசூர்,933147,,5693
933156,சுடலக்குப்பம்,933156,,5693
628575,Dharkasthu Kandigam,628575,,5693
628555,Edur,628555,,5693
628548,Egumadurai,628548,,5693
628567,Eguvarpalayam,628567,,5693
628563,Elavur,628563,,5693
628593,Enadhimelpakkam,628593,,5693
628616,Erukkuvoy,628616,,5693
628622,Getnamallee,628622,,5693
933165,குருவராஜகண்டிகை,933165,,5693
628621,Kanlur,628621,,5693
628552,Kannambakkam,628552,,5693
628577,Kannankottai,628577,,5693
628608,Karadipudur,628608,,5693
628617,Karani,628617,,5693
628600,Karumbukuppam,628600,,5693
628626,Kilmudalambedu,628626,,5693
628606,Kollanur,628606,,5693
628590,Kuriviagaram,628590,,5693
628597,Kuruvattucheri,628597,,5693
628628,Madaharpakkam (CT),628628,,5693
628569,Madaharpakkam (Part),628569,,5693
628609,Madhavaram,628609,,5693
628615,Manali,628615,,5693
628570,Manellore,628570,,5693
628619,Mangalam,628619,,5693
628587,Mangavaram,628587,,5693
628556,Medhipalayam,628556,,5693
628559,Melakalani,628559,,5693
628625,Melmudalambedu,628625,,5693
933169,மேல்பாக்கம்,933169,,5693
628610,Mukkarambakkam,628610,,5693
628549,Naidukuppam,628549,,5693
628596,Nangapallam,628596,,5693
628564,Narasingapuram,628564,,5693
628562,Natham,628562,,5693
628611,Nelvoy,628611,,5693
628573,Nemalur,628573,,5693
628558,Obasamudram,628558,,5693
933177,பழைய கும்மிடிப்பூண்டி,933177,,5693
628620,Palavakkam,628620,,5693
628612,Paleswaram,628612,,5693
628595,Paleswarankandigai,628595,,5693
628553,Pallavada,628553,,5693
933192,பனப்பாக்கம்,933192,,5693
628579,Panchalai,628579,,5693
628583,Pappankuppam,628583,,5693
628629,Peddikuppam (CT),628629,,5693
628566,Peria obulapuram,628566,,5693
628605,Periapuliyur,628605,,5693
628594,Peria Soliambakkam,628594,,5693
933195,பெருவாயல்,933195,,5693
628571,Pondavakkam,628571,,5693
628551,Poovalai,628551,,5693
628581,Poovalambedu,628581,,5693
628599,Pudugummidipundi,628599,,5693
628618,Pudupalayam,628618,,5693
628627,Puduvoyal,628627,,5693
628589,Rettambedu,628589,,5693
628554,Sanaputhur,628554,,5693
628561,Sennavaram,628561,,5693
628614,Sepedu,628614,,5693
628601,Sinthalakuppam,628601,,5693
628602,Sirupulalpettai,628602,,5693
628578,Siruvada,628578,,5693
628568,Soorapundi,628568,,5693
628557,Sunnambukkulam,628557,,5693
628623,Thandalacheri,628623,,5693
628585,Theruali,628585,,5693
628607,Thervoy,628607,,5693
933201,தூக்காமூர்,933201,,5693
628565,Thurapallam,628565,,5693
628580,Vaniamallee,628580,,5693
628576,Varnasikuppam,628576,,5693
628588,Vazhuthalambedu,628588,,5693
628613,Venkuzhi,628613,,5693
628598,Verkadu,628598,,5693
628949,Athimanjeri,628949,,5697
932218,ஈச்சம்பாடி,932218,,5697
628945,Gollalakuppam,628945,,5697
932236,இருதலைவாரிப்பட்டடை,932236,,5697
932277,காக்களூர் பேட்டை கண்டிகை பி,932277,,5697
628944,Karimbedu,628944,,5697
628948,Karlambakkam,628948,,5697
628953,Keechalam,628953,,5697
932312,கீழப்பூடி,932312,,5697
628977,Kodivalasa (CT),628977,,5697
628942,Kolathur,628942,,5697
628947,Konasamudram,628947,,5697
932326,கொத்தகுப்பம்,932326,,5697
628955,Krishnamarajakuppam,628955,,5697
932355,குமாரராஜீப்பேட்டை,932355,,5697
932371,மேலப்பூடி,932371,,5697
628952,Nedigallu,628952,,5697
628976,Nedigallu & Forest,628976,,5697
628943,Nediyam,628943,,5697
628950,Nochili,628950,,5697
933033,நொச்சிலி மேற்கு,933033,,5697
628941,Pallipattu,628941,,5697
628946,Pandravedu,628946,,5697
628940,Perumanallur,628940,,5697
628951,Pettaikandigai,628951,,5697
932655,பொதட்டூர்பேட்டை கிழக்கு,932655,,5697
932666,பொத்டூர்பேட்டை மேற்கு,932666,,5697
933020,புதுப்பட்டு,933020,,5697
933026,புதுப்பட்டு,933026,,5697
932412,புண்ணியம்,932412,,5697
628954,Ramasamudram,628954,,5697
932452,சாமந்தவாடா,932452,,5697
932488,திருமால்ராஜீப்பேட்டை,932488,,5697
628939,Veliagaram,628939,,5697
628938,Venkatarajakuppam,628938,,5697
933216,ஆலாடு 2,933216,,5694
628689,Abrahampuram,628689,,5694
628727,Adambakkam,628727,,5694
628641,Agaram,628641,,5694
628698,Aladu,628698,,5694
628771,Alamathi (CT),628771,,5694
628768,Alamathi R.F.,628768,,5694
933223,அலமாதி  ஆ,933223,,5694
629192,Alinjivakkam,629192,,5694
628725,Amoor,628725,,5694
933228,ஆமூர் ஆ,933228,,5694
628671,Andarmadam,628671,,5694
628662,Andavoyal,628662,,5694
628761,Angadu,628761,,5694
628637,Annamalaicheri,628637,,5694
628718,Anuppampattu,628718,,5694
933232,அனுப்பம்பட்டு ஆ,933232,,5694
628661,Appalavaram,628661,,5694
933234,ஆரணி,933234,,5694
933243,ஆரணி ஆ,933243,,5694
628660,Arasur,628660,,5694
629180,Ariyalur,629180,,5694
933246,அரியன்வாயல்,933246,,5694
628758,Arumandai,628758,,5694
628668,Asanabudur,628668,,5694
628686,Athamanjeri,628686,,5694
933248,அத்திபட்டு ஆ,933248,,5694
628769,Athipattu (CT),628769,,5694
933361,அத்திவாக்கம்,933361,,5694
628745,Athur (I),628745,,5694
933253,ஆட்டந்தாங்கல்,933253,,5694
628658,Avoor,628658,,5694
933271,ஆவூர் ஆ,933271,,5694
628652,Avurivakkam,628652,,5694
628730,Bandikavanoor,628730,,5694
628750,Budur,628750,,5694
628639,Chennaveppathur,628639,,5694
628679,Chinnakavanam,628679,,5694
933277,சின்னக்காவனம் ஆ,933277,,5694
628715,Chinnambedu,628715,,5694
933286,சின்னம்பேடு ஆ,933286,,5694
933294,சின்னம்பேடு இ,933294,,5694
628755,Chinnamullaivoyal,628755,,5694
628704,Devadanam,628704,,5694
628642,Devambattu,628642,,5694
628708,Durainallur,628708,,5694
933297,எலியம்பேடு ஆ,933297,,5694
628683,Elaimbedu,628683,,5694
933444,எண்ணூர்,933444,,5694
628695,Eripillaikuppam,628695,,5694
933453,எர்ணாகுரச்சேரி,933453,,5694
628729,Ernavakkam,628729,,5694
628767,Erumaivettipalayam R.F.,628767,,5694
933301,ஞாயிறு ஆ,933301,,5694
629190,Grant Lyon,629190,,5694
628680,Guduvanjeri,628680,,5694
628649,Ilupakkam,628649,,5694
628631,Injur,628631,,5694
628731,Jaganathapuram,628731,,5694
933303,ஜெகநாதபுரம்   ஆ,933303,,5694
933306,ஜெகநாதபுரம்  இ,933306,,5694
628701,Kadamanjeri,628701,,5694
628675,Kadapakkam,628675,,5694
628691,Kalanji,628691,,5694
628635,Kallur,628635,,5694
628721,Kalpakkam,628721,,5694
628681,Kanagavallipuram,628681,,5694
628653,Kanavanthurai,628653,,5694
628751,Kandigai,628751,,5694
628643,Kanganimedu,628643,,5694
628700,Kaniambakkam,628700,,5694
628744,Karanodai,628744,,5694
628636,Karimanal,628636,,5694
628690,Karungali,628690,,5694
628666,Kattavur,628666,,5694
628688,Kattoor,628688,,5694
628692,Kattupalli,628692,,5694
933308,காட்டூர் ஆ,933308,,5694
628716,Keelameni,628716,,5694
628634,Keerapakkam,628634,,5694
628665,Kilikodi,628665,,5694
628757,Kodipallam,628757,,5694
933310,கொள்ளட்டி,933310,,5694
628650,Kolur,628650,,5694
933312,கோளூர் ஆ,933312,,5694
933315,கோளுர் இ,933315,,5694
628648,Kumaranjeri,628648,,5694
628699,Kumarasirulapakkam,628699,,5694
628760,Kummamur,628760,,5694
628684,Lingapayampettai,628684,,5694
628713,Madhavaram,628713,,5694
628737,Madiyur,628737,,5694
628752,Mafaskanpet,628752,,5694
628714,Malliankuppam,628714,,5694
628633,Mangodu,628633,,5694
628759,Marambedu,628759,,5694
628703,Marattoor,628703,,5694
628667,Medur,628667,,5694
933317,மெதூர் ஆ,933317,,5694
933319,மெதூர் இ,933319,,5694
933322,மேல்சிங்கிலிமேடு,933322,,5694
933325,மீஞ்சூர்,933325,,5694
933328,மீஞ்சூர் ஆ,933328,,5694
933329,நாலூர் ஆ,933329,,5694
628770,Nallur (CT),628770,,5694
628723,Nalur,628723,,5694
628732,Nandiambakkam,628732,,5694
933357,நாரவாரிகுப்பம்,933357,,5694
628728,Natham,628728,,5694
628739,Nayur,628739,,5694
628722,Neithavayal,628722,,5694
933330,நெய்தவாயல்ஆ,933330,,5694
628740,Nerkundram,628740,,5694
628746,New Erumaivettipalayam,628746,,5694
628747,Old Erumaivettipalayam,628747,,5694
628749,Orakkadu,628749,,5694
628772,Padianallur (CT),628772,,5694
628654,Pakkam,628654,,5694
933359,பாலவாயல்,933359,,5694
628647,Panapakkam,628647,,5694
628726,Panjetty,628726,,5694
628664,Paranambedu,628664,,5694
629189,Payasambakkam,629189,,5694
628707,Peravallur,628707,,5694
628646,Periakarumbur,628646,,5694
628638,Periaveppathur,628638,,5694
628754,Periyamullaivoyal,628754,,5694
628678,Perumbedu,628678,,5694
933331,பெரும்பேடு  ஆ,933331,,5694
628764,Perungavoor,628764,,5694
933332,பெருங்காவூர்   ஆ,933332,,5694
933334,பிரளயம்பாக்கம் ஆ,933334,,5694
628712,Pondavakkam,628712,,5694
933335,பொன்னேரி அ,933335,,5694
933336,பொன்னேரி ஆ,933336,,5694
628630,Poongulam,628630,,5694
628656,Poovami,628656,,5694
628670,Pralayambakkam,628670,,5694
628753,Pudupakkam,628753,,5694
628672,Pulicut,628672,,5694
629188,PulliLyon,629188,,5694
628733,Puzhuthivakkam,628733,,5694
933465,ரெட்ஹில்ஸ்,933465,,5694
628736,Seemapuram,628736,,5694
628741,Sekkanjeri,628741,,5694
628632,Seliambedu,628632,,5694
628763,Sembilivaram,628763,,5694
628645,Senganyam,628645,,5694
628710,Sevittupanapakkam,628710,,5694
628748,Sholavaram,628748,,5694
629179,Sirugavur,629179,,5694
628651,Sirulapakkam,628651,,5694
628687,Sirulapooncheri,628687,,5694
628762,Siruniam,628762,,5694
628674,Sirupazhaverkadu,628674,,5694
628697,Siruvelur,628697,,5694
628685,Somanjeri,628685,,5694
628663,Sombattu,628663,,5694
628742,Soorapattu,628742,,5694
933337,சோத்துப்பாக்கம்,933337,,5694
628743,Sothuperumbedu,628743,,5694
628711,Soundapuram,628711,,5694
628705,Thadaperumbakkam,628705,,5694
933338,தடபெரும்பாக்கம் ஆ,933338,,5694
629191,Thandalkalani,629191,,5694
628673,Thangalperumbalam,628673,,5694
628717,Thatchoor,628717,,5694
933340,தச்சூர் ஆ,933340,,5694
628676,Thathamanji,628676,,5694
629195,Theerthagiriyampattu (CT),629195,,5694
628702,Thinaipakkam,628702,,5694
628756,Thirunilai,628756,,5694
628682,Thirupair,628682,,5694
628655,Thirupalaivanam,628655,,5694
933342,திருபாளைவனம் ஆ,933342,,5694
628694,Thiruvellavoyal,628694,,5694
628720,Thottakadu,628720,,5694
628644,Umipedu,628644,,5694
628640,Uppunelvoyal,628640,,5694
629193,Vadagarai,629193,,5694
628709,Vadakkunallur,628709,,5694
628706,Vairavankuppam,628706,,5694
628735,Vallur,628735,,5694
933344,வல்லூர் ஆ,933344,,5694
933345,வல்லூர் இ,933345,,5694
933346,வல்லூர் ஈ,933346,,5694
628738,Valuthigaimedu,628738,,5694
628669,Vanjivakkam,628669,,5694
628724,Vannipakkam,628724,,5694
933347,வாயலூர்  ஆ,933347,,5694
933349,வாயலூர் இ,933349,,5694
628719,Vellambakkam,628719,,5694
628766,Vellivoyal,628766,,5694
933350,வெள்ளிவாயல் ஆ,933350,,5694
628696,Velur,628696,,5694
628657,Vembedu,628657,,5694
628765,Vichoor,628765,,5694
628659,Vidathandalam,628659,,5694
933351,விஜயநல்லூர்,933351,,5694
629178,Vilangadupakkam,629178,,5694
933353,விச்சூர் ஆ,933353,,5694
628693,Voyalur,628693,,5694
629177,Adayalampattu (OG),629177,,5699
629149,Agaramel,629149,,5699
933352,அக்ராஹாரம்,933352,,5699
629125,Amudurmedu,629125,,5699
933354,அரிமண்டநல்லூர்,933354,,5699
933486,அயனம்பாக்கம்,933486,,5699
629133,Banaveduthottam,629133,,5699
933355,கோபுரசநல்லூர்,933355,,5699
629129,Gudapakkam,629129,,5699
629150,Gudapakkam R.F.,629150,,5699
629154,Kannapalayam (CT),629154,,5699
629157,Kattupakkam (CT),629157,,5699
629137,Kilmanambedu,629137,,5699
933427,கோலடி,933427,,5699
629132,Kolappancheri,629132,,5699
629130,Korattur,629130,,5699
933488,கொரட்டூர் பி,933488,,5699
629143,Kuthambakkam,629143,,5699
933491,மடவிளாகம்,933491,,5699
933493,மேல்பாக்கம்,933493,,5699
629148,Meppur,629148,,5699
629141,Meyyur,629141,,5699
629151,Meyyur R.F.,629151,,5699
629145,Narasingapuram,629145,,5699
629156,Nazarathpettai (CT),629156,,5699
629139,Nemam,629139,,5699
933512,நேமம்  ஆ,933512,,5699
629140,Nochimedu,629140,,5699
933451,நூம்பல்,933451,,5699
629142,Padur,629142,,5699
933356,பழஞ்சூர்,933356,,5699
629136,Parivakkam,629136,,5699
629146,Parvatharajapuram,629146,,5699
933438,பெருமாளகரம்,933438,,5699
629134,Pidarithangal,629134,,5699
933514,பூந்தமல்லி,933514,,5699
933461,புளியம்பேடு,933461,,5699
629147,Sembarambakkam,629147,,5699
629155,Senneerkuppam (CT),629155,,5699
629124,Soranjeri (part),629124,,5699
933358,சுந்தரசோழவரம்,933358,,5699
629144,Thirumalarajapuram,629144,,5699
933515,திருமழிசை,933515,,5699
933494,திருவேற்காடு,933494,,5699
933489,தூக்கணாம்பட்டு,933489,,5699
933360,உடையவர்கோவில்,933360,,5699
629174,Vanagaram (CT),629174,,5699
629158,Varadarajapuram (OG),629158,,5699
933362,வயளநல்லூர் பி,933362,,5699
933416,வீரராகவபுரம்,933416,,5699
629138,Vellavedu,629138,,5699
629131,Voyalanallur,629131,,5699
932151,ஆதிவராகபுரம்,932151,,6674
628979,அம்மையார்குப்பம்,628979,,6674
932144,அம்மனேரி,932144,,6674
628973,Aswaravanthapuram,628973,,6674
932175,அய்யனேரி கிழக்கு,932175,,6674
932188,அய்யனேரி மேற்கு,932188,,6674
932196,பாலாபுரம்,932196,,6674
628966,Devalambapuram,628966,,6674
628956,ஜி. சி. எஸ் கண்டிகை ஏ,628956,,6674
933044,ஜி. சி. எஸ் கண்டிகை பி,933044,,6674
932258,ஜனகராஜகுப்பம்,932258,,6674
932293,காண்டாபுரம்,932293,,6674
628959,Kadananagaram,628959,,6674
628958,Mahankalikapuram,628958,,6674
628972,Meesarakandapuram,628972,,6674
628971,மைலார்வாடா கிழக்கு,628971,,6674
933081,மைலார்வாடா மேற்கு,933081,,6674
628974,Padmapuram,628974,,6674
628969,Paivalasa,628969,,6674
628965,Peddanagapudi,628965,,6674
628970,Peddaramapuram,628970,,6674
932431,ராகவநாயுடுகுப்பம்,932431,,6674
628957,Rajanagaram,628957,,6674
932461,சாணூர்மல்லாவரம்,932461,,6674
932442,சகஸ்ரபத்மாபுரம்,932442,,6674
628962,Santhanavenugopalapuram,628962,,6674
932204,செல்லாத்தூர்,932204,,6674
628980,Srikalikapuram (CT),628980,,6674
628960,Srikalikapuram (Part),628960,,6674
932468,ஸ்ரீவிலாசபுரம்,932468,,6674
628961,Valakanampudi,628961,,6674
628978,Vanganur (CT),628978,,6674
628968,Vediyangadu,628968,,6674
628964,Veeramangalam,628964,,6674
933069,வீரமங்கலம் பி,933069,,6674
628975,Veeranathur,628975,,6674
628963,Vellathur,628963,,6674
628967,Venugopalapuram,628967,,6674
628984,Abrahampuram,628984,,5698
629011,Agaram,629011,,5698
629084,அகரம் 2,629084,,5698
628986,Allikuzhi,628986,,5698
629117,Allikuzhi R.F.,629117,,5698
629010,Ammanambakkam,629010,,5698
629075,Aranvoyal,629075,,5698
933227,அரன்வாயல் குப்பம்,933227,,5698
629014,Arikkambattu,629014,,5698
628992,Arumbakkam,628992,,5698
629003,Arumbakkam,629003,,5698
933231,அரும்பாக்கம் பி,933231,,5698
933237,அதிகத்துர்,933237,,5698
629061,Attupakkam,629061,,5698
629016,Ayalacheri,629016,,5698
629044,Ayalur,629044,,5698
629051,Ayathur,629051,,5698
629096,Azhinjivakkam,629096,,5698
933241,பிமாவரம்,933241,,5698
629028,Chithambakkam,629028,,5698
629091,Chitrambakkam,629091,,5698
629042,Chittathur,629042,,5698
629067,Egattur,629067,,5698
629001,Eraiyur,629001,,5698
629095,Erayamangalam,629095,,5698
628983,Gengulukandigai,628983,,5698
629006,Gerugampoondi,629006,,5698
629105,Govindamedu,629105,,5698
628987,Greenvelnatham,628987,,5698
629013,Guruvoyal,629013,,5698
628985,Hudson Nagaram,628985,,5698
628981,Hudsonpuram,628981,,5698
933245,ஹுசைன் நகரம்,933245,,5698
629040,Ikkadu,629040,,5698
933168,ஈக்காடு கண்டிகை,933168,,5698
629080,Illuppur,629080,,5698
629101,Irulancherry,629101,,5698
629122,Kadambathur (CT),629122,,5698
933250,கைவண்டூர்,933250,,5698
629119,Kakkalur (CT),629119,,5698
629065,Kalianur,629065,,5698
629041,Kaliyanakuppam,629041,,5698
629111,Kallambedu,629111,,5698
629036,Kanagavallipuram,629036,,5698
628996,Kannampettai,628996,,5698
933257,கண்ணன் காரணி,933257,,5698
629114,Kannur,629114,,5698
629019,Karanai,629019,,5698
629060,காரனை 2,629060,,5698
629110,காரனை 3,629110,,5698
629033,Karanisampattu,629033,,5698
628991,Karattanur,628991,,5698
629024,Karikkalvakkam,629024,,5698
933264,கசவநல்லதுர்,933264,,5698
629092,Kavankolathur,629092,,5698
629098,Keelacherry,629098,,5698
629026,Keelanur,629026,,5698
629063,Keelvilagam,629063,,5698
629054,Kilambakkam,629054,,5698
629018,Koduveli,629018,,5698
933269,கோயில்குப்பம்,933269,,5698
933276,கொளுந்தலூர்,933276,,5698
629099,Kondanjerry,629099,,5698
629103,Koovam,629103,,5698
629076,Koppur,629076,,5698
629109,Kottaiyur,629109,,5698
628994,Krishnapuram,628994,,5698
629102,Kumaracherry,629102,,5698
629034,Kunnavalam,629034,,5698
629087,Madathukuppam,629087,,5698
629020,Magaral,629020,,5698
629113,Manambedu,629113,,5698
629097,Mappedu,629097,,5698
629022,Melakondaiyur,629022,,5698
629027,Melanur,629027,,5698
629068,Melnallathur,629068,,5698
629064,Melvilagam,629064,,5698
629002,Monnavedu,629002,,5698
628997,Moovur,628997,,5698
933283,முடுகுர்,933283,,5698
933290,மும்முடிக்குப்பம்,933290,,5698
629047,Nallankavanur,629047,,5698
629100,Narasingaparam,629100,,5698
933333,நத்தமேடு,933333,,5698
629077,Nayapakkam,629077,,5698
628998,Neiveli,628998,,5698
629062,Nemiliagaram,629062,,5698
629082,Nungambakkam,629082,,5698
629029,Othikkadu,629029,,5698
629049,Pakkam,629049,,5698
629085,Panambakkam,629085,,5698
629037,Pandur,629037,,5698
629078,Papparambakkam,629078,,5698
629035,Pattaraiperumbudur,629035,,5698
629123,Perambakkam (CT),629123,,5698
629043,Perathur,629043,,5698
933159,பெரியகுப்பம்,933159,,5698
629072,Perumalpattu,629072,,5698
933125,பெரும்பாக்கம்,933125,,5698
629104,Pillaiyarkuppam,629104,,5698
629059,Pillaiyarkuppam,629059,,5698
629083,Pinjivakkam,629083,,5698
628982,Placepalayam,628982,,5698
629081,Polivakkam,629081,,5698
628995,Poondi,628995,,5698
629058,Praiyankuppam,629058,,5698
629017,Pudukuppam,629017,,5698
629093,Pudumavelangai,629093,,5698
629115,Pudupattu,629115,,5698
629048,Puliyur,629048,,5698
629031,Pullarambakkam,629031,,5698
629118,Pullarambakkam R.F.,629118,,5698
933146,புங்கத்தூர்,933146,,5698
629030,Punnapakkam,629030,,5698
629045,Punnapattu,629045,,5698
629069,Putlur,629069,,5698
629032,Ramanjeri,629032,,5698
629086,Ramankoil,629086,,5698
628999,Ramathandalam,628999,,5698
628993,Rangapuram,628993,,5698
629094,Satharai,629094,,5698
629000,Seeyanjeri,629000,,5698
629057,Selai,629057,,5698
629007,Sembedu,629007,,5698
628988,Sendrayanpalayam,628988,,5698
629089,Senji,629089,,5698
629088,Sennavaram,629088,,5698
629012,Sethupakkam,629012,,5698
629071,Sevvapettai,629071,,5698
629015,Singilikuppam,629015,,5698
933295,சிரியபேரம்பாக்கம்,933295,,5698
629070,Sirukadal,629070,,5698
629052,Sirukalathur,629052,,5698
933298,சிறுவானுர்,933298,,5698
629046,Sivanvoyal,629046,,5698
933300,தளக்கஞ்சேரி,933300,,5698
629021,Thamaaraipakkam,629021,,5698
629055,Thandalam,629055,,5698
629056,Thaneerkulam,629056,,5698
933304,தங்கானுர்,933304,,5698
629090,Thenkaranai,629090,,5698
629004,Thirukkananjeri,629004,,5698
933305,திருமேனிக்குப்பம்,933305,,5698
629038,Thirupachur,629038,,5698
629116,Thirupandiyur,629116,,5698
628990,Thiruppair,628990,,5698
629107,Thodukadu,629107,,5698
628989,Thomur,628989,,5698
629053,Thottikalai,629053,,5698
629120,Thozhur (CT),629120,,5698
933307,தொழுதவாக்கம்,933307,,5698
629074,Tirur,629074,,5698
629039,Tiruvallur,629039,,5698
629106,Ulundai,629106,,5698
629112,Uthirambakkam,629112,,5698
933313,வைகாசி கண்டிகை,933313,,5698
629079,Valasaivettikadu,629079,,5698
933318,வரதபுரம்,933318,,5698
629023,Vathattur,629023,,5698
629066,Vedaiyur,629066,,5698
933321,வேடங்கிநல்லூர்,933321,,5698
933324,வெள்ளேரிதங்கள்,933324,,5698
629009,Velliyur,629009,,5698
629008,Vengal,629008,,5698
933326,வெங்கல்   குப்பம்,933326,,5698
629121,Vengathur (CT),629121,,5698
933327,வெண்மணம்புதூர்,933327,,5698
629073,Veppambaattu,629073,,5698
629050,வேப்பம்பட்டு பி,629050,,5698
629005,Vilapakkam,629005,,5698
629025,Vishnuvakkam,629025,,5698
629108,Voyalur,629108,,5698
628904,Agoor,628904,,5696
628881,Alamelumangapuram,628881,,5696
933233,அமிர்தாபுரம்,933233,,5696
628895,Arcod,628895,,5696
628893,Arumbakkam,628893,,5696
628891,Arungulam,628891,,5696
628919,Athipattu,628919,,5696
628908,Beerakuppam,628908,,5696
628912,Cherukkanur,628912,,5696
628913,Chinnakadambur,628913,,5696
628936,Chinnamandalai,628936,,5696
933255,சின்னமாப்பேட்டை,933255,,5696
628876,Chivvada,628876,,5696
933266,தேவசேனாபுரம்,933266,,5696
628888,Dharanivarghapuram,628888,,5696
628873,Gollakuppam,628873,,5696
628898,Gulur,628898,,5696
628930,Harichandrapuram,628930,,5696
628901,Illuppur,628901,,5696
628925,Jagirmangalam,628925,,5696
628931,J.S.Ramapuram,628931,,5696
933284,காபுலக்கண்டிகை,933284,,5696
628937,Kalambakkam,628937,,5696
628899,Kanchipadi,628899,,5696
628928,Kapulakandigai,628928,,5696
628905,Karamangalam,628905,,5696
628915,Karthikayapuram,628915,,5696
628918,Kaverirajapuram,628918,,5696
933293,கீழ்தேவதானம்,933293,,5696
933296,கோரமங்கலம்,933296,,5696
628883,Krishnasamudram,628883,,5696
933299,கிருஷ்ணசமுத்திரம்,933299,,5696
628894,Kuppam,628894,,5696
628934,Lakshmivilasapuram,628934,,5696
933302,மடம்,933302,,5696
628882,Maddur,628882,,5696
933309,மத்தூர் பி,933309,,5696
628892,Mamandur,628892,,5696
933621,மாம்பாக்கம்,933621,,5696
628927,Manavur,628927,,5696
628929,Marudavallipuram,628929,,5696
628887,Murukkambattu,628887,,5696
628900,Muthukondapuram,628900,,5696
628902,Nabalur,628902,,5696
933311,நலனிகுண்டா,933311,,5696
628875,Nallattur,628875,,5696
628896,Nedambaram,628896,,5696
628877,Nemili,628877,,5696
628933,Orathur,628933,,5696
628935,Pakasalai,628935,,5696
628924,Palayanur,628924,,5696
628897,Panapakkam,628897,,5696
628903,Pattabiramapuram,628903,,5696
628932,Perikalakattur,628932,,5696
628914,Periyakadambur,628914,,5696
933314,பெரியகளகாட்டூர் பி,933314,,5696
628880,Ponpadi,628880,,5696
933316,பூன்மாங்காடு,933316,,5696
628874,Poonimangadu,628874,,5696
628926,Rajapadmapuram,628926,,5696
628917,Ramapuram,628917,,5696
628911,S.Agraharam,628911,,5696
628878,Santhanagopalapuram,628878,,5696
628890,Sathuranjaypuram,628890,,5696
628884,Sirunguni,628884,,5696
628886,Suryanagaram,628886,,5696
628909,T.C.Kandigai,628909,,5696
628906,Thadur,628906,,5696
628879,Thalavedu,628879,,5696
628923,Thiruvelangadu,628923,,5696
628916,Tiruttani,628916,,5696
933320,வள்ளிமாபுரம்,933320,,5696
628885,Veerakanellore,628885,,5696
628907,Veerakaverirajapuram,628907,,5696
933323,வீரராகவபுரம் பி,933323,,5696
628921,Veeraraghavapuram,628921,,5696
628889,Velanjeri,628889,,5696
628920,Venugopalapuram,628920,,5696
628910,V.K.N.Kandigai,628910,,5696
628922,Vyasapuram,628922,,5696
628825,Adhilivakkam,628825,,5695
628816,Akkarapakkam,628816,,5695
628827,Alapakkam,628827,,5695
628840,Alapakkam,628840,,5695
628848,Alinjivakkam,628848,,5695
628815,Amindanallur,628815,,5695
628834,Ammambakkam,628834,,5695
628798,Ananderi,628798,,5695
628845,Annadanakkakavakkam,628845,,5695
628781,Ariapakkam,628781,,5695
628860,Ariapakkam,628860,,5695
628861,Ariyathur,628861,,5695
628849,Athangikavanur,628849,,5695
933348,அத்திவாக்கம்,933348,,5695
628782,Athupakkam,628782,,5695
628863,Attrambakkam,628863,,5695
628792,Avicheri,628792,,5695
628866,Boochiathipattu,628866,,5695
628794,Chennakesavapuram,628794,,5695
628808,சித்தரிப்பாக்கம்,628808,,5695
628855,Devandavakkam,628855,,5695
628826,Edambedu,628826,,5695
628780,Ellapuram,628780,,5695
628821,Enambakkam,628821,,5695
933339,எர்னாங்குப்பம்,933339,,5695
628836,Gerugambakkam,628836,,5695
628830,Goonipalayam,628830,,5695
628857,Govindarajakuppam,628857,,5695
628837,Gurupuram,628837,,5695
628852,Kadarvedu,628852,,5695
628785,Kaiyadai,628785,,5695
628804,Kakkavakkam,628804,,5695
628828,Kalavai,628828,,5695
628822,Kalpattu,628822,,5695
628841,Kannigaipair,628841,,5695
628829,Katchur,628829,,5695
628786,Kilakarmanur,628786,,5695
628842,Koorambakkam,628842,,5695
628865,Korakkanthandalam,628865,,5695
628844,Kottakuppam,628844,,5695
933341,கிருஷ்ணாபுறம் கண்டிகை,933341,,5695
628858,Kunjaram,628858,,5695
628788,Lachivakkam,628788,,5695
628868,Madavilagam,628868,,5695
628817,Maduravasal,628817,,5695
628800,Mambakkam,628800,,5695
628838,Mamballam,628838,,5695
628839,Mambattu,628839,,5695
628843,Manjankaranai,628843,,5695
628793,Melakaramanur,628793,,5695
628823,Melandur,628823,,5695
628820,Melmaligaipattu,628820,,5695
934039,மேல்மாலிகைப்பட்டு பி,934039,,5695
628854,Meyyur,628854,,5695
628871,Meyyur R.F.,628871,,5695
628809,Moongilpattu,628809,,5695
628856,Mylapore,628856,,5695
628870,Mylapure R.F.,628870,,5695
628859,Nambakkam,628859,,5695
628862,Nayapakkam,628862,,5695
628872,Nayapakkam R.F.,628872,,5695
628846,Neiveli,628846,,5695
628833,Nelvoy,628833,,5695
628864,Oddappai,628864,,5695
628851,Pagalamedu,628851,,5695
628776,Palavakkam,628776,,5695
628869,Palavakkam R.F.,628869,,5695
628818,Panapakkam,628818,,5695
628801,Panapakkam,628801,,5695
628813,Panayancheri,628813,,5695
628805,Paruthimerikuppam,628805,,5695
628795,Pennalurpet,628795,,5695
628789,Perandur,628789,,5695
628799,Perittivakkam,628799,,5695
628810,Periyapalayam,628810,,5695
628847,Perumudivakkam,628847,,5695
628797,Pondavakkam,628797,,5695
628796,Puducheri,628796,,5695
628850,Punnapakkam,628850,,5695
628779,Rallapadi,628779,,5695
628812,Seeyancheri,628812,,5695
628778,Sengarai,628778,,5695
933343,செங்கத்தகுளம்,933343,,5695
628835,Sengunram,628835,,5695
628775,Senjiagaram,628775,,5695
628802,Sennankaranai,628802,,5695
628777,Sirunai,628777,,5695
628787,Soolaimani,628787,,5695
628774,Thamaraikuppam,628774,,5695
628807,Thandalam,628807,,5695
628790,Tharatchi,628790,,5695
628831,Thimmaboopalapuram,628831,,5695
628867,Thirukkandalam,628867,,5695
628814,Thirunilai,628814,,5695
628803,Tholavedu,628803,,5695
628784,தொட்டரெட்டிகாண்டிகை,628784,,5695
628806,Thumbakkam,628806,,5695
934041,ஊத்துக்கோட்டை,934041,,5695
628819,Vadamadurai,628819,,5695
628791,Vadathillai,628791,,5695
628783,Vannankuppam,628783,,5695
628824,Velagapauram,628824,,5695
628811,Velapakkam,628811,,5695
628832,Vellathukottai,628832,,5695
628853,Vembedu,628853,,5695
638176,Agaravelukudi,638176,,6627
638158,Athangudi,638158,,6627
637994,Athicholamangalam,637994,,6627
637985,Ayikkudi,637985,,6627
638168,Ayikudi,638168,,6627
638194,Chithraiyur,638194,,6627
638010,Erukattur,638010,,6627
638188,Harichandrapuram,638188,,6627
638186,Kakkaiyadi,638186,,6627
638009,Kamalapuram,638009,,6627
638012,Kankoduthavanitham,638012,,6627
637992,Kavanur,637992,,6627
638174,Keelamanali,638174,,6627
638190,Kiliyanoor,638190,,6627
932239,கூத்தாநல்லூர்,932239,,6627
638178,Kothangudi,638178,,6627
638196,Kulamanickam,638196,,6627
932254,லெட்சுமாங்குடி,932254,,6627
638192,Manakkarai,638192,,6627
638182,Manchanavadi,638182,,6627
638199,Marangudi,638199,,6627
638013,Melaradhanallur,638013,,6627
638004,Melathirumadhikkunam,638004,,6627
638197,Movattagudi,638197,,6627
638016,Musiriyam,638016,,6627
638003,Nalilondru,638003,,6627
637993,Nattuvakkudi,637993,,6627
638175,Ohaiperaiyur,638175,,6627
638183,Overchery,638183,,6627
638177,Palaiyanur,638177,,6627
638193,Palakurichy,638193,,6627
932265,பண்டுதக்குடி,932265,,6627
638011,பருத்தியூர்,638011,,6627
638191,Periyakothur,638191,,6627
638173,Poonthalangudi,638173,,6627
638189,Pullamangalam,638189,,6627
638172,Punavasal,638172,,6627
932227,இராமநாதன்கோவில்,932227,,6627
638185,Sathanur,638185,,6627
638167,Sekarai,638167,,6627
638195,Sendangudi,638195,,6627
638198,seruvamani,638198,,6627
638166,Sithambur,638166,,6627
638170,Sithanakudi,638170,,6627
638180,Thengovanur,638180,,6627
638181,Thirurameswaram,638181,,6627
638017,Thiruvidavasal,638017,,6627
638014,Thittanimuttam,638014,,6627
638179,Vadagovanur,638179,,6627
638187,Vadapathimangalam,638187,,6627
638169,Vakranallur,638169,,6627
638159,Vellakudi,638159,,6627
638171,Vengaramberaiyur,638171,,6627
638184,Verkudi,638184,,6627
638015,Vidayapuram,638015,,6627
637999,Abivirutheeswaram,637999,,5804
637942,Adambar Ukkadai,637942,,5804
637949,Adippuliyur,637949,,5804
932206,அகரஓகை,932206,,5804
637962,Aladikaruppur,637962,,5804
637923,Alathur,637923,,5804
637960,Annavasal,637960,,5804
637919,Anniyur,637919,,5804
932215,அரசூர்,932215,,5804
637984,Arpar,637984,,5804
637980,Elaiyur,637980,,5804
637929,Kadalangudi,637929,,5804
637939,Kandiramanickkam,637939,,5804
637976,Karaiyappalaiyur,637976,,5804
637978,Keelapalaiyur,637978,,5804
637924,Killiyur,637924,,5804
637937,Koonthalur,637937,,5804
932199,குடவாசல்,932199,,5804
637961,Manapparavai,637961,,5804
637935,Manavalanallur,637935,,5804
637965,Manjakkudi,637965,,5804
637936,Maruthuvakkudi,637936,,5804
637983,Meladichamangalam,637983,,5804
637963,Melapalaiyur,637963,,5804
637941,Melaramansethi,637941,,5804
637953,Naranamangalam,637953,,5804
637954,Neduncheri,637954,,5804
637977,Neikuppai,637977,,5804
637928,Paravakkarai,637928,,5804
637947,பருத்தியூர்,637947,,5804
637959,Perumangalam,637959,,5804
637957,Perumpannaiyur,637957,,5804
637940,Prathabaramapuram,637940,,5804
637938,புதுக்குடி 19,637938,,5804
637966,புதுக்குடி 51,637966,,5804
637946,Puliyancheri,637946,,5804
637932,Sarabojirajapuram,637932,,5804
637930,Sarguneswarapuram,637930,,5804
637943,Seethakkamangalam,637943,,5804
637982,Sellur,637982,,5804
637958,Sengalipuram,637958,,5804
637920,Serugudi,637920,,5804
637950,Serukalathur,637950,,5804
637944,Sethinipuram,637944,,5804
637967,Simizhi,637967,,5804
637948,Sithadi,637948,,5804
637922,Suraikkayur,637922,,5804
637934,Thethiyur,637934,,5804
637981,Thirukkalambur,637981,,5804
637964,Thirukkudi,637964,,5804
637921,Thiruppanburam,637921,,5804
637952,Thiruvidacheri,637952,,5804
637927,Thiruvizhimizhalai,637927,,5804
637979,Uthirangudi,637979,,5804
932195,வடமட்டம்,932195,,5804
637951,Vadaver,637951,,5804
637925,Vadugakkudi,637925,,5804
637997,Valavanallur,637997,,5804
637918,Vayallur,637918,,5804
637933,Vellaiadambar,637933,,5804
637945,Vikkirapandiyam,637945,,5804
637926,Vilagam,637926,,5804
637931,Vishnupuram,637931,,5804
932320,ஆண்டிக்குளம்,932320,,5808
638245,Adichapuram,638245,,5808
638295,Akkarai Kottagam,638295,,5808
638281,Alathur,638281,,5808
638215,Aravathur,638215,,5808
638251,Asesham,638251,,5808
638229,Athikottai,638229,,5808
932334,பீகாஜி மடிகேராவ் தோட்டம்,932334,,5808
638310,Devadanam,638310,,5808
638219,Edayarembethi,638219,,5808
638270,Edayarnatham,638270,,5808
638305,Elavanur,638305,,5808
638279,Erul Neeki,638279,,5808
638273,Ethangudi,638273,,5808
638234,Gopiralayam,638234,,5808
932338,ஜாலசாகிப் தோட்டம்,932338,,5808
638236,Kailasanatharkoil,638236,,5808
932354,கல்கி அக்கா தோட்டம்,932354,,5808
638218,Kallar Embethi,638218,,5808
638246,Kandamangalam,638246,,5808
638262,கண்டிதம்பேட்ட‌ை,638262,,5808
638224,Karakottai,638224,,5808
638232,Karikottai,638232,,5808
638213,Karnavur,638213,,5808
638282,Karuppukilar,638282,,5808
638256,Karuvakuruchi -I,638256,,5808
638301,Keluvathur,638301,,5808
638263,Koopachikkottai,638263,,5808
638278,Kottur,638278,,5808
638277,Kottur Thottam,638277,,5808
638309,Kulamanickam,638309,,5808
638221,Kumarapuram,638221,,5808
638240,Kunniyur,638240,,5808
638285,Kuruchi,638285,,5808
638297,Kuruchimoolai -I,638297,,5808
638298,Kuruchimoolai -II,638298,,5808
638259,Mahadeva Pattinam I,638259,,5808
638260,Mahadevapattinam II,638260,,5808
638239,Malavarayanallur,638239,,5808
638302,Manankathankottagam,638302,,5808
932316,மன்னார்குடி,932316,,5808
638311,Mannukkumundan,638311,,5808
638249,Maravakkadu,638249,,5808
638291,Melanatham,638291,,5808
638220,Melavasal,638220,,5808
932360,மேலவாசல் (நகராட்சி),932360,,5808
932325,மேலவாசல் நரசிம்மாச்சாரி,932325,,5808
638238,Moonam Sethi,638238,,5808
638217,Moovanallur,638217,,5808
638237,Mudal Sethi,638237,,5808
638257,முக்குளம் சாத்தனூர்,638257,,5808
638247,Nalam Sethi,638247,,5808
638294,Nallur,638294,,5808
638299,Narayanapuram Kalappal,638299,,5808
638308,Naruvallikkalappal,638308,,5808
638233,Neduvakkottai,638233,,5808
932329,நீலகண்டகாடேராவ் தோட்டம்,932329,,5808
638255,Nemmeli,638255,,5808
638244,Nemmeli,638244,,5808
638248,Nenmeli,638248,,5808
638316,Nochiyur,638316,,5808
638276,Nokkanukkadai,638276,,5808
638293,Orathur,638293,,5808
638267,Painganadu,638267,,5808
638284,Paingattur,638284,,5808
638303,Palaiyur,638303,,5808
638304,Palayakottaiparasapuram,638304,,5808
638241,Pallivarthi,638241,,5808
638212,Pamani,638212,,5808
638275,Panaiyur,638275,,5808
638265,Paravakkottai-I,638265,,5808
638266,Paravakkottai-II,638266,,5808
638209,Paruthi Kottai,638209,,5808
638225,Peraiyur - I,638225,,5808
638226,Peraiyur II,638226,,5808
638227,Peraiyur -III,638227,,5808
638228,Peraiyur IV,638228,,5808
638312,Perungavazhandan-I,638312,,5808
638313,Perungavazhandan-II,638313,,5808
638306,Peruvidaimaruthur,638306,,5808
638317,Puthagaram,638317,,5808
638280,Puzhuthikudi,638280,,5808
638287,Radhanarasimmapuram,638287,,5808
638216,Rajalikudikadu,638216,,5808
638264,Rajasambal Puram,638264,,5808
638235,Ramapuram,638235,,5808
932349,ரெங்கமாவுத்தன் தோட்டம்,932349,,5808
638274,Renganathapuram,638274,,5808
638214,Savala Karan,638214,,5808
932346,செம்மன்குளம்,932346,,5808
638243,Sendamangalam,638243,,5808
638250,Serankulam,638250,,5808
638314,Serugalathur,638314,,5808
638230,Serumangalam -I,638230,,5808
638231,Serumangalam -II,638231,,5808
638315,Sithamalli,638315,,5808
638269,Sundarakkottai,638269,,5808
638286,Talayamangalam,638286,,5808
638258,Thalikottai,638258,,5808
638292,Thenparai,638292,,5808
638271,Thenpathi,638271,,5808
638307,Therkkunanallur,638307,,5808
638296,Thirukkalar,638296,,5808
638289,Thirumakkottai -I,638289,,5808
638290,Thirumakkottai - II,638290,,5808
638252,Thirupalakudi I,638252,,5808
638253,Thirupalakudi II,638253,,5808
638254,Thirupalakudi-III,638254,,5808
638268,Thulasendirapuram,638268,,5808
638261,Ullikottai -I,638261,,5808
638272,Vadapathi,638272,,5808
638288,Vallur,638288,,5808
638283,Vattar,638283,,5808
638300,Venkathangudi,638300,,5808
638242,Vikkirapandiyam,638242,,5808
638064,Achudamangalam,638064,,5805
638059,Adambar - I,638059,,5805
638058,Adambar - II,638058,,5805
638047,Agarathirumalam,638047,,5805
638056,Alangudi,638056,,5805
638075,Anaikuppam,638075,,5805
638023,Annadanapuram,638023,,5805
638050,Ayyampettai,638050,,5805
638049,Kadagakudi,638049,,5805
638029,Kadagam,638029,,5805
638034,Kaduvangudi,638034,,5805
638024,Kaliyakudi,638024,,5805
638069,Keelkudi,638069,,5805
638021,Keeranur,638021,,5805
638040,Kollapuram,638040,,5805
638020,Kollumangudi,638020,,5805
638022,Koothanur,638022,,5805
638054,Kothavasal,638054,,5805
638038,Kottur,638038,,5805
638046,Kovilthirumalam,638046,,5805
638041,Kumarakudi,638041,,5805
638039,Kurungulam,638039,,5805
638052,Kuttanur,638052,,5805
638080,Kuvalaikkal,638080,,5805
638076,Magilancheri,638076,,5805
638048,Maharajapuram,638048,,5805
638066,Manavalampettai,638066,,5805
638051,Marudavancheri,638051,,5805
638042,Menangudi,638042,,5805
638077,Moolamangalam,638077,,5805
638081,Moolangudi,638081,,5805
638082,Moongilkudi,638082,,5805
638055,Mudikondan,638055,,5805
638026,Mukundanur,638026,,5805
638084,Nagakkudi,638084,,5805
638065,Nallamangudi,638065,,5805
638068,Nannilam,638068,,5805
638025,Nedungulam,638025,,5805
638085,Neelakudi,638085,,5805
638057,Nemmeli,638057,,5805
638033,Panangattangudi,638033,,5805
638078,Panangudi,638078,,5805
638037,Pandaravadi,638037,,5805
638072,Paruthiyur,638072,,5805
638031,Pavattakudi,638031,,5805
932167,பேரளம்,932167,,5805
638086,Perumpugalore,638086,,5805
638019,Pillur,638019,,5805
638070,Poongulam,638070,,5805
638035,Pozhakudi,638035,,5805
638044,Rettakudi,638044,,5805
638074,Saliperi,638074,,5805
932172,சன்னாநல்லூர்,932172,,5805
638045,Sembiyanallur,638045,,5805
638062,Senganur,638062,,5805
638053,Seruvalur,638053,,5805
638032,Sirupuliyur,638032,,5805
638083,Sorakkudi,638083,,5805
638063,Srivanjiyam,638063,,5805
638073,Tattathimoolai,638073,,5805
638030,Thalaiyur,638030,,5805
638067,Thirukkandeeswaram,638067,,5805
638027,Thirukkottaram,638027,,5805
932178,தூத்துக்குடி,932178,,5805
638036,Tirumichchiyur,638036,,5805
638088,Tiruppallimukkoodal,638088,,5805
638043,Ubhayavedantapuram,638043,,5805
638060,Vadagudi,638060,,5805
638061,Valkkai,638061,,5805
638087,Vandampalai,638087,,5805
638071,Veedividangan,638071,,5805
638028,Velangudi,638028,,5805
638079,Visalur,638079,,5805
638139,Adhanur,638139,,5807
638162,Annavasal,638162,,5807
638163,Annavasal Thenpathi,638163,,5807
638165,Arichapuram,638165,,5807
638142,Chettichatram,638142,,5807
638138,Chittamallimelpadi,638138,,5807
638145,Edayarnatham Padugai,638145,,5807
638154,Hanumanthapuram,638154,,5807
638147,Kalacheri,638147,,5807
638210,Kalanjimedu,638210,,5807
638018,Kalathur,638018,,5807
638000,Kamukakudi,638000,,5807
638207,Keelaiyur - I,638207,,5807
638208,Keelaiyur - II,638208,,5807
638160,Keelalavandhacheri,638160,,5807
638135,Koilvenni,638135,,5807
637995,Krishnankottagam,637995,,5807
932284,மாங்குடி,932284,,5807
638204,Melaiyur - I,638204,,5807
638205,Melaiyur -II,638205,,5807
638206,Melaiyur -III,638206,,5807
638161,Melalavandhacheri,638161,,5807
638200,Moovarkottai,638200,,5807
638140,Munnaval Kottai,638140,,5807
638141,Munnaval Kottai (Part),638141,,5807
638136,Nagar,638136,,5807
638151,Olimathi,638151,,5807
637996,Oorkudi,637996,,5807
638152,Ottagudi,638152,,5807
932278,பழைய நீடாமங்கலம்,932278,,5807
638153,Palangalathur,638153,,5807
638137,Pannimangalam,638137,,5807
638148,Parappanamedu,638148,,5807
637998,Pathur,637998,,5807
638155,Perambur,638155,,5807
638002,Perumalagaram,638002,,5807
638143,Pithundam,638143,,5807
638149,Poovanur,638149,,5807
638164,Pududevangudi,638164,,5807
638144,Pullavarayankudikadu,638144,,5807
638146,Rayapuram,638146,,5807
638156,Rishiyur,638156,,5807
638157,Thirukkannamangaikottam,638157,,5807
638211,Vadakaravayal,638211,,5807
638202,Vaduvur Agraharam,638202,,5807
638201,Vaduvur Melpathi,638201,,5807
638222,Vaduvur Thenpathi I,638222,,5807
638223,Vaduvur Thenpathi -II,638223,,5807
638203,Vaduvur Vadapathi,638203,,5807
638150,Vaiyakalathur,638150,,5807
638001,Viswanathapuram,638001,,5807
638358,Adirangam,638358,,5809
638379,Alangadu,638379,,5809
638324,Alathambadi,638324,,5809
638328,Alivalam,638328,,5809
638321,Ammanur,638321,,5809
638326,Andankarai,638326,,5809
638363,Ariyalur,638363,,5809
638325,Athanur,638325,,5809
638337,Chettiyamoolai,638337,,5809
638350,Deevambalpuram,638350,,5809
638348,Desingurajapuram,638348,,5809
638367,Edaiyur,638367,,5809
638369,Ekkal,638369,,5809
638351,Ezhilur,638351,,5809
638377,Idumbavanam,638377,,5809
638386,Jambuvanodai,638386,,5809
638340,Kaduvakothamangalam,638340,,5809
638361,Kallikudi,638361,,5809
638389,Kaluvangadu,638389,,5809
638391,Karppaganatherkulam,638391,,5809
638323,Katchanam,638323,,5809
638356,Kattimedu,638356,,5809
638383,Keelanammankurichi,638383,,5809
638372,Keelaperumazhai,638372,,5809
638334,Keerakkalur,638334,,5809
638318,Keeralathur,638318,,5809
638368,Keezhapandi,638368,,5809
638346,Kokkalady,638346,,5809
638320,Komal,638320,,5809
638347,Korukkai,638347,,5809
638342,Kothamangalam,638342,,5809
638371,Kunnalur,638371,,5809
638344,Kunnur,638344,,5809
638332,Kurumbal,638332,,5809
638331,Manali,638331,,5809
638384,Mangal,638384,,5809
638353,Mangudi,638353,,5809
638352,Maruthavanam,638352,,5809
638370,Melamarathur,638370,,5809
638382,Melanammankurichi,638382,,5809
638375,Melaperumazhai,638375,,5809
638343,Mettupalayamm,638343,,5809
638381,Muthupet,638381,,5809
638394,Muthupet R.F.,638394,,5809
638355,Nedumbalam,638355,,5809
638341,Nunakkadu,638341,,5809
638362,Ovarur,638362,,5809
638329,Palayangudi,638329,,5809
638349,Pamani,638349,,5809
638339,Panaiyur,638339,,5809
638360,Pandi,638360,,5809
638359,Pichankottagam,638359,,5809
638373,Pinnathur,638373,,5809
638327,Poosalangudi,638327,,5809
638336,Rayanallur,638336,,5809
638393,Salt Swampmuthupet R.F.,638393,,5809
638366,Sanganthi,638366,,5809
638330,Sathangudi,638330,,5809
638357,Segal,638357,,5809
932296,சிங்களாந்தி,932296,,5809
932305,தெற்குகாடு,932305,,5809
638388,Thillaivilagam,638388,,5809
638338,Thiruppattur,638338,,5809
638319,Thiruthangur,638319,,5809
932302,திருத்துறைப்பூண்டி,932302,,5809
638333,Thiruvalanjuli,638333,,5809
638364,Tholi,638364,,5809
638390,Thondiyakkadu,638390,,5809
638385,Thuraikkadu,638385,,5809
638392,Thuraikkadu (RF),638392,,5809
638374,Udayamarthandapuram,638374,,5809
638378,Uppur,638378,,5809
638380,Vadakadu,638380,,5809
638365,Vadasanganthi,638365,,5809
638354,Vanganagar,638354,,5809
638387,Veeranvayal,638387,,5809
638345,Velur,638345,,5809
638335,Vilakkudi,638335,,5809
638376,Vilangadu,638376,,5809
638322,Vilathur,638322,,5809
638106,Adipuducheri,638106,,5806
638108,Adiyakkamangalam,638108,,5806
637988,Agarathirunallur,637988,,5806
638117,Alivalam,638117,,5806
637986,Ammaiyappan,637986,,5806
638093,Amoor,638093,,5806
637991,Anaivadapathi,637991,,5806
637969,Arasavanangadu,637969,,5806
638092,Cholanganallur,638092,,5806
637970,Deepangudi,637970,,5806
638008,Devarkandanallur,638008,,5806
637990,Elavangargudi,637990,,5806
637975,Engan,637975,,5806
638126,Kaduvangudi,638126,,5806
638107,Kallikudi,638107,,5806
638113,Kalyanamahadevi,638113,,5806
638121,Kalyanasundrapuram,638121,,5806
637968,Kappanamangalam,637968,,5806
638118,Karuppur,638118,,5806
637989,Kattur,637989,,5806
638100,Keelakavathugudi,638100,,5806
638114,Keelakoothangudi,638114,,5806
637971,Keerangudi,637971,,5806
932157,கிடாரங்கொண்டான்,932157,,5806
638006,Kulikkarai,638006,,5806
638129,Kunniyur,638129,,5806
638091,Kurumberi,638091,,5806
638123,Mangudi,638123,,5806
637974,Mannakkal,637974,,5806
638097,Nadappur,638097,,5806
638122,Naranamangalam,638122,,5806
637955,Neikkuppai,637955,,5806
638094,Odacheri,638094,,5806
638105,Palavanakkudi,638105,,5806
638095,Palayavalam,638095,,5806
638098,Pallivaramangalam,638098,,5806
638112,Perungudi,638112,,5806
638007,Peruntharakkudi,638007,,5806
638131,Pinnavasal,638131,,5806
638120,Puduppathur,638120,,5806
638134,Pudur,638134,,5806
637972,Pulavanallur,637972,,5806
638111,Pulivalam,638111,,5806
638125,Radhanallur,638125,,5806
638099,Ranagai,638099,,5806
638119,Semangalam,638119,,5806
637956,Semmangudi,637956,,5806
638096,Serugudi,638096,,5806
638109,Sundaravilagam,638109,,5806
638101,Thandalai,638101,,5806
638115,Thappalampuliyur I,638115,,5806
638116,Thappalanpuliyur II,638116,,5806
637987,Thirukkannamangai,637987,,5806
638127,Thiruneiper,638127,,5806
638104,Thiruvarur South Sethi,638104,,5806
932103,திருவாரூர் வடக்கு சேத்தி,932103,,5806
638090,Thiruvathivaimangalam,638090,,5806
638133,Thivukkaravasal,638133,,5806
638005,Thiyagarajapuram,638005,,5806
638130,Umamaheswarapuram,638130,,5806
637973,Vadakandam,637973,,5806
638124,Vadakarai,638124,,5806
638089,Vaipur,638089,,5806
638110,Venkateswarapuram,638110,,5806
638128,Veppathangudi,638128,,5806
638103,Vijayapuram,638103,,5806
638102,Vilamal,638102,,5806
638132,Vinjiyur,638132,,5806
637860,Adhichamangalam,637860,,5803
637905,Alangudi,637905,,5803
637887,Amaravathi,637887,,5803
637848,Annukkudi,637848,,5803
637915,Aravathur,637915,,5803
637916,Aravoor,637916,,5803
637895,Avalivanallur,637895,,5803
637868,Avichavadi,637868,,5803
637865,Avoor,637865,,5803
637858,Chandrasekarapuram,637858,,5803
637872,Eri,637872,,5803
637901,Erumaipadugai,637901,,5803
637856,Govindakudi,637856,,5803
637897,Haridwaramangalam,637897,,5803
637853,Inamkiliyur,637853,,5803
637875,Kalathur,637875,,5803
637884,Kandiyur,637884,,5803
637883,Keelavidayal,637883,,5803
637903,Kethanoor,637903,,5803
637854,Kiliyur,637854,,5803
637894,Kiliyur,637894,,5803
637914,Kottaiyur,637914,,5803
637870,Madhagaram,637870,,5803
637871,Maligaithidal,637871,,5803
637892,Manakkal,637892,,5803
637869,Manalur,637869,,5803
637910,Manickamangalam,637910,,5803
637889,Maruvathur,637889,,5803
637885,Mathur,637885,,5803
637882,Melavidayal,637882,,5803
637867,Moolalvancheri,637867,,5803
637893,Muniyur,637893,,5803
637863,Nallambur,637863,,5803
637851,Nallur,637851,,5803
637913,Narthangudi,637913,,5803
637898,Nemelikudi,637898,,5803
637899,Nemelikudi Padugai,637899,,5803
637878,Padagacheri,637878,,5803
637911,Pappakudi,637911,,5803
637917,Payathancheri,637917,,5803
637904,Perungudi,637904,,5803
637907,Poonaerrupu,637907,,5803
637902,Poonthottam,637902,,5803
637912,Pulavarnatham,637912,,5803
637888,Puliyakudi,637888,,5803
637906,Rajendranallur,637906,,5803
637861,Reghunathapuram,637861,,5803
637909,Regunathapuram,637909,,5803
637896,Regunathapuram,637896,,5803
637852,Renganathapuram,637852,,5803
637891,Sadayangal,637891,,5803
637850,Salabogam,637850,,5803
637908,Saranatham,637908,,5803
637879,Semmangudi,637879,,5803
637855,Singarampalayam,637855,,5803
637881,Sithanvalur,637881,,5803
637900,Thenkuvalaveli,637900,,5803
637877,Therkkupattam,637877,,5803
637886,Thiruvonamangalam,637886,,5803
637880,Tholuvur,637880,,5803
637849,Uthamadhanapuram,637849,,5803
637864,Uthukkadu,637864,,5803
637876,Vadakkupattam,637876,,5803
932146,வலங்கைமான்,932146,,5803
637857,Vaniyamgarambai,637857,,5803
637874,Veeramangalam,637874,,5803
637862,Veeranam,637862,,5803
637873,Velangudi,637873,,5803
637866,Velur,637866,,5803
637890,Vilathur,637890,,5803
637859,Virupatchipuram,637859,,5803
635938,Adikudi,635938,,5777
635934,Alambadi,635934,,5777
635908,Alambakkam,635908,,5777
635909,Alangudimahajanam,635909,,5777
635941,Angarai,635941,,5777
635948,Appadurai,635948,,5777
635961,Ariyur,635961,,5777
635946,Chinnavalakurichi,635946,,5777
635913,Edangimangalam,635913,,5777
635950,Esanakorai,635950,,5777
635878,Garudamangalam (North),635878,,5777
635879,Garudamangalam (South),635879,,5777
635956,Idaiyathumangalam,635956,,5777
932016,இடங்கிமங்கலம்,932016,,5777
635937,Jangamarajapuram,635937,,5777
635894,Kallagam,635894,,5777
932012,கல்லக்குடி,932012,,5777
635890,Kanakiliyanallur,635890,,5777
635898,Kannakudi,635898,,5777
635960,Keelanbil,635960,,5777
635926,Keelaperungavoor,635926,,5777
635893,Keelarasoor,635893,,5777
635918,கீரமங்கலம்,635918,,5777
635930,Komagudi,635930,,5777
932065,கூகூர்,932065,,5777
635957,Koonur,635957,,5777
635906,Kovandakurichi,635906,,5777
635902,Kumalur,635902,,5777
932023,எல்.அபிசேகபுரம்,932023,,5777
635923,Madakudi,635923,,5777
635900,Mahilambadi,635900,,5777
635884,Malvoy,635884,,5777
635939,Manakkal (East),635939,,5777
635940,Manakkal (West),635940,,5777
635959,Mangammalpuram,635959,,5777
635925,Marudhur,635925,,5777
635892,Melarasoor,635892,,5777
635936,Mettupatti,635936,,5777
635881,M. Kannanoor,635881,,5777
932061,மும்முடிசோழமங்களம்,932061,,5777
635895,Muthuvathur,635895,,5777
635927,Nagar,635927,,5777
635886,Nambukurichi,635886,,5777
635912,Nanjaisengandhi,635912,,5777
635932,Nathamangudi,635932,,5777
635875,Neikulam,635875,,5777
635919,Neikuppai (North),635919,,5777
635920,Neikuppai (South),635920,,5777
635943,Nerujalakudi,635943,,5777
635876,Oottathur,635876,,5777
635882,Orathur,635882,,5777
635942,Pamparamchutti,635942,,5777
635916,Pandaravadai,635916,,5777
635887,Periyakurukkai,635887,,5777
635914,Peruvalanallur (East),635914,,5777
635915,Peruvalanallur (West),635915,,5777
635889,Peruvalappur,635889,,5777
931996,பூவாளுர் (கிழக்கு),931996,,5777
932001,பூவாளுர் (மேற்கு),932001,,5777
635947,Pudukkudi,635947,,5777
635907,Pudurpalayam,635907,,5777
635901,Puduruthamanur,635901,,5777
932006,புள்ளம்பாடி (வடக்கு),932006,,5777
932003,புள்ளம்பாடி (தெற்கு),932003,,5777
635903,Punjaisengandhi,635903,,5777
635888,Reddimangudi,635888,,5777
635921,R.Valavanur,635921,,5777
635883,Sadurbagam,635883,,5777
635880,Saradamangalam,635880,,5777
635958,Sathamangalam,635958,,5777
635931,Sembarai,635931,,5777
635955,Seshasamudram,635955,,5777
635954,Sevendhinathapuram,635954,,5777
932020,சிறுதையூர்,932020,,5777
635885,Sirukalapur,635885,,5777
635945,Sirumarudhur,635945,,5777
635929,Sirumayangudi (East),635929,,5777
635928,Sirumayangudi (West),635928,,5777
635899,Thachankurichi,635899,,5777
635962,Thalakudi (CT),635962,,5777
635949,Therukuchattram,635949,,5777
635935,Thinniyam,635935,,5777
635877,Thiranipalayam,635877,,5777
635953,Thirumanamedu (East),635953,,5777
635952,Thirumanamedu (West),635952,,5777
635917,Thirumangalam,635917,,5777
931990,திருத்தவத்துறைகட்டளை,931990,,5777
635896,Thoppai,635896,,5777
635910,T.Kallikudi,635910,,5777
635951,T.Valavanoor,635951,,5777
635922,Uthamanambi,635922,,5777
635944,Valadi,635944,,5777
635897,Vandalaikudalur,635897,,5777
635891,Varaguppai,635891,,5777
635911,Vellanur,635911,,5777
635904,Venkatachalapuram (North),635904,,5777
635905,Venkatachalapuram (South),635905,,5777
635933,Viragalur,635933,,5777
635924,V.Thuraiyur,635924,,5777
635870,Alagiyamanavalam,635870,,5776
635847,Avaravelli,635847,,5776
635853,Ayikudi,635853,,5776
635852,Ayyampalayam,635852,,5776
635839,Edumalai,635839,,5776
635854,Irungalur,635854,,5776
635856,Kalpalayam,635856,,5776
635848,Kariyamanickam,635848,,5776
635864,Kariyamanickam (East),635864,,5776
635863,Kariyamanickam (West),635863,,5776
635865,Killiyanallur (North),635865,,5776
635866,Killiyanallur (South),635866,,5776
635846,Konalai,635846,,5776
635872,Koothur,635872,,5776
635869,Kovathakudi,635869,,5776
635873,Madavarperumalkovil,635873,,5776
933161,மண்ணச்சநல்லூர்,933161,,5776
933155,மேலசீதேவிமங்கலம்,933155,,5776
635867,Melpathu,635867,,5776
635840,Omandhur,635840,,5776
635843,Palaiyur,635843,,5776
635834,Perakambi,635834,,5776
635874,Pichandarkovil (CT),635874,,5776
635858,Poonampalayam,635858,,5776
635857,Rajampalayam,635857,,5776
635855,Samayapuram,635855,,5776
635835,Seedevimangalam (North),635835,,5776
635836,Seedevimangalam (South),635836,,5776
635837,Shanamangalam,635837,,5776
635845,Siruganur,635845,,5776
635841,Sirugudi,635841,,5776
635850,Siruppathur,635850,,5776
933145,ச.கண்ணனூர் (கிழக்கு),933145,,5776
933151,ச.கண்ணனூர் (மேற்கு),933151,,5776
635862,Solanganallur,635862,,5776
635849,Thathamangalam,635849,,5776
635859,Theerampalayam,635859,,5776
635860,Thiruppangali (North),635860,,5776
635861,Thiruppangali (South),635861,,5776
635844,Thiruppattur,635844,,5776
635851,Thiruvallarai,635851,,5776
635868,Thiruvasi,635868,,5776
933166,உளுந்தங்குடி,933166,,5776
635842,Valaiyur,635842,,5776
635838,Vazhaiyur,635838,,5776
635871,Vengangudi,635871,,5776
636059,Amayapuram,636059,,5781
636135,Amayapuram RF,636135,,5781
636042,Aniyappur,636042,,5781
636074,Athampatti,636074,,5781
636082,Ayanreddiapatti,636082,,5781
636069,Chettiapatti,636069,,5781
636047,Chettichatram,636047,,5781
636048,Chithanatham,636048,,5781
636063,Dhavalaveeranpatti,636063,,5781
636090,Elamanam,636090,,5781
636075,F.Keelaiyur,636075,,5781
636046,Inam Edayapatti,636046,,5781
636061,இனாம்கோவில்பட்டி,636061,,5781
636039,Inam Pudur,636039,,5781
932561,இனாம் ரெட்டியப்பட்டி,932561,,5781
636068,அயன்ரெட்டியப்பட்டி,636068,,5781
636053,Kalingapatti,636053,,5781
636052,Kannudayanpatti,636052,,5781
636092,Karuppur,636092,,5781
636144,Karuppur Reddiapatti RF,636144,,5781
636045,K.Periapatti North,636045,,5781
636049,K.Periapatti South,636049,,5781
636085,Kumaravadi,636085,,5781
636143,Kumarikatti Hills RF,636143,,5781
636054,Madampatti,636054,,5781
636138,Madanaveli Extension RF,636138,,5781
636070,மலையடிப்பட்டி,636070,,5781
636140,Manakadu RF,636140,,5781
636136,Mohavanur RF,636136,,5781
636044,மொண்டிப்பட்டி,636044,,5781
636084,Mookureddiapatti,636084,,5781
636064,முகவனூர் வடக்கு,636064,,5781
636065,முகவனூர் தெற்கு,636065,,5781
636086,Nadupatti,636086,,5781
636060,Nallampillai,636060,,5781
636139,Pakirikaradu RF,636139,,5781
636067,பழையகோட்டை,636067,,5781
636080,Pannapatti (East),636080,,5781
636081,Pannapatti (West),636081,,5781
636134,Poigaimalai RF,636134,,5781
636071,Poigaipatti,636071,,5781
636089,Ponnambalapatti,636089,,5781
636088,Pudukottai,636088,,5781
636087,Puduvadi,636087,,5781
636093,Puthanatham,636093,,5781
636145,Puthanatham RF,636145,,5781
636072,Sampatti,636072,,5781
636050,Samudram,636050,,5781
636051,Sathirapatti,636051,,5781
636055,Seegampatti,636055,,5781
636066,Sekkanam,636066,,5781
636137,Semmalai RF,636137,,5781
636141,Sengakaradu RF,636141,,5781
932570,செவலூர்,932570,,5781
636073,Sooliapatti,636073,,5781
636142,Sorbanam RF,636142,,5781
932581,தவளவீரன்பட்டி,932581,,5781
636043,Thoppampatti,636043,,5781
636056,Usilampatti,636056,,5781
636057,Vadagupatti,636057,,5781
636040,Vaiyamalaipalayam,636040,,5781
932585,வையமலைப்பாளையம்,932585,,5781
636083,Vaiyampatti,636083,,5781
636133,Veeramalai RF,636133,,5781
636041,Vellalapatti,636041,,5781
636058,Vengaikurichi,636058,,5781
636062,V.Periapatti,636062,,5781
636128,Akkiyampatti,636128,,5954
636129,Alagapuri,636129,,5954
636078,Amanakkampatti,636078,,5954
636116,Ammachtram,636116,,5954
636110,Ayamporuvai,636110,,5954
636099,Ayanpudupatti,636099,,5954
636117,Endapuli,636117,,5954
636127,Ikkaraikosakurichi,636127,,5954
636108,Kalingapatti East,636108,,5954
636109,Kalingapatti West,636109,,5954
636118,Kanjannaickanpatti,636118,,5954
636079,Kannivadugampatti,636079,,5954
636102,Kannukuli,636102,,5954
636091,Kannuthu,636091,,5954
636105,Kappakudi,636105,,5954
636125,Karaipatti,636125,,5954
636115,Karumalai,636115,,5954
636103,Kavinaripatti,636103,,5954
636106,Kodumbapatti,636106,,5954
636130,Lekkanayakanpatti,636130,,5954
636121,Marungapuri,636121,,5954
636114,Muthalvarpatti,636114,,5954
636124,Nallur,636124,,5954
636107,Pallakurichi,636107,,5954
636112,Paluvanji East,636112,,5954
636113,Paluvanji West,636113,,5954
636096,Pirampatti North,636096,,5954
636097,Pirampatti (South),636097,,5954
636104,Puthakudi,636104,,5954
636126,Sevalpatti,636126,,5954
636132,Sevandampatti,636132,,5954
636077,Thathanur,636077,,5954
636098,Thenur,636098,,5954
636131,Thethur,636131,,5954
636094,Thirunellipatti,636094,,5954
636076,Thottiapatti,636076,,5954
933905,துவரங்குறிச்சி,933905,,5954
636122,T.Idayapatti,636122,,5954
636100,Uthukuli,636100,,5954
636111,Valanadu,636111,,5954
636119,Velakurichi,636119,,5954
636095,Vellayakonepatti,636095,,5954
636101,Vembanur,636101,,5954
636120,Venkatanayakanpatti,636120,,5954
636123,Yagapuram,636123,,5954
635749,Amoor,635749,,5774
635700,Anjalam,635700,,5774
635703,Arachi,635703,,5774
635745,Ayyampalayam,635745,,5774
635702,Devanur,635702,,5774
635746,Evur,635746,,5774
635750,Gunaseelam,635750,,5774
635698,Jambumadai,635698,,5774
635722,ஜெயங்கொண்டான்,635722,,5774
635731,Kamatchipatti,635731,,5774
635714,Karattampatti,635714,,5774
635695,Kargudi,635695,,5774
635693,Karikali,635693,,5774
635737,Kattukulam,635737,,5774
635747,Kodunthurai,635747,,5774
635738,Komangalam,635738,,5774
635701,Konappampatti,635701,,5774
635697,Mahadevi,635697,,5774
635710,Mangalam,635710,,5774
635720,Manparai,635720,,5774
635709,Mavilipatti,635709,,5774
635735,Moovanur,635735,,5774
635741,Mooveli I,635741,,5774
933074,மோருப்பட்டி,933074,,5774
635730,M.Pudupatti East,635730,,5774
635729,M.Pudupatti West,635729,,5774
933041,முசிறி (கீழ்),933041,,5774
933048,முசிறி (மேல்),933048,,5774
635728,Muthampatti,635728,,5774
635739,Neiveli,635739,,5774
635705,Paithambarai,635705,,5774
635736,Peramangalam,635736,,5774
635723,Perur,635723,,5774
635692,Pillapalayam,635692,,5774
933067,பிள்ளாத்துரை,933067,,5774
635707,Poolancheri,635707,,5774
635719,Pulivalam,635719,,5774
635742,Savanthilingapuram,635742,,5774
635706,Serugudi,635706,,5774
635748,Sithambur,635748,,5774
635727,சிட்டிலறை,635727,,5774
635708,Soorampatti,635708,,5774
635721,Sukkampatti,635721,,5774
933062,தாத்தையங்கார்பேட்டை,933062,,5774
635732,தண்டலைபுத்தூர்,635732,,5774
635740,Thinnakonam,635740,,5774
635715,Thinnanur,635715,,5774
635712,Thiruthalaiyur,635712,,5774
635733,Thiruthiamalai,635733,,5774
635711,Thulayanatham,635711,,5774
635726,Thumbalam,635726,,5774
635713,Thuraiyur pudupatti,635713,,5774
635743,Umaiyalpuram,635743,,5774
635696,Urakkarai,635696,,5774
635694,Vadamalaipatti,635694,,5774
635704,Valaiyeduppu,635704,,5774
635699,Valasiramani,635699,,5774
635724,Valavandhi East,635724,,5774
635725,Valavandhi (West),635725,,5774
635744,Vellur,635744,,5774
635734,Vengaimandalam,635734,,5774
635991,Adavathur (East),635991,,5778
635990,Adavathur (West),635990,,5778
635973,Allur,635973,,5778
636003,Alundur,636003,,5778
636000,Ammapettai,636000,,5778
635966,Andanallur,635966,,5778
635998,அரியாவூர்,635998,,5778
933126,ஜம்புகேஸ்வரம்,933126,,5778
635971,Kadiyakurichy,635971,,5778
635976,Kambarasampettai,635976,,5778
635979,Kilikoodu,635979,,5778
635994,K.Kallikudy North,635994,,5778
635995,K.Kallikudy South,635995,,5778
635967,Kodiyalam,635967,,5778
636008,Kolakkattagudy,636008,,5778
933160,கொண்டயம்பேட்டை,933160,,5778
635986,Koppu North,635986,,5778
635987,Koppu South,635987,,5778
636005,Kottapattu,636005,,5778
636013,Kulathur (CT),636013,,5778
635968,Kulumani,635968,,5778
635982,Kumaravayalur,635982,,5778
635980,Malliampathu,635980,,5778
635983,Marudankakurichi,635983,,5778
636001,Mathur,636001,,5778
636006,Mekkudi,636006,,5778
635972,Mekkudy,635972,,5778
933144,மேலூர்,933144,,5778
636007,Mudikandam,636007,,5778
635985,Mullikarumbur,635985,,5778
635975,Mutharasanallur,635975,,5778
635992,Nachikurichy,635992,,5778
636012,Nagamangalam (CT),636012,,5778
635997,Navalurkottapattu,635997,,5778
636011,Olaiyur,636011,,5778
636004,Paganur,636004,,5778
635974,Palur,635974,,5778
635977,Paneyapuram,635977,,5778
635969,Periakaruppur,635969,,5778
635999,Periyanayakichatram,635999,,5778
635964,Perugamani,635964,,5778
635984,Perur,635984,,5778
635963,Pettavathalai,635963,,5778
635988,Podavur,635988,,5778
635989,Puliyur,635989,,5778
636002,Sethurapatti,636002,,5778
635993,Sholanganallur,635993,,5778
933134,சிறுகமணி (கிழக்கு),933134,,5778
933140,சிறுகமணி (மேற்கு),933140,,5778
635981,Somarasampettai,635981,,5778
635996,Thayanur,635996,,5778
933150,திம்மராயசமுத்திரம்,933150,,5778
636010,Thirumalaisamudram,636010,,5778
933162,திருவளர்ச்சோலை,933162,,5778
636009,Thorakkudy,636009,,5778
635970,Tiruchendurai,635970,,5778
635965,Tirupparaithurai,635965,,5778
934034,உக்கடை அரியமங்கலம்,934034,,5778
635978,உத்தமசேரி,635978,,5778
933154,வெள்ளித்திருமுத்தம்,933154,,5778
933071,அகரம்,933071,,5780
636020,Arasangudy,636020,,5780
636027,Asur,636027,,5780
636028,Elandapatti,636028,,5780
933079,எல்லகுடி,933079,,5780
636030,Gundur,636030,,5780
636032,Kandalur,636032,,5780
933090,கீழகல்கண்டார்கோட்டை,933090,,5780
636023,Kilakurichy,636023,,5780
636016,Kilamullakudy,636016,,5780
636021,Kiliyur,636021,,5780
933055,கூத்தப்பர்,933055,,5780
636035,Krishnasamudram (CT),636035,,5780
636029,கும்பகுடி வேலாயுதங்குடி,636029,,5780
636017,Kuvalakkudy,636017,,5780
636019,Natarajapuram,636019,,5780
636037,Navalpattu (CT),636037,,5780
636038,Palaganangudy (CT),636038,,5780
636015,Panayakurichy,636015,,5780
933084,பாப்பாக்குறிச்சி,933084,,5780
636022,Pathalapattai,636022,,5780
933049,பூலாங்குடி,933049,,5780
933035,செம்மங்குளம்,933035,,5780
636025,Sholamadevi,636025,,5780
636031,Sooriyur,636031,,5780
933039,தேனேரிப்பட்டி,933039,,5780
933066,திருவெறும்பூர்,933066,,5780
933043,துவாக்குடி,933043,,5780
636026,Tirunedunkulam,636026,,5780
636036,Valavandankottai (CT),636036,,5780
636018,Vengur,636018,,5780
635689,Alagarai,635689,,5773
635672,Appanallur,635672,,5773
635671,Arangoor,635671,,5773
635686,Arasalur,635686,,5773
635679,Chinnapallipalayam,635679,,5773
635669,Elurpatti,635669,,5773
635683,Kaduvetti,635683,,5773
635670,Kamalapuram,635670,,5773
635681,காட்டுப்புத்தூர் (கிழக்கு),635681,,5773
932280,காட்டுப்புத்தூர் (மேற்கு),932280,,5773
635665,Kidaram,635665,,5773
635673,Kolakudi,635673,,5773
635690,Manamedu,635690,,5773
635668,M.Kalathur,635668,,5773
635685,M.Puthur (Musiri),635685,,5773
635691,Mullipadi,635691,,5773
635666,Murungai,635666,,5773
635675,Nagayanallur,635675,,5773
635684,Natham,635684,,5773
635678,Periapallipalayam,635678,,5773
635676,Pidaramangalam,635676,,5773
635682,Seelaipillayarputhur,635682,,5773
932229,சித்தூர்,932229,,5773
635688,Srinivasanallur,635688,,5773
635680,Sriramasamudram,635680,,5773
635687,Thirunarayanapuram,635687,,5773
635674,Tholurpatti,635674,,5773
932234,தொட்டியம்,932234,,5773
635677,Unniyur,635677,,5773
635667,வாள்வேல்புதூர்,635667,,5773
635718,Abinimangalam,635718,,5775
635807,Adanur,635807,,5775
635791,Alagapuri,635791,,5775
635772,Alathudaiyanpatti,635772,,5775
635799,Ammapatti,635799,,5775
635828,Arasadiyavettu R.F,635828,,5775
933091,பாலகிருஷ்ணம்பட்டி (கிழக்கு),933091,,5775
933098,பாலகிருஷ்ணம்பட்டி (மேற்கு),933098,,5775
635802,Chokkanathapuram,635802,,5775
635774,எ.பாதர்பேட்டை,635774,,5775
635789,Eragudi North,635789,,5775
635788,Eragudi South,635788,,5775
635827,Kaliamman Koil Thittu RF,635827,,5775
635794,Kalingamudayanpatti,635794,,5775
933131,கல்லாத்துகோம்பை,933131,,5775
635787,Kamachipuram,635787,,5775
635819,Kanapadikannimar-sholai R.F,635819,,5775
635805,Kannanur,635805,,5775
635759,Karapudaiyampatti,635759,,5775
635821,Karrupankaduthittu R.F.,635821,,5775
635783,Keerambur,635783,,5775
635801,Kollapatti,635801,,5775
635782,Kombai,635782,,5775
635752,Koppamapuri,635752,,5775
635753,Koppampatti,635753,,5775
635785,Kottaiyur,635785,,5775
635766,Kottapalayam (East),635766,,5775
635767,Kottapalayam (West),635767,,5775
635716,Kottathur,635716,,5775
635832,Kurichimalai R.F.,635832,,5775
635817,Manmalai Extension R.F,635817,,5775
635823,Manmalai R.F.,635823,,5775
635779,Maruvathur,635779,,5775
635831,Melur R.F.,635831,,5775
635784,Murugur,635784,,5775
635798,Muthiampalayam,635798,,5775
635809,Naduvalur,635809,,5775
635797,Nagalapuram,635797,,5775
933931,நல்லமாத்திகோம்பை,933931,,5775
635775,Okkarai,635775,,5775
635761,Osarapalli,635761,,5775
635771,Pachaperumalpatti North,635771,,5775
635790,Pachaperumal patti South,635790,,5775
635808,Pagalavadi,635808,,5775
635833,Pagalavadi R.F.,635833,,5775
635830,Palamalai Extension R.F.,635830,,5775
635824,Palamalai R.F.,635824,,5775
635757,பசலிக்கோம்பை,635757,,5775
635769,பொங்கலாயகோம்பை,635769,,5775
635829,Poolambadi R.F.,635829,,5775
635804,Poonnusangampatti,635804,,5775
635768,Puliyansolaikombai,635768,,5775
635717,Puthanampatti,635717,,5775
635770,Rudrakshakombai,635770,,5775
635793,Senappanallur,635793,,5775
635755,Sengampatti kombai Bit I,635755,,5775
635756,Sengampatti kombai Bit II,635756,,5775
635781,Sengattupatti,635781,,5775
635810,Sengattupatti RF,635810,,5775
635816,Sengattupatti RF,635816,,5775
635822,Sengattur R.F.,635822,,5775
635776,Sikkathambur North,635776,,5775
635786,Sikkathambur South,635786,,5775
635800,Singalandapuram,635800,,5775
635777,சிறுநத்தம்,635777,,5775
635773,Sirunavalur,635773,,5775
635760,Sobanapuram,635760,,5775
635825,Solaiyur R.F.,635825,,5775
635820,Solamathi R.F,635820,,5775
635754,Sukkalampatti Kombai,635754,,5775
635751,Talugai,635751,,5775
635762,Thenparanadu,635762,,5775
635796,Thuraiyur,635796,,5775
635813,T.Kanapadi Encl R.F.,635813,,5775
635812,T.Kanapadi Encl R.F.,635812,,5775
635811,T.Kanapadi Extension R.F,635811,,5775
635778,T. Renganathapuram,635778,,5775
635765,Uppiliapuram South,635765,,5775
933118,உப்பிலியாபுரம் (வடக்கு),933118,,5775
635806,Vadakkuveli,635806,,5775
635758,Vairichettipalayam,635758,,5775
635818,Vairichettipalayam R.F.,635818,,5775
635826,Valaiyur R.F.,635826,,5775
635815,Valkaradu R.F..,635815,,5775
635763,Vannadu,635763,,5775
635803,Veeramachanpatti,635803,,5775
635780,Vengadathanur,635780,,5775
635764,Venkatachalapuram,635764,,5775
635795,Venkatesapuram,635795,,5775
635792,Visalakshiammal Samudram,635792,,5775
635814,V.Kanapadi R.F.,635814,,5775
931826,ஆலத்தூர்,931826,,6620
931828,அரியமங்கலம்,931828,,6620
931829,தேவதானம்,931829,,6620
931831,கொட்டப்பட்டு,931831,,6620
931832,கே.சாத்தனூர் (வடக்கு),931832,,6620
931833,கே.சாத்தனூர் (தெற்கு),931833,,6620
931834,செங்குளம்,931834,,6620
931836,தாராநல்லூர்,931836,,6620
931837,திருச்சி டவுண்,931837,,6620
931839,உக்கடை அரியமங்கலம்,931839,,6620
931843,வரகனேரி,931843,,6620
931848,சின்னவடவூர்,931848,,5779
931851,சிந்தாமணி,931851,,5779
931854,கோ.அபிஷேகபுரம்,931854,,5779
931937,நத்தர்ஷாபள்ளிவாசல்,931937,,5779
931855,பஞ்சப்பூர்,931855,,5779
931857,பாண்டமங்கலம்,931857,,5779
931859,பெரிய வடவூர்,931859,,5779
931860,பிராட்டியூர் (கிழக்கு),931860,,5779
931862,பிராட்டியூர் (மேற்கு),931862,,5779
931863,புத்தூர்,931863,,5779
931865,தாமலவாருபயம்,931865,,5779
931866,தென்னூர்,931866,,5779
931867,உய்யக்கொண்டான் திருமலை,931867,,5779
642966,Adaiya Karungulam,642966,,5878
932738,ஆலடியுா் பகுதி 1,932738,,5878
932742,ஆலடியுா் பகுதி 2,932742,,5878
932716,ஆழ்வாா்குறிச்சி பகுதி 1,932716,,5878
932720,ஆழ்வாா்குறிச்சி பகுதி 2,932720,,5878
642976,Ayansingampatti,642976,,5878
642961,Ayan Thiruvaleeswaram,642961,,5878
642964,Brahmadesam,642964,,5878
642967,Ekambarapuram,642967,,5878
932680,ஈசானமடம்,932680,,5878
932755,இடைகால் பகுதி 2,932755,,5878
642932,Idaikkal Part 1,642932,,5878
932715,கடையம் பெரும்பத்து பகுதி 2,932715,,5878
932706,கல்லிடைக்குறிச்சி வடக்கு,932706,,5878
932684,கீழ அம்பாசமுத்திரம்,932684,,5878
932686,கீழ்முகம்,932686,,5878
932806,கீழக்கடையம் பகுதி 2,932806,,5878
642968,Kodarangulam,642968,,5878
642990,Mampothai R.F.,642990,,5878
642955,Manar Mangalam,642955,,5878
642963,Mannarkovil,642963,,5878
932683,மேல அம்பாசமுத்திரம்,932683,,5878
932726,மேல ஆம்பா் பகுதி 2,932726,,5878
642959,Pallakkal,642959,,5878
642958,Panajadi,642958,,5878
642975,Pappankulam (South),642975,,5878
642957,Rengasamudram,642957,,5878
642956,Sattupattu,642956,,5878
642978,Singampatti Zamindar Part 1,642978,,5878
642988,Singampatti Zamindar Part 2,642988,,5878
932811,சிவந்திபுரம்,932811,,5878
642993,Sivanthipuram (CT),642993,,5878
932758,தெற்கு கல்லிடைக்குறிச்சி பகுதி 2,932758,,5878
642974,Therku Kallidaikurichi Part 1,642974,,5878
642989,Therku Viravanallur R.F.,642989,,5878
932703,திம்மராஐசமுத்திரம்,932703,,5878
932709,ஊா்காடு,932709,,5878
642965,Vagaikulam,642965,,5878
642977,Vairavikulam,642977,,5878
642969,Vellanguli,642969,,5878
932730,விக்கிரமசிங்கபுரம் பகுதி 1,932730,,5878
932734,விக்கிரமசிங்கபுரம் பகுதி 2,932734,,5878
642946,Arasankulam,642946,,6648
642954,Athalanallur,642954,,6648
932862,சேரன்கோவில்பத்து,932862,,6648
932865,சேரன்மகாதேவி,932865,,6648
932866,சொக்கலிங்கபுரம்,932866,,6648
642949,Giriyammalpuram,642949,,6648
932870,கோபாலசமுத்திரம்,932870,,6648
642952,Harikesavanallur,642952,,6648
642945,Iluppaikurichi,642945,,6648
642944,Kapaliparai,642944,,6648
642983,Karisalpatti,642983,,6648
932894,Karisulnthamangalam,932894,,6648
642931,Kasidharmam,642931,,6648
932895,Keelaseval,932895,,6648
932898,Kesavasamuthiram,932898,,6648
932901,Kolumadai,932901,,6648
642987,Kolundumadai R.F.,642987,,6648
642971,Kuniyur,642971,,6648
642979,Malaiyankulam,642979,,6648
642951,Manapaaranallur,642951,,6648
932903,Melaseval Part 1,932903,,6648
933445,Melaseval Part 2,933445,,6648
933447,Mukkudal,933447,,6648
933449,Nainarkulam,933449,,6648
933460,Omanallur,933460,,6648
642930,Pappakudi Part 1,642930,,6648
933467,Pappakudi Part 2,933467,,6648
933468,Pathamadai,933468,,6648
933469,Pirancheri,933469,,6648
642972,Pudukkudi,642972,,6648
642982,Pungadaiyankulam,642982,,6648
642943,Sengulam,642943,,6648
642950,Tentiruppavanam,642950,,6648
642947,Terku Ariyanayakipuram,642947,,6648
933470,Therkku Veeravanallur Part 2,933470,,6648
642980,Therku Karaikurichi,642980,,6648
642973,Therku Viravanallur Part 1,642973,,6648
933473,Thesamnickam,933473,,6648
933474,Thiruthu,933474,,6648
933475,Thiruviruthanpulli Part 2,933475,,6648
642981,Thiruviruttanpuli Part 1,642981,,6648
642953,Tiruppudaimarudur,642953,,6648
642948,Udaiyamartandapuram,642948,,6648
642984,Ulagankulam,642984,,6648
933476,Umayammalpurqm,933476,,6648
933477,Vadakku Ariyanayagipuram Part 2,933477,,6648
642929,Vadakku Ariyanayakipuram Part 1,642929,,6648
642970,Vadakku Karaikurichchi,642970,,6648
933478,Vadakku Veeravanallur Part 1,933478,,6648
933480,Vadakku Veeravanallur Part 2,933480,,6648
933481,Veetrirunthankulam,933481,,6648
642985,Venkatarengapuram,642985,,6648
642716,Achampatti,642716,,6647
642825,Alagiapandiapuram,642825,,6647
642829,Chittar Chatram,642829,,6647
642833,Ettankulam,642833,,6647
642834,Kalakudi,642834,,6647
642832,Kanarpatti,642832,,6647
642826,Kattarankulam,642826,,6647
642835,Kurichikulam,642835,,6647
642843,Madhavakurichi,642843,,6647
642837,Manur,642837,,6647
642842,Mavadi,642842,,6647
642723,Mela Ilandaikulam,642723,,6647
642719,Moovirunthali,642719,,6647
642841,Nanchankulam,642841,,6647
642715,Narikudi,642715,,6647
642838,Pallikkottai,642838,,6647
642831,Pillaiyarkulam,642831,,6647
642828,Pirancheri,642828,,6647
642850,Sethurayanpudur,642850,,6647
642827,Shezhilanallur,642827,,6647
642722,Sundankurichi,642722,,6647
642718,Thadiyampatti,642718,,6647
642839,Thalaiyuthu,642839,,6647
642840,Thenkulam,642840,,6647
642836,Therkupatti,642836,,6647
642721,Thevarkulam,642721,,6647
642849,Thulukkarpatti,642849,,6647
642823,Ukkirankottai,642823,,6647
642824,Vagaikulam,642824,,6647
642848,Vallankottai,642848,,6647
642720,Vanniconendal,642720,,6647
642717,Vellappaneri,642717,,6647
643038,Alangulam,643038,,5879
643001,Alwaneri,643001,,5879
643027,Ariyakulam,643027,,5879
643003,Chintamani,643003,,5879
643004,Deivanayagaperi,643004,,5879
643011,Devanallur,643011,,5879
933652,Eruvadi Part 1,933652,,5879
933653,Eruvadi Part 2,933653,,5879
643012,Idaiyankulam,643012,,5879
643049,Ilangulam,643049,,5879
643024,Ilayankulam,643024,,5879
643010,Inam Idaiyankulam,643010,,5879
643048,Iraippuvari,643048,,5879
643020,Kadamboduvalvu,643020,,5879
643029,Kadangulam Thirumalaipuram,643029,,5879
933638,Kalakadu Part 1,933638,,5879
933643,Kalakadu Part 2,933643,,5879
643052,Kalakadu(R.F),643052,,5879
643008,Kallikulam,643008,,5879
643034,Karankadu,643034,,5879
643006,Karanthaneri,643006,,5879
643015,Keela Karuvelankulam,643015,,5879
643009,Kilakaduvetti,643009,,5879
643028,Koonthakulam,643028,,5879
643018,Kovilammalpuram,643018,,5879
643045,Madam Alankulam,643045,,5879
643041,Malaiyadippudur,643041,,5879
643023,Marukalkurichi,643023,,5879
933633,Mazhiladi,933633,,5879
933630,Melaputhaneri,933630,,5879
642994,Melkarai,642994,,5879
643040,Melmalaiyaneri,643040,,5879
933645,Moolaikaraipatti Part 1,933645,,5879
933647,Moolaikaraipatti Part 2,933647,,5879
643030,Munnanjipatti,643030,,5879
933631,Nambipuram,933631,,5879
643043,Nambithalaivanpattayam,643043,,5879
933629,Nanguneri,933629,,5879
643016,Padalayarkulam,643016,,5879
643013,Padmaneri,643013,,5879
643035,Pambankulam,643035,,5879
643033,Pappankulam,643033,,5879
643002,Paruthipadi,643002,,5879
933636,Pathai Part 1,933636,,5879
933637,Pathai Part 2,933637,,5879
933627,Pazhankulam,933627,,5879
642998,Poolam Part 1,642998,,5879
933635,Poolam Part 2,933635,,5879
643044,Puliyoorkurichi,643044,,5879
643046,Rajakalmangalam Part 1,643046,,5879
933661,Rajakalmangalam Part 2,933661,,5879
643000,Sathangulam.A,643000,,5879
643017,Seevalaperi,643017,,5879
643026,Senbagaramanallur,643026,,5879
643042,Sengalakurichi,643042,,5879
643025,Singaneri,643025,,5879
642996,Singikulam (NEW),642996,,5879
642997,Singikulam (OLD),642997,,5879
643021,Soorangudi,643021,,5879
643007,Srivaramangaipuram,643007,,5879
642995,Tennirkulam,642995,,5879
643047,Thalapathi samuthiram Part 1,643047,,5879
933657,Thalapathisamuthiram Part 2,933657,,5879
643036,Therku Nanguneri,643036,,5879
933650,Thirugurunkudi Part 1,933650,,5879
933651,Thirukurungudi Part 2,933651,,5879
933634,Thiruvaranganeri,933634,,5879
642999,Thottakudi,642999,,5879
643019,Uchikulam,643019,,5879
643005,Unnankulam,643005,,5879
643014,Vadagarai,643014,,5879
933626,Vadamalai samuthiram,933626,,5879
643039,Vadukatchimathil,643039,,5879
643037,Veppangulam,643037,,5879
643022,Vilvarayankulam,643022,,5879
642913,Araikulam,642913,,5877
642900,Ariyakulam,642900,,5877
642894,Avanapperi,642894,,5877
642920,Gangainadarkulam,642920,,5877
642925,Itteri,642925,,5877
642887,Kansapuram,642887,,5877
933733,Karuppanthurai,933733,,5877
642892,Keelanatham,642892,,5877
642888,Keelapattam,642888,,5877
933727,Keelaveeraragavapuram,933727,,5877
642911,Kilathiruvengadanathapuram,642911,,5877
933730,Kokkatikulam,933730,,5877
642917,Kongandanparai,642917,,5877
642907,Krishnapuram,642907,,5877
933728,Kulavanigarpuram,933728,,5877
642908,Kunnathur,642908,,5877
642918,Kuravankulam,642918,,5877
642890,Manappadaividu,642890,,5877
642896,Maruthur,642896,,5877
933732,Melanatham,933732,,5877
933731,Melapalayam,933731,,5877
642891,Melapattam,642891,,5877
642902,Melaputhaneri,642902,,5877
642919,Melathidiyur,642919,,5877
642909,Melathiruvengadanathapuram,642909,,5877
642912,Munnirpallam,642912,,5877
642916,Muthur,642916,,5877
642915,Muthur Reddiarpatti,642915,,5877
933723,Nadukkamudaiyarkulam,933723,,5877
642899,Naduvakurichi,642899,,5877
642906,Nochikulam,642906,,5877
642893,Palayamchettikulam,642893,,5877
933735,Palayamkottai Part 1,933735,,5877
933736,Palayamkottai Part 2,933736,,5877
933737,Palayamkottai Part 3,933737,,5877
933722,Panayankulam,933722,,5877
642903,Paraikkulam,642903,,5877
642905,Parpakulam,642905,,5877
642923,Ponnakkukdi,642923,,5877
642924,Pudukkulam,642924,,5877
933719,Rajagopalapuram,933719,,5877
642914,Reddiarpatti,642914,,5877
642922,Sengulam,642922,,5877
642886,Sivalaperi,642886,,5877
933721,Sivanadiyaarkulam,933721,,5877
642926,Sivandipatti,642926,,5877
642910,Tharuvai,642910,,5877
642921,Thidiyur,642921,,5877
933724,Thimmarajapuram,933724,,5877
642889,Thirumalaikolunthupuram,642889,,5877
642895,Thiruthu,642895,,5877
933725,Thiruvannathapuram,933725,,5877
642898,Udayarkulam,642898,,5877
642904,Uthamapandiyankulam,642904,,5877
642897,Vagaikulam,642897,,5877
642901,Velankulam,642901,,5877
933726,Vellakoil,933726,,5877
933729,Vengaluneersamuthiram,933729,,5877
933720,Vijayaragavamudaliar Chatram,933720,,5877
933734,Vilagam,933734,,5877
643053,Achampadu,643053,,5880
643084,Adangarkulam,643084,,5880
643083,Alaganeri,643083,,5880
643054,Anaikulam,643054,,5880
643068,A.Tirumalapuram,643068,,5880
643087,Chettikulam,643087,,5880
643080,Dhanakkarkulam,643080,,5880
643078,Irukkandurai Part 1,643078,,5880
933612,Irukkanthurari Part 2,933612,,5880
643086,Karungulam,643086,,5880
643077,Kudankulam,643077,,5880
643065,Kumbikulam,643065,,5880
643092,Kuthankuzhi (CT),643092,,5880
643088,Levinjipuram,643088,,5880
933613,Panagudi Part 1,933613,,5880
933614,Panagudi Part 2,933614,,5880
643079,Parameswarapuram,643079,,5880
933606,Parivirisooriyan,933606,,5880
643085,Pazhavoor Part 1,643085,,5880
933611,Pazhavoor Part 2,933611,,5880
643081,Perungudi Part 1,643081,,5880
933616,Perungudi Part 2,933616,,5880
643071,Radhapuram,643071,,5880
643082,Sadayaneri,643082,,5880
643066,Samugarengapuram,643066,,5880
643067,Soundarapandiapuram,643067,,5880
643089,Terkukallikulam (CT),643089,,5880
933607,Thandaiyarkulam,933607,,5880
933608,Therkku Kallikulam,933608,,5880
933615,Therkku Vallioor Part 2,933615,,5880
643069,Therku Vallioor Part 1,643069,,5880
643073,Tiruvambalapuram,643073,,5880
643072,Udayathoor,643072,,5880
933609,Vadakku Vallioor Part 1,933609,,5880
933610,Vadakku Vallioor Part 2,933610,,5880
643090,Vaddakkankulam (CT),643090,,5880
643070,Veppilangulam Part 1,643070,,5880
933617,Veppilangulam Part 2,933617,,5880
643076,Vijayapathi,643076,,5880
642866,Abishekapatti,642866,,5876
642856,Alaganeri,642856,,5876
933750,Alaganeri Naranammalpuram,933750,,5876
642852,Alangaraperi,642852,,5876
933738,Ananthakrishnapuram,933738,,5876
933739,Arugankulam,933739,,5876
933745,Chathiramputhukulam,933745,,5876
642830,Gangaikondan Part 1,642830,,5876
933741,Gangaikondan Part 2,933741,,5876
642860,Kalkurichi,642860,,5876
933760,Kandiyaperi Part 1,933760,,5876
933761,Kandiyaperi Part 2,933761,,5876
933746,Karai iruppu,933746,,5876
642882,Karungadu,642882,,5876
642846,Karuvanallur,642846,,5876
933757,Karuvelankulam,933757,,5876
642857,Kattalai Udayaneri,642857,,5876
642858,Kattampuli,642858,,5876
642878,Kodaganallur,642878,,5876
642880,Kondanagaram,642880,,5876
642854,Kuppakurichi,642854,,5876
933748,Manimoortheeswaram,933748,,5876
642864,Mehamudayarkulam,642864,,5876
642877,Melakallur,642877,,5876
933754,Melaveeraragavapuram,933754,,5876
933743,Naranammalpuram Part 1,933743,,5876
933742,Naranammalpuram Part 2,933742,,5876
642883,Narasinganallur,642883,,5876
642851,Palamadai,642851,,5876
642879,Palavoor,642879,,5876
642853,Pathinalamperi,642853,,5876
642884,Pettai Part 1,642884,,5876
933740,Pettai Part 2,933740,,5876
933758,Pillaiyankattalai,933758,,5876
933749,Pirayankulam,933749,,5876
642845,Pudur,642845,,5876
642861,Rajavallipuram,642861,,5876
642865,Ramalinganeri,642865,,5876
642863,Ramayanpatti,642863,,5876
933755,Samugarengayankattalai,933755,,5876
642876,Sanganhiradu,642876,,5876
642847,Seethaparpanallur,642847,,5876
933747,Senthimangalam,933747,,5876
933753,Sindupoonthurai,933753,,5876
642867,Sirukkankurichi,642867,,5876
642855,Sivagurunathanthiruthu,642855,,5876
642870,Sivaniyarkulam,642870,,5876
642881,Suttamalli,642881,,5876
933751,Thatchanallur,933751,,5876
642885,Thenpathu,642885,,5876
642873,Thiruppani Karisalkulam,642873,,5876
642871,Thiruppani Nellaiyapuram,642871,,5876
642874,Thuvarasi,642874,,5876
933752,Tirunelveli,933752,,5876
642872,Tulukkarkulam,642872,,5876
642859,Udayaneri,642859,,5876
642844,Uganthanpatti,642844,,5876
642875,Vaduganpatti,642875,,5876
933756,Vagaikulam M,933756,,5876
642869,Velarkulam,642869,,5876
642862,Veppankulam,642862,,5876
642868,Vettuvankulam,642868,,5876
643059,Appuvilai,643059,,6649
643051,Ittamozhi,643051,,6649
643055,Kannanallur,643055,,6649
643074,Karaichuthupudur,643074,,6649
643075,Karaichuthuvari (Part),643075,,6649
643064,Kasthurirangapuram Part 1,643064,,6649
932435,கஸ்தூாிரெங்கபுரம் பகுதி 2,932435,,6649
643057,Kottaikarungulam Part 1,643057,,6649
932439,கோட்டைக்கருங்குளம் பகுதி 2,932439,,6649
643056,Kovankulam,643056,,6649
643058,Kumarapuram,643058,,6649
643061,Kuttam,643061,,6649
643062,Muthumuthamozhi,643062,,6649
643091,Overi (CT),643091,,6649
643032,Ramakrishnapuram,643032,,6649
643031,Sadayaneri(Venkatarayapuram),643031,,6649
643060,Tisayanvilai,643060,,6649
643063,Urumankulam,643063,,6649
643050,Vijayanarayanam Part 1,643050,,6649
932406,விஐயநாராயணம் பகுதி 2,932406,,6649
932413,விஐயநாராயணம் பகுதி 3,932413,,6649
932430,விஐயநாராயணம் பகுதி 4,932430,,6649
631009,Aiyathambattu,631009,,5719
631029,Alankuppam,631029,,5719
934002,Ambur,934002,,5719
631051,Ambur Durg R.F,631051,,5719
631057,Ambur fuel R.F.,631057,,5719
631054,Ambur Plantation R.F,631054,,5719
631046,Ambur R.F.,631046,,5719
631048,Ambur R.F.,631048,,5719
631045,Ambur R.F.,631045,,5719
631056,Ambur R.F.,631056,,5719
631049,Ambur R.F.,631049,,5719
631055,Ambur R.F.(Portion of),631055,,5719
630990,Bairapalli,630990,,5719
631041,Bapanapalli,631041,,5719
631008,Bavaravuthampattadai,631008,,5719
630306,Charakkal,630306,,5719
631061,Charakkal R.F (Portion of),631061,,5719
631042,Chengilikuppam,631042,,5719
631037,Chinnapallikuppam,631037,,5719
631010,Chinnavarikam,631010,,5719
631017,Devalapuram,631017,,5719
631038,Eachampattu,631038,,5719
934004,Kailasagiri,934004,,5719
630888,Kailasagiri (R.F.),630888,,5719
631023,Kammakrishnapalli,631023,,5719
631031,kammiyambattu,631031,,5719
631030,kannadikuppam,631030,,5719
631013,Karapattu,631013,,5719
631053,Karapattu R.F.,631053,,5719
631016,Karumbur,631016,,5719
631014,Khadavalam,631014,,5719
630995,Kilmurungai,630995,,5719
630993,Komeswaram,630993,,5719
631006,Kommeswaram,631006,,5719
630997,Kulithigi,630997,,5719
631024,Kumaramangalam,631024,,5719
631018,Labbaimankuppam,631018,,5719
630999,Madanur,630999,,5719
631025,Malayambattu,631025,,5719
631027,Maniyarakuppam,631027,,5719
933997,Melkrishnapuram,933997,,5719
631036,Melshanankuppam,631036,,5719
631034,Minnur,631034,,5719
631011,Mittalam,631011,,5719
631032,Nacharkuppam,631032,,5719
933998,Naikaneri (Kamanurthttu),933998,,5719
933999,Naikaneri (Penankatteri),933999,,5719
630991,Nariambattu,630991,,5719
631020,Nayakaneri,631020,,5719
630357,Nayakkaneri Extention (R.F),630357,,5719
630347,Nayakkaneri R.F.,630347,,5719
631004,Palur,631004,,5719
934000,Pappanapalli,934000,,5719
631015,Parsanapalli,631015,,5719
631052,Peddur R.F,631052,,5719
631019,Periavarikam,631019,,5719
631021,Periyankuppam,631021,,5719
630327,Rajakkal,630327,,5719
631064,Sanankuppam R.F.,631064,,5719
631063,Sanankuppam R.F.,631063,,5719
631050,Sanan Kuppam R.F.,631050,,5719
630992,Sathambakkam,630992,,5719
934003,Senankuppam,934003,,5719
934001,Sengilikuppam,934001,,5719
631022,Solur,631022,,5719
631007,Somalapuram,631007,,5719
631026,Thennambattu,631026,,5719
631005,Thirumalaikuppam,631005,,5719
630998,Thottalam,630998,,5719
934005,Thuthipattu,934005,,5719
631066,Thuthipattu (CT),631066,,5719
631040,Vadacheri,631040,,5719
631035,Vadakarai,631035,,5719
630994,Vadapudupattu,630994,,5719
631028,Veerankuppam,631028,,5719
631043,Vellakkal,631043,,5719
631058,Vellakkal R.F.,631058,,5719
631059,Vellakuttai Extension R.F,631059,,5719
631060,Vellakuttai R.F,631060,,5719
631012,Vengatasamudram,631012,,5719
630996,Vengili,630996,,5719
631033,Vinnamangalam,631033,,5719
631090,Agraharam,631090,,5963
631091,Ammanankoil,631091,,5963
631072,Athurkuppam,631072,,5963
631084,Bynapalli,631084,,5963
631100,Chandrapuram,631100,,5963
631074,Chinnamottur,631074,,5963
631087,Gollankuttai,631087,,5963
933987,Gurupavanikunda,933987,,5963
631071,Katheri,631071,,5963
630949,Kethandapatty,630949,,5963
631146,Kothur R.F,631146,,5963
631073,Kudiyanakuppam,631073,,5963
630935,Kurumbavanigunta,630935,,5963
630948,Mallangunda,630948,,5963
630947,Mallankuppam,630947,,5963
631089,Mallapalli,631089,,5963
631092,Mookanur,631092,,5963
933984,Natrampalli,933984,,5963
631069,Nayanaseruvu,631069,,5963
631083,Pachoor,631083,,5963
933986,Pandarapalli,933986,,5963
631088,Paniyandapalli,631088,,5963
630945,Peddakallupalli,630945,,5963
631099,Puthagaram,631099,,5963
631068,Sorakanatham,631068,,5963
630946,Thekkupattu,630946,,5963
631080,Thiriyalam,631080,,5963
631070,Thoppalagunda,631070,,5963
631085,Velakalnatham,631085,,5963
631081,Vettapattu,631081,,5963
631101,Virupatchipuram,631101,,5963
631093,Achamangalam,631093,,5720
631110,Adiyur,631110,,5720
631119,A.K.Mottur,631119,,5720
630957,Andiyappanur,630957,,5720
631129,Avalnayakkanpatti,631129,,5720
631106,Badanavadi,631106,,5720
631082,Bandarapalli,631082,,5720
631118,Bommikuppam,631118,,5720
933963,Chakkarakuppam,933963,,5720
631104,Chinnakandili,631104,,5720
631126,Chinnakannalapatti,631126,,5720
631140,Chinnarampatti,631140,,5720
933965,Chokkanampatti,933965,,5720
631158,Damalerimuthur (CT),631158,,5720
631076,Elagiri Hills,631076,,5720
631078,Elagiri Village,631078,,5720
631123,Elavampatti,631123,,5720
631128,Errampatti,631128,,5720
631137,Ganganayakanpatti,631137,,5720
631155,Govindapuram R.F,631155,,5720
631105,Gummidigampatti,631105,,5720
631153,Inner Javudu R.F,631153,,5720
630958,Irunapattu,630958,,5720
933969,Jolarpet,933969,,5720
631147,Jolarpettai R.F.,631147,,5720
631114,Kadirampatti,631114,,5720
631098,Kadirimangalam,631098,,5720
631138,Kakangarai,631138,,5720
631103,Kandili,631103,,5720
631134,Karungalipatti,631134,,5720
631163,Kasinayagampatti (CT),631163,,5720
631109,Kasinayakampatti (Part),631109,,5720
631079,Katteri,631079,,5720
631113,Konerikuppam,631113,,5720
631122,Koratti,631122,,5720
631130,Krishnapuram,631130,,5720
631115,Kudappattu,631115,,5720
631125,Kunichi,631125,,5720
630960,Kurisilapattu,630960,,5720
631143,Kurumberi,631143,,5720
631108,Lakkinayakkampatti,631108,,5720
631096,Madapalli,631096,,5720
631154,Mambakkam R.F,631154,,5720
631086,Mandalanayanagunda,631086,,5720
631075,Mandalavadi,631075,,5720
631148,Mangalam R.F.,631148,,5720
630952,Marimanikuppam,630952,,5720
631120,Matrapalli,631120,,5720
631124,Molagarampatti,631124,,5720
630953,Nacharkuppam,630953,,5720
631151,Nagalathu Extension R.F.,631151,,5720
631150,Nagalathu R.F.,631150,,5720
631152,Nandibenda R.F.,631152,,5720
631135,Naravindampatti,631135,,5720
631107,Nariyaneri,631107,,5720
631133,Natham,631133,,5720
631145,Nellivasalnadu,631145,,5720
631121,Odayamuthur,631121,,5720
933971,Pachal,933971,,5720
631159,Pachchal (CT),631159,,5720
631097,Pachchal (Part),631097,,5720
631094,Palnankuppam,631094,,5720
631141,Perampattu,631141,,5720
631160,Periagaram (CT),631160,,5720
933972,Periyagaram,933972,,5720
631127,Periyakannalapatti,631127,,5720
630959,Perumapattu,630959,,5720
631077,Ponneri,631077,,5720
630954,Poongulam,630954,,5720
631132,Pudupatti,631132,,5720
631117,Pudurnadu,631117,,5720
631116,Pungampattunadu,631116,,5720
631111,Rachamangalam,631111,,5720
631139,Sevvathur,631139,,5720
631144,Simmanapudur,631144,,5720
631136,Sokkalampatti,631136,,5720
933974,S.Pallipattu,933974,,5720
631131,Sundarampalli,631131,,5720
631162,SuPallipattu (CT),631162,,5720
933970,Thamaleperimuthur,933970,,5720
631095,Thathavalli,631095,,5720
631102,Thokkiyam,631102,,5720
933967,Tiruppattur Town,933967,,5720
933968,Tiruppattur Village,933968,,5720
934020,Udayamuthur,934020,,5720
631112,Vengalapuram,631112,,5720
631142,Vishamangalam,631142,,5720
933894,Alangayam,933894,,5718
630963,Alangayam R.F,630963,,5718
630930,Alasandapuram,630930,,5718
630940,Ambalur,630940,,5718
933890,Amburpettai,933890,,5718
630967,Andiyappanur (R.F),630967,,5718
630956,Bheemakulam,630956,,5718
630926,Chiknankuppam,630926,,5718
630944,Chinnaveppambattu,630944,,5718
630917,Chinthagambenta,630917,,5718
933896,Devasthanam,933896,,5718
630970,Devasthanam (CT),630970,,5718
630915,Elayanagaram,630915,,5718
630924,Girisamudram,630924,,5718
630939,Godugamanipattadai,630939,,5718
631039,Gollakuppam,631039,,5718
630942,Govindapuram,630942,,5718
630968,Jaffrabad (CT),630968,,5718
630933,Javadhiramasamudram,630933,,5718
630941,Kalendira,630941,,5718
630965,Kalrapatti R.F,630965,,5718
630938,Kavukkapattu,630938,,5718
630934,Kollapalli,630934,,5718
630923,Kothakottai,630923,,5718
630961,Madakadappa R.F,630961,,5718
630919,Madanancheri,630919,,5718
630955,Naickanoor,630955,,5718
630951,Narasingapuram,630951,,5718
630964,Narasingapuram R.F,630964,,5718
630932,Narayanapuram,630932,,5718
630920,Nekkanamalai,630920,,5718
630921,Nimmiyambattu,630921,,5718
933895,Peddur,933895,,5718
630962,Peddur R.F (Portion of),630962,,5718
630966,Poongulam R.F,630966,,5718
630928,Pullur,630928,,5718
630936,Ramanaickenpettai,630936,,5718
630950,Reddiyur,630950,,5718
630929,Simugampattu,630929,,5718
630927,Thimmampettai,630927,,5718
630918,Thumberi,630918,,5718
933893,Udayendram,933893,,5718
630937,Vadakkupattu,630937,,5718
933897,Valayambattu,933897,,5718
630969,Valayambattu (CT),630969,,5718
630943,Vallipattu,630943,,5718
630925,Vaniyambadi (Part),630925,,5718
933891,Vaniyambadi Urban,933891,,5718
933892,Vaniyambadi Village,933892,,5718
630916,Velathigamanibenta,630916,,5718
630922,Vellakuttai,630922,,5718
630931,Venkatarajapuram,630931,,5718
644738,Alathur,644738,,5903
931950,AVINASHI,931950,,5903
644755,Ayyampalayam,644755,,5903
644770,Ettiveerampalayam,644770,,5903
644771,Kalipalayam,644771,,5903
644764,Kaniampundi,644764,,5903
644748,Kanur,644748,,5903
644760,Karavalur,644760,,5903
644752,Karumapalayam,644752,,5903
644757,Kuppandampalayam,644757,,5903
644740,Kuttagam,644740,,5903
644739,Mangarasavalayapalayam,644739,,5903
644767,Merkupathi,644767,,5903
644750,Muriandampalayam,644750,,5903
644753,Naduvacheri,644753,,5903
644759,Nambiampalayam,644759,,5903
644774,Palangarai (CT),644774,,5903
644745,Papankulam,644745,,5903
644765,Pattampalayam,644765,,5903
644773,Perumanallur (CT),644773,,5903
644737,Pongalur,644737,,5903
644741,Pothampalayam,644741,,5903
644696,Pudupalayam,644696,,5903
644742,Pulipar,644742,,5903
644744,Punjaithamaraikulam,644744,,5903
931957,RAKKIYAMPALAYAM,931957,,5903
644749,Ramanathapuram,644749,,5903
644775,Sembianallur (CT),644775,,5903
644746,Sevur,644746,,5903
644758,Sinnaripalayam,644758,,5903
644766,Sokkanur,644766,,5903
644747,Thandukkarampalayam,644747,,5903
644743,Thathanur,644743,,5903
644762,Thekkalur,644762,,5903
644768,Thoravalur,644768,,5903
644756,Thulukkamuthur,644756,,5903
644761,Uppilipalayam,644761,,5903
644729,Vadugapalayam,644729,,5903
644769,Vallipuram,644769,,5903
644776,Velayudampalayam (CT),644776,,5903
644751,Vettuvapalayam,644751,,5903
931868,ALAMPALAYAM,931868,,5902
644693,Alangiyam,644693,,5902
644651,Arikkaranvalasu,644651,,5902
644675,Bellampatti,644675,,5902
644695,Bommanallur,644695,,5902
931870,CHELAMPALAYAM,931870,,5902
931871,CHINNAKKAMPALAYAM,931871,,5902
644653,Chinnamarudur,644653,,5902
644680,Chinnaputhur,644680,,5902
644682,Chitravathanpalayam,644682,,5902
644691,Dalavoipattinam,644691,,5902
644684,Dharapuram North,644684,,5902
644685,Dharapuram South,644685,,5902
644652,Edakkalpadi,644652,,5902
644644,Erasinampalayam,644644,,5902
644667,Ergampatti,644667,,5902
644665,Gathelrev,644665,,5902
644681,Govindapuram,644681,,5902
644635,Jothiampatti,644635,,5902
644656,Kalipalayam,644656,,5902
931873,KANGAYAMPALAYAM,931873,,5902
644661,Kannankoil,644661,,5902
931874,KANNIVADI,931874,,5902
644670,Kasilingapalayam,644670,,5902
644655,Kilangudal,644655,,5902
644634,Kokkampalayam,644634,,5902
931875,KOLATHUPALAYAM,931875,,5902
644686,Kolinjivadi,644686,,5902
644637,Kolumangali,644637,,5902
644654,Komarapalayam,644654,,5902
644694,Kongur,644694,,5902
931876,KUNDADAM,931876,,5902
644664,Madathupalayam,644664,,5902
644640,Mambadi,644640,,5902
644690,Manakadavu,644690,,5902
644668,Manurpalayam,644668,,5902
644676,Marudur,644676,,5902
644679,Molarapatti,644679,,5902
931877,MULANUR,931877,,5902
644642,Mulayampoondi,644642,,5902
644674,Munduvelampatti,644674,,5902
644671,Muthiampatti,644671,,5902
644688,Nallampalayam,644688,,5902
644669,Nandavanampalayam,644669,,5902
644648,Nanjaithalaiyur,644648,,5902
644683,Nanjiyampalayam,644683,,5902
644678,Naranapuram,644678,,5902
644658,Nathampalayam,644658,,5902
644673,Navanari,644673,,5902
644657,Peramium,644657,,5902
644672,Periyakumarapalayam,644672,,5902
644639,Ponganthurai,644639,,5902
644677,Ponnapuram,644677,,5902
644689,Ponnivadi,644689,,5902
644643,Puduppai,644643,,5902
644646,Punjaithalaiyur,644646,,5902
644659,Sankarandampalayam,644659,,5902
644647,Senathypathypalayam,644647,,5902
644638,Sirukinar,644638,,5902
644649,Sundakkampalayam,644649,,5902
644636,Surianallur,644636,,5902
644645,Thattaravaluvu,644645,,5902
644663,Thoppampatti,644663,,5902
644641,Thurambadi,644641,,5902
644692,Uthupalayam,644692,,5902
644660,Vadugapalayam,644660,,5902
644662,Varappalayam,644662,,5902
644650,Velampoondi,644650,,5902
644666,Velayudhampalayam,644666,,5902
931878,VELLAVAVIPUDUR,931878,,5902
644687,Verajimangalam,644687,,5902
644613,Alambadi,644613,,5901
644629,Aratholuvu,644629,,5901
931835,CHINNA MUTHUR,931835,,5901
644596,Ganapathipalayam,644596,,5901
644620,Kadaiyur,644620,,5901
644628,Kambiliampatti,644628,,5901
644617,Kangayampalayam,644617,,5901
931842,KANGEYAM,931842,,5901
644595,Kathanganni,644595,,5901
644614,Keeranur,644614,,5901
644605,Keetapalayam,644605,,5901
644632,Kurukkapalayam,644632,,5901
644627,Lakkumanaickenpatti,644627,,5901
644607,Mangalapatti,644607,,5901
644598,Maravapalayam,644598,,5901
644601,Marudurai,644601,,5901
644609,Mettupalayam,644609,,5901
644630,Mudalipalayam,644630,,5901
644603,Mullipuram,644603,,5901
931849,MUTHUR,931849,,5901
644600,Naalroad,644600,,5901
644602,Nathakadaiyur,644602,,5901
644633,Nelali,644633,,5901
644616,Padiyur,644616,,5901
644604,Palayakottai,644604,,5901
644612,Pappini,644612,,5901
644624,Patchapalayam,644624,,5901
644599,Peranjervali,644599,,5901
644606,Poomandanvalavu,644606,,5901
644610,Rasathivalavu,644610,,5901
644619,Sembandampalayam,644619,,5901
644626,Senapathipalayam,644626,,5901
644615,Sivanmalai,644615,,5901
644597,Thammareddipalayam,644597,,5901
931856,UDAIAM,931856,,5901
644625,Uthamapalayam,644625,,5901
644631,Uthiyur,644631,,5901
644618,Vadasinnaripalayam,644618,,5901
644611,Valliarachal,644611,,5901
644621,Vattamalai,644621,,5901
644623,Veeracholapuram,644623,,5901
644622,Veeranampalayam,644622,,5901
644608,Velampalayam,644608,,5901
931858,VELLAKOIL,931858,,5901
931918,AGRAHARAKANNADIPUTHUR,931918,,5907
644911,Jothampatti,644911,,5907
644912,Kadathur,644912,,5907
931920,KANIYUR,931920,,5907
644900,Karatholuvu,644900,,5907
644916,Kolumam,644916,,5907
931921,KOMARALINGAM EAST,931921,,5907
931922,KOMARALINGAM WEST,931922,,5907
644899,Metrathi,644899,,5907
644910,Myvadi,644910,,5907
644915,Pappankulam,644915,,5907
931923,SANKARAMANALLUR NORTH,931923,,5907
931924,SANKARAMANALLUR SOUTH,931924,,5907
931925,SARKARKANNADIPUTHUR,931925,,5907
644913,Sholamadevi,644913,,5907
644902,Thanthoni,644902,,5907
644901,Thungavi,644901,,5907
644914,Vedappatti,644914,,5907
644819,Anuppatti,644819,,5905
644818,Chittambalam,644818,,5905
644805,Elavanthi,644805,,5905
644812,Ganapathipalayam,644812,,5905
644814,Ichipatti,644814,,5905
644821,Karadibavi,644821,,5905
644826,Karaipudur (CT),644826,,5905
644820,Kasba Ayyampalayam,644820,,5905
644803,Kattur,644803,,5905
644806,Kethanur,644806,,5905
644825,K.Krishnapuram,644825,,5905
644815,Kodangipalayam,644815,,5905
644802,Madappur,644802,,5905
644823,Mallegoundenpalayam,644823,,5905
644827,Manickapuram (CT),644827,,5905
644811,Naranapuram,644811,,5905
644816,Panickkampatti,644816,,5905
644822,Paruvai,644822,,5905
644801,Pongalur,644801,,5905
644809,Poomalur,644809,,5905
644824,Puliampatti,644824,,5905
931827,SAMALAPURAM,931827,,5905
644828,Semmipalayam (CT),644828,,5905
644813,Sukkampalayam,644813,,5905
644817,Vadugapalayam,644817,,5905
644807,Vavipalayam,644807,,5905
644810,velampalayam,644810,,5905
644804,Velarasikallipalayam,644804,,5905
644808,Velarasivadamalaipalayam,644808,,5905
931830,CHETTIPALAYAM,931830,,5967
931838,NERUPPERICHAL,931838,,5967
644783,Peruntholuvu,644783,,5967
644780,Pongupalayam,644780,,5967
931844,THOTTIPALAYAM,931844,,5967
644784,Ugayanur,644784,,5967
931846,VELAMAPALAYAM,931846,,5967
644787,Alagumalai,644787,,5968
931808,ANDIPALAYAM,931808,,5968
931809,AZHAKUMALAI,931809,,5968
644797,Iduvai (CT),644797,,5968
644790,Kanakkampalayam (CT),644790,,5968
644788,Kandiankoil,644788,,5968
644795,Mangalam (CT),644795,,5968
644781,Mudalipalayam,644781,,5968
644798,Muruganpalayam (CT),644798,,5968
931813,MUTHANAMPALAYAM,931813,,5968
644799,Muthanampalayam (CT),644799,,5968
644782,Nachipalayam,644782,,5968
931815,NALLUR,931815,,5968
644786,North Avanashipalayam,644786,,5968
931817,PERUMTHOZHUVU,931817,,5968
644789,South Avanashipalayam,644789,,5968
644785,Thonguttipalayam,644785,,5968
931820,TIRUPPUR,931820,,5968
931821,UGAYANUR,931821,,5968
931822,VEERAPANDI,931822,,5968
644862,Alampalayam,644862,,5906
644884,Amandakadavu,644884,,5906
644841,ANDIGOUNDANUR 1,644841,,5906
931908,ANDIGOUNDANUR 2,931908,,5906
644892,Anikkadavu,644892,,5906
644833,Anthiyur,644833,,5906
644855,Arasur,644855,,5906
644888,Athukinathupatti,644888,,5906
644844,Bodipatti,644844,,5906
644859,Bogigoundendasarapatti,644859,,5906
644871,Chinnakumarapalayam,644871,,5906
644857,Chinnavalavadi,644857,,5906
644831,Chinnaveerampatti,644831,,5906
644865,Deepalapatti,644865,,5906
644850,Devanurpudur,644850,,5906
931902,DHALI,931902,,5906
644905,Dhoddampatti,644905,,5906
644860,Elayamuthur,644860,,5906
644852,Erisinampatti,644852,,5906
644832,Ganapathipalayam,644832,,5906
644890,Gudimangalam,644890,,5906
644861,Guruvappanaickanur,644861,,5906
644891,Iluppanagaram,644891,,5906
644868,Jallipatti,644868,,5906
644854,Jilobanaickampalayam,644854,,5906
644874,Kallapuram,644874,,5906
644880,Kanakkampalayam (CT),644880,,5906
644840,Kannamanaickanur,644840,,5906
644853,Kodingiam,644853,,5906
644889,Kondampatti,644889,,5906
644906,Kongalnagaram,644906,,5906
644882,Kosavampalayam,644882,,5906
644898,Kottamangalam,644898,,5906
644866,Krishnapuram,644866,,5906
644885,Kuppampalayam,644885,,5906
644843,Kuralkuttai,644843,,5906
644872,Kurichikottai,644872,,5906
644830,Kurunjeri,644830,,5906
644869,Lingamavoor,644869,,5906
644873,Manupatti,644873,,5906
644864,Modakkupatti,644864,,5906
644883,Moongiltholuvu,644883,,5906
644909,Mukkudu-Jallipatti,644909,,5906
644845,North Boothinatham,644845,,5906
644863,Pallapalayam,644863,,5906
644908,Pannaikinar,644908,,5906
644879,Periakottai (CT),644879,,5906
644837,Periapappanuthu,644837,,5906
644886,Periapatti,644886,,5906
644847,Periavalavadi,644847,,5906
644903,Ponneri,644903,,5906
644881,Poolankinar (CT),644881,,5906
644887,Poolavadi,644887,,5906
644907,Pudupalayam,644907,,5906
644904,Pukkulam,644904,,5906
644835,Pungamuthur,644835,,5906
644839,Ragalbavi,644839,,5906
644851,Ravanapuram,644851,,5906
644856,Reddipalayam,644856,,5906
644846,R. Velur,644846,,5906
644848,Sarkarpudur,644848,,5906
644834,Sellappampalayam,644834,,5906
644838,Sinnapappanuthu,644838,,5906
644896,Somavarapatti,644896,,5906
644858,Southboothinatham,644858,,5906
644849,Thinnapatti,644849,,5906
644842,Thumbalapatti,644842,,5906
644836,Udukkampalayam,644836,,5906
931907,UDUMALAIPETTAI,931907,,5906
644897,Vadugapalayam,644897,,5906
644893,Vagatholuvu,644893,,5906
644867,Valayapalayam,644867,,5906
644894,Veedampatti,644894,,5906
644829,Venasapatti,644829,,5906
644870,Venkitapuram,644870,,5906
644895,Virugalpatti,644895,,5906
644734,Agrahara Kathaganni,644734,,6616
644731,Agraharaperiapalayam,644731,,6616
644732,Anaipalayam,644732,,6616
644723,Attavanai Pallagoundanpalayam,644723,,6616
644777,Chengappalli (CT),644777,,6616
644711,Chinnagoundanvalasu,644711,,6616
644710,Edayapalayam,644710,,6616
644721,Erumakkarampalayam,644721,,6616
644704,Ganapathipalayam,644704,,6616
644735,Ichipalayam,644735,,6616
644709,Kammalakuttai,644709,,6616
644708,Karumanchirai,644708,,6616
644730,Kavandampalayam,644730,,6616
644720,Kavuthampalayam,644720,,6616
644699,Komaragoundanpalayam,644699,,6616
644722,Koonampatti,644722,,6616
931930,KUNNATHUR,931930,,6616
644700,Kurichi,644700,,6616
644697,Mettupalayam,644697,,6616
644778,Morattupalayam (CT),644778,,6616
644724,Mukasipallagoundanpalayam,644724,,6616
644716,Muthampalayam,644716,,6616
644725,Nadupatti,644725,,6616
644698,Nalligoundanpalayam,644698,,6616
644707,Navakkadu,644707,,6616
644701,Nettichipalayam,644701,,6616
644733,Pallavarayanpalayam,644733,,6616
931932,POOLANKULAM,931932,,6616
644763,Pudupalayam,644763,,6616
644727,Punjaithalavaipalayam,644727,,6616
931933,PUNJAI UTHUKULI,931933,,6616
644726,Puthur Pallapalayam,644726,,6616
931934,RACKIYAPALAYAM,931934,,6616
644728,Reddipalayam,644728,,6616
644719,Sengalipalayam,644719,,6616
644702,Setti Kuttai,644702,,6616
644705,Sinniampalayam,644705,,6616
644736,Sircar Kathaganni,644736,,6616
644779,Sircar Periapalayam (CT),644779,,6616
644714,Sundakkampalayam,644714,,6616
644717,Thenmugam Kangayapalayam,644717,,6616
644718,Vadamugam Kangayapalayam,644718,,6616
644754,Vadugapalayam,644754,,6616
644703,Valayapalayam,644703,,6616
644712,Vattalapathy,644712,,6616
644706,Velampalayam,644706,,6616
644772,Vellaravalli (CT),644772,,6616
644713,Velliampathy,644713,,6616
644715,Virumandampalayam,644715,,6616
631176,Adaiyapulam,631176,,5721
631187,Adanur,631187,,5721
631201,Agaram,631201,,5721
631177,Agrapalayam,631177,,5721
631203,Arayalam,631203,,5721
631178,Ariyapadi,631178,,5721
932651,Arni East,932651,,5721
932662,Arni West,932662,,5721
631167,Athimalaipattu,631167,,5721
631186,Irumbedu,631186,,5721
631183,Iyyampalayam,631183,,5721
631194,Kalpoondi,631194,,5721
631166,Kannamangalam,631166,,5721
631164,Kattukanallur,631164,,5721
631179,Kilnagar,631179,,5721
631165,Kolathur,631165,,5721
631184,Kunnathur,631184,,5721
631196,Kuppam,631196,,5721
631193,Mamandur,631193,,5721
631202,Marusoor,631202,,5721
631188,Mattathari,631188,,5721
631180,Melnagar,631180,,5721
631174,Meyyur,631174,,5721
631172,Morappanthangal,631172,,5721
631170,Mullandram,631170,,5721
631215,Mullipattu (CT),631215,,5721
631200,Nesal,631200,,5721
631191,Ogaiyur,631191,,5721
631214,Paiyur (CT),631214,,5721
631195,Palayam,631195,,5721
631190,Panaiyur,631190,,5721
631169,Poosimalaikuppam,631169,,5721
631204,Pulavanpadi,631204,,5721
631197,Pungampadi,631197,,5721
631171,Puthur,631171,,5721
631182,Puthur,631182,,5721
631189,Randam Korattur,631189,,5721
631185,Rattinamanagalam,631185,,5721
631213,Sathiyavijayanagaram (CT),631213,,5721
631192,Sathiyavijayanagaram (Part),631192,,5721
631205,Sennananadal,631205,,5721
631212,Sevur (CT),631212,,5721
631168,Sirumur,631168,,5721
631206,Thatchur,631206,,5721
631198,Vadugasathu,631198,,5721
631181,Vannankulam,631181,,5721
631199,Velapadi,631199,,5721
631173,Velleri,631173,,5721
631175,Vettiyantholuvam,631175,,5721
631207,Vinnamangalam,631207,,5721
631956,Agaram (se),631956,,5725
631866,Alaputhur,631866,,5725
631883,Alathur,631883,,5725
631904,Alliandal,631904,,5725
631924,Anandavadi,631924,,5725
631973,Anandavadi RF,631973,,5725
631894,Andanur,631894,,5725
631929,Andipatti,631929,,5725
631915,Annandal,631915,,5725
631868,Anwarabath,631868,,5725
631892,Arasanganni,631892,,5725
631934,Arattavadi,631934,,5725
631876,Aridharimangalam,631876,,5725
631935,Ariyakunjur,631935,,5725
631945,Aswanagasurunai,631945,,5725
631844,Bandirev,631844,,5725
631947,Beemanandal,631947,,5725
631906,C.Gengampattu,631906,,5725
932472,Chengam,932472,,5725
631890,Chennasamudram,631890,,5725
631964,Chennasamudram RF,631964,,5725
631943,Chinnakolapadi,631943,,5725
631882,C.Nammiyandal,631882,,5725
631961,Dhamaraikkadu RF,631961,,5725
631877,Dhamaraipakkam,631877,,5725
631950,Elangunni,631950,,5725
631881,Endal,631881,,5725
631918,Eraiyur,631918,,5725
631969,Eraiyurmalai RF,631969,,5725
631910,Gulalpadi,631910,,5725
631905,Japthikariyandal,631905,,5725
932446,Kakarasampalayam,932446,,5725
631952,Kalladavi,631952,,5725
631880,Kallarapadi,631880,,5725
631856,Kallathur,631856,,5725
631875,Kanji,631875,,5725
631942,Kannakurkkai,631942,,5725
631872,Karapattu,631872,,5725
631928,Karimalapadi,631928,,5725
631898,Kariyamangalam,631898,,5725
631955,Karungalipadipatti,631955,,5725
631925,Kattamaduvu,631925,,5725
631974,Kavuthimalai RF,631974,,5725
631889,Kayambattu,631889,,5725
631851,Kilaiyur,631851,,5725
631907,Kilpadur,631907,,5725
631874,Korattambattu,631874,,5725
631899,Kottakulam,631899,,5725
631861,Kuppanatham,631861,,5725
631951,Kurumapatti,631951,,5725
631962,Madanai RF,631962,,5725
631931,Manandipatti,631931,,5725
631953,Manikkal,631953,,5725
631897,Manmalai,631897,,5725
631879,Mashar,631879,,5725
631916,Melapunjai,631916,,5725
631893,Melchengam,631893,,5725
631967,Melchengam RF,631967,,5725
631919,Melmudiyanur,631919,,5725
631913,Melnachipattu,631913,,5725
631909,Melpadur,631909,,5725
631922,Melpallipattu,631922,,5725
631937,Melpennathur,631937,,5725
631895,Melpulidiyur,631895,,5725
631927,Melravandavadi,631927,,5725
631923,Melvanakkambadi,631923,,5725
631869,Munnuramangalam,631869,,5725
631965,Munnurmangalam RF,631965,,5725
631966,Munnurmangalam R.F.,631966,,5725
631900,Muthanur,631900,,5725
631959,Nallapathur RF,631959,,5725
631941,Nallur,631941,,5725
631885,Nandimangalam,631885,,5725
631926,Naradapattu,631926,,5725
631902,Narasinganallur,631902,,5725
631911,Nathavadi,631911,,5725
631878,Nayambadi,631878,,5725
631948,Neepathurai,631948,,5725
631884,Oravandavadi,631884,,5725
631940,Pachal,631940,,5725
631903,Padiagraharam,631903,,5725
631891,Pakkiripalayam,631891,,5725
631944,Paliapattu,631944,,5725
631886,Panaiolapadi,631886,,5725
631862,Paramanandal,631862,,5725
631963,Paramanandal RF,631963,,5725
631946,Periakolapadi,631946,,5725
631887,Perieri,631887,,5725
631957,Perumbakkam,631957,,5725
631896,Perumbattam,631896,,5725
631920,Pinjur,631920,,5725
631970,Pinjur RF,631970,,5725
631972,Pinjur RF,631972,,5725
631971,Pinjur RF,631971,,5725
631932,Porasapattu,631932,,5725
932462,Pudupalayam,932462,,5725
631865,Pudupattu,631865,,5725
631873,Pudupattu,631873,,5725
631870,Pudurchengam,631870,,5725
631954,Puliyampatti,631954,,5725
631867,Quilam,631867,,5725
631977,Ravandavadi RF,631977,,5725
631888,Se.Nachipattu,631888,,5725
631914,Senthamangalam,631914,,5725
631936,Se.Sorapanandal,631936,,5725
631968,Sorakolathur RF,631968,,5725
631930,Thambunaickenpatti,631930,,5725
631933,Thazhaiyuthu,631933,,5725
631863,Theethandapattu,631863,,5725
631960,Thenmalai Hills,631960,,5725
932467,Thokkavadi,932467,,5725
631901,Thorapadi,631901,,5725
932494,Thukkapatti,932494,,5725
631938,Uchimalaikuppam,631938,,5725
631976,Uchimalai RF,631976,,5725
631975,Uchimalai RF,631975,,5725
631871,Unnamalaipalayam,631871,,5725
631850,Urgoundanur,631850,,5725
631912,Vadamathur,631912,,5725
631864,Valayambattu,631864,,5725
631917,Vasudevanpattu,631917,,5725
631921,Vedankuppam,631921,,5725
631860,Veeranandal,631860,,5725
631949,Vellalampatti,631949,,5725
631939,Vinnavanur,631939,,5725
631908,Voividanthangal,631908,,5725
631540,Aliyur,631540,,6617
631490,Alliyandal,631490,,6617
631533,Anadimangalam,631533,,6617
631438,Anmarudai,631438,,6617
631726,Appedu,631726,,6617
631585,Arasampattu,631585,,6617
631776,Athurai,631776,,6617
631439,Avaniyapuram,631439,,6617
631479,Chandirambadi,631479,,6617
932475,Chetpet,932475,,6617
631780,Cheyyanandal,631780,,6617
631781,Chittathurai,631781,,6617
631216,Devikapuram (CT),631216,,6617
631779,Devimangalam,631779,,6617
631827,Edyankulathur,631827,,6617
631524,Endal,631524,,6617
631829,Gangasoodamani,631829,,6617
631485,Gengapuram,631485,,6617
631487,Imapuram,631487,,6617
631725,Indiravanam,631725,,6617
631581,Isakolathur,631581,,6617
631584,Jagannathapuram,631584,,6617
631587,Kadapanthangal (Then),631587,,6617
631539,Kalyanapuram,631539,,6617
932483,Kannanoor,932483,,6617
631480,Kattamangalam,631480,,6617
631729,Kolakkaravady,631729,,6617
631486,Kolappalur,631486,,6617
631538,Kolipuliyur,631538,,6617
631484,Konaiyur,631484,,6617
631534,Konamangalam,631534,,6617
631728,Kothandavady,631728,,6617
631582,Kottupakkam,631582,,6617
631825,Mansurabad,631825,,6617
631489,Marakkunam,631489,,6617
631828,Maruthuvambady,631828,,6617
631580,Matam,631580,,6617
631583,Melacheri,631583,,6617
631436,Melanur,631436,,6617
631537,Melathangal,631537,,6617
631723,Modanapalayam,631723,,6617
631589,Morakaniyanur,631589,,6617
631210,Murugamangalam,631210,,6617
631209,Murukkanandal,631209,,6617
631211,Nachapuram,631211,,6617
631593,Nalladisenai,631593,,6617
631531,Namathodu,631531,,6617
631778,Nambedu,631778,,6617
631592,Nandiyambadi (MEL),631592,,6617
631730,Narasingapuram,631730,,6617
631488,Narayanamangalam,631488,,6617
631482,Nariyambadi,631482,,6617
631586,Nedungunam,631586,,6617
631716,Ogur,631716,,6617
631721,Othalavady,631721,,6617
631588,Peranambakkam,631588,,6617
631782,Peranambakkam,631782,,6617
631535,Poondi (Mela),631535,,6617
631624,Poongunam,631624,,6617
631481,Sathamangalam (MEL),631481,,6617
631532,Semmambadi,631532,,6617
631826,Severapoondi,631826,,6617
631541,Solaiarugavur,631541,,6617
631440,Solavaram,631440,,6617
631437,Sudrakatteri,631437,,6617
631777,Thachambady,631777,,6617
631530,Thellarampattu,631530,,6617
631208,Thellur,631208,,6617
631724,Thumbur,631724,,6617
631727,Ulagampattu,631727,,6617
631623,Vayaloor,631623,,6617
631722,Veerasambanur,631722,,6617
631591,Veppambattu,631591,,6617
631590,Villivalam (MEL),631590,,6617
631483,Vinayagapuram,631483,,6617
631536,Visamangalam,631536,,6617
631387,Agatheripattu,631387,,5722
631335,Akkur,631335,,5722
631431,Alathur,631431,,5722
631430,Alathurai,631430,,5722
631361,Anakkavoor,631361,,5722
631362,Anappathur,631362,,5722
631395,Arasur,631395,,5722
631283,Arathrivelur,631283,,5722
631348,Arugavoor,631348,,5722
631322,Arumparuthi,631322,,5722
631364,Athi,631364,,5722
631400,Ayyavadi,631400,,5722
631319,Barathanthangal,631319,,5722
933393,Barithiburam,933393,,5722
631358,Cheyyatraivendran,631358,,5722
631394,Chithamur,631394,,5722
631421,Devanathur,631421,,5722
631326,Duli,631326,,5722
631434,Dusi (CT),631434,,5722
631426,Echur,631426,,5722
631334,Edaval,631334,,5722
631365,Elaneerkundram,631365,,5722
631323,Enathavadi,631323,,5722
631356,Eraiyur,631356,,5722
631372,Erumaivetti,631372,,5722
631391,Irungal,631391,,5722
631317,Jaderi,631317,,5722
631383,Kaduganur,631383,,5722
631309,Karanai,631309,,5722
631389,Kazhanipakkam,631389,,5722
631344,Kazhiyur,631344,,5722
631435,Kilpudupakkam (CT),631435,,5722
631382,Kizhapalanthai,631382,,5722
631357,Kizhathur,631357,,5722
631371,Kizhkolathur,631371,,5722
631360,Kizhmattai,631360,,5722
631366,Kizhneerkundrum,631366,,5722
631341,Kizhnethapakkam,631341,,5722
933387,Kodanagar,933387,,5722
631336,Koozhamandal,631336,,5722
631381,Korukkai,631381,,5722
631416,Korukkathur,631416,,5722
631424,Kottakoram,631424,,5722
631407,Kovilur,631407,,5722
631286,Kunnathur,631286,,5722
631307,Kunnavakkam,631307,,5722
631369,Kurumbur,631369,,5722
631333,Madipakkam,631333,,5722
631379,Madurai,631379,,5722
631306,Mahajanampakkam,631306,,5722
631411,Maligaipattu,631411,,5722
631312,Mangalam,631312,,5722
631314,Mariyanallur,631314,,5722
631409,Mel Kolathur,631409,,5722
631412,Melkovalavedu,631412,,5722
631399,Melma,631399,,5722
631385,Melmattai,631385,,5722
631384,Melnagarambedu,631384,,5722
631402,Melnarma,631402,,5722
631423,Mel Nemili,631423,,5722
631420,Melputhur,631420,,5722
631418,Mel Seeshamangalam,631418,,5722
631380,Mukkur,631380,,5722
631392,Mulagiripattu,631392,,5722
631417,Munugapattu,631417,,5722
631352,Murukathampoondi,631352,,5722
631406,Nallallam,631406,,5722
631370,Narmapallam,631370,,5722
631390,Naval,631390,,5722
631415,Navalpakkam,631415,,5722
631316,Nedumpirai,631316,,5722
631367,Nedungal,631367,,5722
631377,Nelvai,631377,,5722
631346,Paingkinar,631346,,5722
631429,Paiyur,631429,,5722
631311,Palli,631311,,5722
631310,Pandiyampakkam,631310,,5722
631325,Pappanthangal,631325,,5722
631378,Parasur,631378,,5722
631425,Pazhanjur,631425,,5722
631327,Periyakoil,631327,,5722
631374,Perumpalai,631374,,5722
631349,Perumpallam,631349,,5722
631315,Perumpandi,631315,,5722
631329,Perungalathur,631329,,5722
631422,Pillanthi,631422,,5722
631414,Pudukottai,631414,,5722
631345,Puliyarampakkam,631345,,5722
631279,Pulundai,631279,,5722
631396,Purisai,631396,,5722
631320,Ramakrishnapuram,631320,,5722
631408,Sengadu,631408,,5722
631324,Sengattankundil,631324,,5722
631354,Serampattu,631354,,5722
631321,Sirungattur,631321,,5722
631342,Siruveliyanallur,631342,,5722
631403,Soundariyapuram,631403,,5722
631350,Sundivakkam,631350,,5722
631278,Thalarapadi,631278,,5722
631433,Thandappanthangal R.F.,631433,,5722
631351,Thandarai,631351,,5722
631376,Thavasi,631376,,5722
631427,Thenelapakkam,631427,,5722
631397,Theneluppai,631397,,5722
631428,Thenkalpakkam,631428,,5722
631393,Thenmavanthal,631393,,5722
631318,Thenpoondipattu,631318,,5722
631373,Thenthandalam,631373,,5722
631368,Thethurai,631368,,5722
631419,Thirumani,631419,,5722
631405,Thirumpoondi,631405,,5722
933425,Thiruvathur,933425,,5722
631355,Thozhupedu,631355,,5722
631330,Thumbai,631330,,5722
631337,Ukkal,631337,,5722
631401,Vachanur,631401,,5722
631331,Vadaelapakkam,631331,,5722
631363,Vadalapiranthan,631363,,5722
631404,Vadanangur,631404,,5722
631332,Vadangampattu,631332,,5722
631313,Vadapoondipattu,631313,,5722
631347,Vadathandalam,631347,,5722
631410,Vadathinallur,631410,,5722
631353,Vadugapattu,631353,,5722
631388,Vakkadai,631388,,5722
631398,Veerampakkam,631398,,5722
631343,Veliyanallur,631343,,5722
631359,Vellai,631359,,5722
631413,Velleripattu,631413,,5722
631432,Vengodu,631432,,5722
631375,Villaripattu,631375,,5722
631386,Vinnamangalam,631386,,5722
631328,Vinnavadi,631328,,5722
631646,Amirdee,631646,,6631
631854,Athipattu,631854,,6631
631858,Chinnakilpattu,631858,,6631
631660,Eriyur,631660,,6631
631852,Erukambattu,631852,,6631
631745,Erumaiyanur,631745,,6631
631655,Kanamalai,631655,,6631
631859,Kilpattu,631859,,6631
631847,Kilthattiyapattu,631847,,6631
631661,Kizkanavayur,631661,,6631
631746,Kizthattiyapattu,631746,,6631
631677,Kovilur,631677,,6631
631675,Kuttakarai,631675,,6631
631657,Mandaparai,631657,,6631
631744,Melchippili,631744,,6631
631857,Melpattu,631857,,6631
631846,Melsilambadi,631846,,6631
631848,Melthattiyapattu,631848,,6631
631656,Nammiyampattu,631656,,6631
631647,Neepalampattu,631647,,6631
631853,Nellivoy,631853,,6631
631676,Odamangalam,631676,,6631
631845,Padapanjamarathur,631845,,6631
631958,Palamrathur RF,631958,,6631
631678,Pattarikadu,631678,,6631
631842,Pelamarathur,631842,,6631
631855,Perumuttam,631855,,6631
631659,Pudupattu,631659,,6631
631662,Puliyankuppam,631662,,6631
631849,Puliyur,631849,,6631
631674,Seengadu,631674,,6631
631673,Senbagathope,631673,,6631
631679,Thumbakkadu,631679,,6631
631843,Vannankuttai,631843,,6631
631658,Veerappanur,631658,,6631
631821,Alangaramangalam,631821,,5959
631786,Anaivady,631786,,5959
631818,Aniyalai,631818,,5959
631794,Arunagirimangalam,631794,,5959
631752,Athamangalam,631752,,5959
631803,Bannambut,631803,,5959
631750,Deverayanpalayam,631750,,5959
631808,Elathur,631808,,5959
631792,Ernamangalam,631792,,5959
631795,Gangalamahadevi,631795,,5959
631743,Gangavaram,631743,,5959
631820,Ginganallur,631820,,5959
631790,Kachirimangalam,631790,,5959
631801,Kadalady,631801,,5959
631812,Kalasapakkam,631812,,5959
631815,Kalur,631815,,5959
631817,Kampattu,631817,,5959
631751,Kanthapalayam,631751,,5959
631788,Kappalur,631788,,5959
631753,Kettavarampalayam,631753,,5959
631742,Kidampalayam,631742,,5959
631800,Kil palur,631800,,5959
631805,Kilpotharai,631805,,5959
631819,Ladavaram,631819,,5959
631802,Mathimangalam (Then),631802,,5959
631798,Mattavettu,631798,,5959
631755,Melarani,631755,,5959
631799,Mel palur,631799,,5959
631796,Nallanpillaipetral,631796,,5959
631822,Padagam,631822,,5959
631824,Padiyamputtu,631824,,5959
631807,Palan koil,631807,,5959
631813,Palliput (Then),631813,,5959
631816,Pathiyavady,631816,,5959
631811,Pillur,631811,,5959
631809,Piryambut,631809,,5959
631810,Poondi,631810,,5959
631749,Seenandal,631749,,5959
631823,Seettampattu,631823,,5959
631754,Sengaputheri,631754,,5959
631747,Sholankuppam (MEL),631747,,5959
631804,Sholavaram,631804,,5959
631793,Siruvallur,631793,,5959
631806,Thenagaram,631806,,5959
631748,Vadakarainammiyandal,631748,,5959
631789,Vanniyanur,631789,,5959
631797,Veeralur,631797,,5959
631791,Vilvarayanallur (Mel),631791,,5959
631814,Vinnuvampattu,631814,,5959
632218,Agaram,632218,,6630
632147,Andalur,632147,,6630
632221,Andampallam,632221,,6630
632247,Angunam,632247,,6630
632248,Annandal,632248,,6630
632213,Anukkumalai,632213,,6630
632141,Aranji,632141,,6630
632176,Arumbakkam,632176,,6630
632185,Avur,632185,,6630
632067,Bodhamangalam,632067,,6630
632191,Chellankuppam,632191,,6630
632182,Erpakkam,632182,,6630
632092,Erumpoondi,632092,,6630
632090,Ganalapadi,632090,,6630
632098,Ganapapuram,632098,,6630
632189,Gengapattu (NA),632189,,6630
632183,Gudalore (Z),632183,,6630
632188,Iluppanthangal,632188,,6630
632208,Isukalikatteri,632208,,6630
632115,Iyangunnam,632115,,6630
632144,Kadambai,632144,,6630
632156,Kalingaleri,632156,,6630
632142,Kalitheri,632142,,6630
632210,Kallanai,632210,,6630
632215,Kallayyee,632215,,6630
632118,Kalpoondi,632118,,6630
632150,Kaniyampoondi,632150,,6630
632116,Karampoondi,632116,,6630
632149,Karikilambadi,632149,,6630
632095,Kathalampattu,632095,,6630
632153,Kattumalaiyanur,632153,,6630
632154,Kattuvalanandal,632154,,6630
632099,Kazhikulam,632099,,6630
632094,Keekaloor,632094,,6630
632175,Keeranur,632175,,6630
632209,Kilkaripoor,632209,,6630
932009,Kilpennathur,932009,,6630
632152,Kolathur,632152,,6630
632179,Konalur,632179,,6630
632091,Kothantavadi,632091,,6630
632140,Kumarakudi,632140,,6630
632145,Kunnankuppam,632145,,6630
632257,Madurampattu,632257,,6630
632148,Manavaram,632148,,6630
632096,Mekalore,632096,,6630
632180,Nadalarganandal,632180,,6630
632121,Namiyandal (SO),632121,,6630
632219,Naraiyur,632219,,6630
632117,Nariyamangalam,632117,,6630
632178,Neikuppam,632178,,6630
632184,Neivanatham,632184,,6630
632212,Olaipaddi,632212,,6630
632220,Panniyur,632220,,6630
632214,Ponnimedu,632214,,6630
632187,Rajanthangal,632187,,6630
632146,Rayampettai,632146,,6630
632181,Sanipoondi,632181,,6630
632093,Sevarapoondi,632093,,6630
632190,Seyyaleri,632190,,6630
632143,Sirukothan,632143,,6630
632119,Sirunathur,632119,,6630
632120,Somaspadi,632120,,6630
632157,Sorappanandal,632157,,6630
632216,Sorathur,632216,,6630
632155,Su. Polakunam,632155,,6630
632207,Tandarai,632207,,6630
632100,Udappoondi,632100,,6630
632217,Vaippur,632217,,6630
632068,Vairaperiyankuppam,632068,,6630
632211,Vanniandal,632211,,6630
632114,Vatraputhur,632114,,6630
632186,Vayalur,632186,,6630
632097,Vazhuthalangunnam,632097,,6630
632069,Vedandavadi,632069,,6630
632151,Vedantham,632151,,6630
632177,Velanandal,632177,,6630
932035,Vettavalam,932035,,6630
631697,Alampoondy,631697,,5724
932409,Allinagar,932409,,5724
631668,Alliyabad,631668,,5724
631775,Alliyalamangalam,631775,,5724
631841,Alliyalamangalam R.F.,631841,,5724
631654,Ananthapuram,631654,,5724
631705,Ariyathur,631705,,5724
631733,Arumbalore,631733,,5724
631710,Athimoor,631710,,5724
631693,Athuvambady,631693,,5724
631757,Edapirai,631757,,5724
631740,Eluvambady,631740,,5724
631686,Enduvambady,631686,,5724
631768,Eruvattani,631768,,5724
631696,Ettivady,631696,,5724
631736,Eyakolathur,631736,,5724
631700,Gudalore,631700,,5724
631669,Illupakunam,631669,,5724
631649,Irumbili,631649,,5724
631741,Jadatharikuppam,631741,,5724
631704,Jambukonambut,631704,,5724
631671,Kachirannanthal,631671,,5724
631653,Kalasamudram,631653,,5724
631711,Kaliyam,631711,,5724
631651,Kalkuppam,631651,,5724
631648,Kalpattu,631648,,5724
631682,Kalvasal,631682,,5724
631761,Kangiyanoor,631761,,5724
631765,Karapoondy,631765,,5724
631717,Karikathur,631717,,5724
631834,Karnatagiri R.F.,631834,,5724
631685,Kasthambady,631685,,5724
631694,Kattipoondy,631694,,5724
631692,Kelur,631692,,5724
631836,Kelur R.F.,631836,,5724
631718,Kilkarikathur,631718,,5724
631688,Kilpattu,631688,,5724
631770,Kolavoor,631770,,5724
631772,Koralpakkam,631772,,5724
631714,Kunnathur,631714,,5724
631650,Kuppam,631650,,5724
631787,Kuruvimalai,631787,,5724
631703,Madavilagam,631703,,5724
631739,Mambattu,631739,,5724
631735,Mandakolathur,631735,,5724
631734,Manickavalli,631734,,5724
631769,Mattapirayur,631769,,5724
631831,Melaiyalam R.F.,631831,,5724
631731,Modaiyur,631731,,5724
631687,Mukkurambi,631687,,5724
631838,Mulakkadu R.F.,631838,,5724
631683,Munivanthangal,631683,,5724
631715,Murugapady,631715,,5724
631760,Nammiyandal (S),631760,,5724
631670,Naranamangalam,631670,,5724
631732,Odangaram,631732,,5724
631720,Ogur,631720,,5724
631698,Othiyanthangal,631698,,5724
631767,Otteri,631767,,5724
631663,Padavedu,631663,,5724
631759,Padiyambattu,631759,,5724
631695,Palvathuvendran,631695,,5724
631738,Pappampady,631738,,5724
631667,Parvathiagaram,631667,,5724
631840,Parvathiamalai R.F.,631840,,5724
631839,Pattarikadu R.F.,631839,,5724
631785,Pelasur,631785,,5724
631709,Perigaram,631709,,5724
631837,Periyamalai R.F.,631837,,5724
932418,Polur,932418,,5724
631708,Potharai,631708,,5724
631762,Pudupalayam,631762,,5724
631766,Pulivanandal,631766,,5724
631672,Pushpagiri,631672,,5724
631783,Randam,631783,,5724
631699,Rayankuppam,631699,,5724
631713,Renderipattu,631713,,5724
631702,Saduperi,631702,,5724
631701,Saduperipalayam,631701,,5724
631684,Sandavasal,631684,,5724
631835,Sandavasal Extn. R.F.,631835,,5724
631833,Sandavasal R.F.,631833,,5724
631764,Sanikkavady,631764,,5724
631774,semmiyamangalam,631774,,5724
631707,Sengunam,631707,,5724
631666,Setharamppattu,631666,,5724
631691,Sitteri,631691,,5724
631756,Somanathaputhur,631756,,5724
631773,Sothukinni,631773,,5724
631690,Thiappanandhal,631690,,5724
631664,Thulavapushpagiri,631664,,5724
631680,Thuvinjikuppam,631680,,5724
631712,Tindivanam,631712,,5724
631706,Tirumalai,631706,,5724
631758,Tirusoor,631758,,5724
631771,Tiruvattinandal,631771,,5724
631689,Vadamathimangalam,631689,,5724
631832,Vallimalai R.F.,631832,,5724
631719,Vambalure,631719,,5724
631763,Vasur,631763,,5724
631652,Vaziur,631652,,5724
631830,Veerappanur R.F.,631830,,5724
631665,Vellur,631665,,5724
631737,Venmani,631737,,5724
631681,Vilankuppam,631681,,5724
631784,Vilapakkam,631784,,5724
632011,Abbunaickenpalayam,632011,,5726
632023,Agarampallipattu,632023,,5726
632029,Akkarapatti,632029,,5726
632024,Allappanur,632024,,5726
632006,Athipadi,632006,,5726
632027,Beemarapatti,632027,,5726
632009,Bondai,632009,,5726
631999,Chinniyampettai,631999,,5726
632043,Chinniyampettai RF,632043,,5726
632040,Edakkal,632040,,5726
632013,Edathanur,632013,,5726
632008,Jambodai,632008,,5726
632019,Kambattu,632019,,5726
631984,Kanakkandal,631984,,5726
632045,Kannamadai RF (Portion),632045,,5726
631994,Keelamanjanoor,631994,,5726
631992,Keelravandavandi,631992,,5726
631988,Keelsinipakkam,631988,,5726
631990,Keelvanakkambadi,631990,,5726
632002,Kilpasar,632002,,5726
631979,Kolundampattu,631979,,5726
632036,Kottaiyur,632036,,5726
632038,Kunjalanatham,632038,,5726
632001,Malayanoorchakkadi,632001,,5726
632021,Maluvambattu,632021,,5726
631995,Melamanjanoor,631995,,5726
631978,Melkaripur,631978,,5726
632028,Melmalachi,632028,,5726
632005,Melmuthanur,632005,,5726
632003,Melpasar,632003,,5726
631987,Melsinipakkam,631987,,5726
632004,Mothakkal,632004,,5726
632010,Narayankuppam,632010,,5726
632047,Nattampalli RF,632047,,5726
631985,Nedungavadi,631985,,5726
631993,Olagalapadi,631993,,5726
632039,Perayampattu,632039,,5726
632037,Perunduraipattu,632037,,5726
632031,Perungolathur,632031,,5726
632048,Perungolathur RF,632048,,5726
632050,Ponnaiyur RF,632050,,5726
632007,Puduchekkadi,632007,,5726
632044,Pumalai RF,632044,,5726
632026,Puthurchekkadi,632026,,5726
631989,Radhapuram,631989,,5726
632041,Radhapuram RF,632041,,5726
632000,Reddiapalayam,632000,,5726
632025,Royandapuram,632025,,5726
632049,Royandapuram RF,632049,,5726
632046,Royandapuram RF,632046,,5726
632033,Sadakuppam,632033,,5726
631980,Sathanur,631980,,5726
631997,Se.Andapattu,631997,,5726
632017,Se.Gudalur,632017,,5726
632030,Semmanpatti,632030,,5726
632016,Serapattu,632016,,5726
631986,Sevanthangal,631986,,5726
631991,Thandarampatti,631991,,5726
631998,Thanipadi,631998,,5726
631983,Tharadapattu,631983,,5726
632022,Thenkarimbalur,632022,,5726
632014,Thenmudiyanur,632014,,5726
632012,Thiruvadathanur,632012,,5726
632032,Thondamanur,632032,,5726
632034,Unnamalaipalayam,632034,,5726
632015,Vakkilapattu,632015,,5726
632042,Valasamalai RF,632042,,5726
632035,Valavachanur,632035,,5726
632020,Vanapuram,632020,,5726
632018,Varagur,632018,,5726
631982,Veeranam,631982,,5726
631996,Velur T.,631996,,5726
631981,Veppurchekkadi,631981,,5726
632206,Abbupattu,632206,,5727
632129,Adaiyur,632129,,5727
632133,Adiannamalai,632133,,5727
632058,Agaramsibbandi,632058,,5727
632194,Alaganandal,632194,,5727
632238,Allikondapattu,632238,,5727
632164,Anaipirandan,632164,,5727
632076,Andapattu,632076,,5727
632127,Andapattu (V),632127,,5727
632260,Annamalai R.F.,632260,,5727
632224,Aradapattu,632224,,5727
632066,Arappakkam,632066,,5727
632199,Arasudaiyampattu,632199,,5727
632251,Aruddirapattu,632251,,5727
632239,Athipadi,632239,,5727
632265,Athipakkam R.F.,632265,,5727
632165,Athiyandel,632165,,5727
632132,Ayyan Palayam,632132,,5727
632236,Chinnakallapadi,632236,,5727
632138,Chinnakangiyanur,632138,,5727
632077,Devanampattu,632077,,5727
632131,Devanandal,632131,,5727
632253,Devanur,632253,,5727
632128,Drugiammiandal,632128,,5727
632107,Inam Kariyandal,632107,,5727
632256,Kadagaman,632256,,5727
632102,Kalasthambadi,632102,,5727
632250,Kalleri,632250,,5727
632243,Kallottu,632243,,5727
632065,Kamalaputhur,632065,,5727
632168,Kanadampoondi,632168,,5727
632241,Kandiyankuppam,632241,,5727
632193,Kannapandal,632193,,5727
632063,Karkonnam,632063,,5727
632082,Karunthuvambadi,632082,,5727
632225,Kattampoondi,632225,,5727
632080,Kattuputhur,632080,,5727
632166,Kaveriyampoondi,632166,,5727
632051,Kilathur,632051,,5727
632170,Kilchettipattu,632170,,5727
632125,Kiliapattu,632125,,5727
632197,Kilkachirapattu,632197,,5727
632137,Kilnachipattu (S.O.),632137,,5727
632162,Kilnakkarai,632162,,5727
632160,Kilnathur,632160,,5727
632081,Kolakkaravadi,632081,,5727
632204,Kolakkudi,632204,,5727
632262,Konnamadai R.F.,632262,,5727
632085,Koothala Vadi,632085,,5727
632134,Kosalai,632134,,5727
632064,Kovoor,632064,,5727
632122,Kunnandal,632122,,5727
632126,Kunnumuringi,632126,,5727
632087,Madalambadi,632087,,5727
632124,Malappambadi,632124,,5727
632062,Mallappa Nayakkam Palayam,632062,,5727
632083,Mallavadi,632083,,5727
632070,Mangalam,632070,,5727
632108,Maniyandal,632108,,5727
632200,Manjampundi,632200,,5727
632075,Maruthuvambadi,632075,,5727
632161,Melathikkan,632161,,5727
632169,Melchettipattu,632169,,5727
632198,Melkachirapattu,632198,,5727
632173,Melputtiyandal,632173,,5727
632052,Meppathurai,632052,,5727
632202,Meyyur,632202,,5727
632054,Mutharasampundi,632054,,5727
632203,Nachianandal,632203,,5727
632059,Naidumangalam,632059,,5727
632158,Nallanpillaipetral,632158,,5727
632171,Nallavanpalayam,632171,,5727
632101,Namiyandal,632101,,5727
632055,Narathampoondi,632055,,5727
632228,Nariyapattu,632228,,5727
632244,Navambattu,632244,,5727
632245,Nayarpattu,632245,,5727
632192,Nedupattu,632192,,5727
632056,Nellimedu,632056,,5727
632135,Nochimalai,632135,,5727
632088,Nookambadi,632088,,5727
632240,Palaiyanur,632240,,5727
632071,Palanandal,632071,,5727
632159,Pallikondapattu,632159,,5727
632123,Palliyampattu,632123,,5727
632254,Panaiyur,632254,,5727
632167,Pandithapattu,632167,,5727
632227,Parayampattu,632227,,5727
632226,Pavipattu,632226,,5727
632223,Pavithiram,632223,,5727
632232,Periyakallapadi,632232,,5727
632078,Periyakilambadi,632078,,5727
632252,Perumanam,632252,,5727
632106,Pichandal,632106,,5727
632263,Poornjimalai R.F.,632263,,5727
632255,Porikkal,632255,,5727
632060,Porkunnam,632060,,5727
632089,Randam,632089,,5727
632110,Sadayanodail,632110,,5727
632229,Sakkaratamadai,632229,,5727
632061,Salaiyanur,632061,,5727
632139,Sammandanur,632139,,5727
632163,Samudram,632163,,5727
632111,Sananandal,632111,,5727
632105,Seelappandal,632105,,5727
632172,Sevalpoondi,632172,,5727
632053,Sirukilambadi,632053,,5727
632073,Sorakolathur,632073,,5727
632259,Sorakolathur R.F.,632259,,5727
632084,Sorandal,632084,,5727
632205,Su.Andapttu,632205,,5727
632174,Su.Kilnachipattu,632174,,5727
632222,Su.Nallur,632222,,5727
632231,Su. Pappambadi,632231,,5727
632249,Su.Valavetti,632249,,5727
632230,Talayampallam,632230,,5727
632112,Tellanandal,632112,,5727
632237,Thachchampattu,632237,,5727
632264,Thachchampattu R.F.,632264,,5727
632196,Thenmathur,632196,,5727
632246,Thiruvanaimugam,632246,,5727
632233,Thiruvarangam Valavetti,632233,,5727
632103,Thurinjapuram,632103,,5727
632261,Tippakodu R.F.,632261,,5727
632234,Tirukalur Valavetti,632234,,5727
933420,Tiruvannamalai,933420,,5727
632195,Udayanandal,632195,,5727
632079,Udirampoondi,632079,,5727
632104,Usambadi,632104,,5727
632086,Vadakarimbalore,632086,,5727
632074,Vada Karingalippadi,632074,,5727
632057,Vada Pulithiur,632057,,5727
632242,Valaiyampakkam,632242,,5727
632113,Vallivagai,632113,,5727
632136,Vaniyanthangal,632136,,5727
632109,Velakkanandal,632109,,5727
632072,Velunganandal,632072,,5727
632130,Vengayavellore,632130,,5727
632266,Vengikkal (CT),632266,,5727
632235,Veraiyur,632235,,5727
632258,Viruvilanginan,632258,,5727
632201,Viswanthangal,632201,,5727
631618,Achamangalam,631618,,5723
631564,Adiyankuppam,631564,,5723
631563,Adiyanur,631563,,5723
631615,Agarakorakottai,631615,,5723
631506,Agaram,631506,,5723
631471,Alapirenthan (Then),631471,,5723
631561,Ammanambakkam,631561,,5723
631609,Amudur,631609,,5723
631442,Anaibogi,631442,,5723
631499,Arasur,631499,,5723
631579,Ariyampoondi,631579,,5723
631477,Ariyapadi,631477,,5723
631453,Ariyathur,631453,,5723
631637,Arunkunam,631637,,5723
631622,Arunthodu,631622,,5723
631551,Athipakkam,631551,,5723
631519,Avnavadi,631519,,5723
631444,Ayalavadi,631444,,5723
631562,Badur,631562,,5723
631645,Badur R.F.,631645,,5723
631504,Birudur,631504,,5723
631619,Chitharugavoor,631619,,5723
932465,Desur,932465,,5723
631518,Elangadu,631518,,5723
631571,Embalam,631571,,5723
631602,Eramalur,631602,,5723
631549,Eripattu,631549,,5723
631470,Erumbur,631470,,5723
631606,Eyipakkam,631606,,5723
631559,Garudapuram,631559,,5723
631621,Gengampoondi,631621,,5723
631613,Goodalur,631613,,5723
631616,Goonambadi,631616,,5723
631478,Injimedu,631478,,5723
631455,Irumbedu,631455,,5723
631634,Irumbili,631634,,5723
631547,Jammambattu,631547,,5723
631573,Japthikaranai,631573,,5723
631522,Kadambai,631522,,5723
631605,Kalpattu Nainankuppam,631605,,5723
631543,Kandavaratti,631543,,5723
631568,Kandiyanallur,631568,,5723
631450,Karam,631450,,5723
631468,Karanai,631468,,5723
631636,Katteri,631636,,5723
631604,Kavaniyathur,631604,,5723
631509,Kavedu,631509,,5723
631620,Kilankunam,631620,,5723
631630,Kilnamandi,631630,,5723
631457,Kilnarma,631457,,5723
631458,Kilpakkam,631458,,5723
631515,Kodanallur,631515,,5723
631612,Kodiyalam,631612,,5723
631508,Kodungalur (KIL),631508,,5723
631507,Kodungalur (MEL),631507,,5723
631460,Koilkuppam,631460,,5723
631544,Koothampattu,631544,,5723
631614,Koothavedu,631614,,5723
631631,Korakottai,631631,,5723
631451,Kosapattu,631451,,5723
631494,Kothandapuram,631494,,5723
631556,Kottai,631556,,5723
631456,Kovalai,631456,,5723
631445,Kovalaivedu (Kil),631445,,5723
631628,Kunnagampundi,631628,,5723
631491,Mahadevimangalam,631491,,5723
631626,Mahamai Thirumani,631626,,5723
631523,Malaiyur,631523,,5723
631513,Mamandur,631513,,5723
631500,Mambattu,631500,,5723
631512,Mangalam,631512,,5723
631505,Manganallur,631505,,5723
631525,Manickkamangalam,631525,,5723
631514,Marudhadu,631514,,5723
631638,Mavalavadi,631638,,5723
631554,Mazhavankaranai,631554,,5723
631600,Meesanallur,631600,,5723
631528,Melpalayam,631528,,5723
631497,Melpathi,631497,,5723
631492,Mosavadi,631492,,5723
631603,Mudur,631603,,5723
631467,Mummuni,631467,,5723
631548,Nadukuppam,631548,,5723
631546,Nalleri,631546,,5723
631601,Nallur,631601,,5723
631441,Nambedu,631441,,5723
631640,Nambedu R.F,631640,,5723
631552,Navalpakkam,631552,,5723
631644,Nedungunam R.F.,631644,,5723
631566,Nelliankulam,631566,,5723
631629,Nerkunam,631629,,5723
631565,Osur,631565,,5723
631452,Ozhapakkam,631452,,5723
631502,Padiri,631502,,5723
631610,Padur,631610,,5723
631635,Palaveri,631635,,5723
631617,Pancharai,631617,,5723
631598,Pappanallur,631598,,5723
631633,Pennattagaram,631633,,5723
932457,Peranamallur,932457,,5723
631578,Perunkadaputhur,631578,,5723
631545,Ponnur,631545,,5723
631642,Ponnur R.F.,631642,,5723
631448,Pulivoy,631448,,5723
631555,Punnai,631555,,5723
631575,Puthur (KIL),631575,,5723
631527,Ragunathasamudram,631527,,5723
631569,Ramasamudram,631569,,5723
631526,Reddikuppam,631526,,5723
631511,Salavedu,631511,,5723
631464,Salukkai,631464,,5723
631501,Sathamangalam (Kil),631501,,5723
631459,Sathanoor,631459,,5723
631577,Sathapoondi,631577,,5723
631639,Sathiyavadi,631639,,5723
631516,Sedarakuppam,631516,,5723
631558,Seeshamangalam (Kil),631558,,5723
631560,Seeyalam,631560,,5723
631595,Seeyamangalam,631595,,5723
631608,Sembedu (KIL),631608,,5723
631472,Sembedu (MEL),631472,,5723
631517,Sembur,631517,,5723
631632,Senal,631632,,5723
631503,Sennavaram,631503,,5723
631476,Septankulam,631476,,5723
631446,Settupattu,631446,,5723
631542,Singampoondi,631542,,5723
631550,Sirunavalpakkam,631550,,5723
631597,Sivanam,631597,,5723
631570,Sogathur,631570,,5723
631574,Soraputhur,631574,,5723
631567,Sri Rangarajapuram,631567,,5723
631493,Thadinolambai,631493,,5723
631498,Thakkandarayapuram,631498,,5723
631465,Thalampallam,631465,,5723
631529,Thavani,631529,,5723
631463,Thazhuthazhy,631463,,5723
631599,Thellar,631599,,5723
631447,Thellur,631447,,5723
631495,Thenkkarai,631495,,5723
631449,Thennangur,631449,,5723
631594,Thennathur,631594,,5723
631469,Thensenthamangalam,631469,,5723
631596,Thenthinnalur,631596,,5723
631611,Theyyar,631611,,5723
631576,Tirakoil,631576,,5723
631510,Ulundai,631510,,5723
631473,Urgudi,631473,,5723
631625,Vadakkupattu,631625,,5723
631475,Vadugamangalam,631475,,5723
631474,Vallan,631474,,5723
631572,Vanakkambadi (THEN),631572,,5723
631496,Vanakkambadi (VADA),631496,,5723
933435,Vandavasi,933435,,5723
631461,Vazhur,631461,,5723
631627,Vedal,631627,,5723
631557,Veliambakkam,631557,,5723
631521,Velliyur (KIL),631521,,5723
631520,Vengaram,631520,,5723
631466,Vengunam,631466,,5723
631641,Vengunam R.F.,631641,,5723
631607,Venmandai,631607,,5723
631443,Vilanallur,631443,,5723
631454,Vilangadu,631454,,5723
631553,Villivalam (KIL),631553,,5723
631643,Visamangalam R.F.,631643,,5723
631462,Vizhuthupattu,631462,,5723
631251,Abdullapuram,631251,,6624
631270,Alanthangal,631270,,6624
631300,Arasanipalai,631300,,6624
631226,Arasankuppam,631226,,6624
631217,Ariyur,631217,,6624
631292,Azhinjalpattu,631292,,6624
631245,Azhividaithangi,631245,,6624
631296,Bagavanthapuram,631296,,6624
631282,Booderi,631282,,6624
631219,Brammadesam,631219,,6624
631291,Chellaperumpulimedu,631291,,6624
631227,Chettithangal,631227,,6624
631223,Cheyyanur,631223,,6624
631298,Chithalapakkam,631298,,6624
631288,Chithathur,631288,,6624
631308,Chozhavaram,631308,,6624
631302,Dharmacheri,631302,,6624
932363,Dusi,932363,,6624
631297,Ezhacheri,631297,,6624
631260,Girijapuram,631260,,6624
631265,Hariharapakkam,631265,,6624
631284,Hasanamapettai,631284,,6624
631241,Irumaram,631241,,6624
631287,Kaganam,631287,,6624
631281,Kammanthangal,631281,,6624
631289,Kanagampakkam,631289,,6624
631254,Kanikiluppai,631254,,6624
631268,Karanthai,631268,,6624
631261,Kizhnaickanpalayam,631261,,6624
631267,Kizhnelli,631267,,6624
631271,Kodaiyampakkam,631271,,6624
631256,Kundiyanthandalam,631256,,6624
631252,Kuranganilmuttam,631252,,6624
631233,Kuthanur,631233,,6624
631264,Mamandur,631264,,6624
631305,Mangal,631305,,6624
631294,Mathur,631294,,6624
631276,Melboodri,631276,,6624
631259,Menallur,631259,,6624
631239,Moonjurpattu,631239,,6624
631277,Moranam,631277,,6624
631249,Namandi,631249,,6624
631293,Narasamangalam,631293,,6624
631234,Natteri,631234,,6624
631243,Nayanthangal,631243,,6624
631338,Nemili,631338,,6624
631228,Ozhukkavakkam,631228,,6624
631253,Pallavaram,631253,,6624
631218,Panamugai,631218,,6624
631303,Pavoor,631303,,6624
631273,Perumanthangal,631273,,6624
631290,Perumpulimedu,631290,,6624
631272,Perungattur,631272,,6624
631248,Pillanthangal,631248,,6624
631258,Poonaithangal,631258,,6624
631237,Poonthandalam,631237,,6624
631340,Pudupalayam,631340,,6624
631236,Pulivalam,631236,,6624
631280,Pullavakkam,631280,,6624
631301,Punnai,631301,,6624
631242,Randham,631242,,6624
631238,Sattuvanthangal,631238,,6624
631220,Seevaram,631220,,6624
631246,Seleri,631246,,6624
631255,Seniyanallur,631255,,6624
631339,Sirunallur,631339,,6624
631221,Sirunavalpattu,631221,,6624
631240,Siruvanjipattu,631240,,6624
631295,Sothiyampakkam,631295,,6624
631269,Sumangali,631269,,6624
631235,Sunaipattu,631235,,6624
631257,Suruttal,631257,,6624
631229,Thalikkal,631229,,6624
631274,Thandappanthangal,631274,,6624
631285,Thenkazhani,631285,,6624
631244,Thennampattu,631244,,6624
631247,Thiruppanamoor,631247,,6624
631231,Thiruppanangadu,631231,,6624
631266,Thiruvadirayapuram,631266,,6624
631304,Ukkamperumbakkam,631304,,6624
631225,Umaiyalpuram,631225,,6624
631222,Vadailuppai,631222,,6624
631262,Vadakalpakkam,631262,,6624
631275,Vadamanapakkam,631275,,6624
631250,Vada Mavanthal,631250,,6624
932353,Vagai,932353,,6624
631299,Vayalathur,631299,,6624
631263,Vazhavandal,631263,,6624
631230,Vellakulam,631230,,6624
631232,Vembakkam,631232,,6624
631224,Vengalathur,631224,,6624
642518,Agaram,642518,,6633
642562,Alagiamanavalapuram,642562,,6633
933471,Alwarthirunagari,933471,,6633
642557,Angamangalam,642557,,6633
642520,Arumugamangalam,642520,,6633
642547,Athinathapuram,642547,,6633
642515,Iruvappapuram,642515,,6633
933459,Iruvappapuram II,933459,,6633
642559,Kadayanodai,642559,,6633
642567,Katchanavilai,642567,,6633
642536,KilpidagaiAppankovil,642536,,6633
642537,Kilpidagai Kasba,642537,,6633
642543,Kodungani,642543,,6633
642542,Korkai,642542,,6633
642539,Kottarakkurichi,642539,,6633
642564,Kurippankulam,642564,,6633
642546,Malavarayanatham,642546,,6633
642538,Mangalakkurichi,642538,,6633
642517,Manjanirkayal,642517,,6633
642519,Maramangalam,642519,,6633
642549,Maveedupannai,642549,,6633
642544,Mukkani,642544,,6633
642566,Mukkuperi,642566,,6633
642513,Nallathi,642513,,6633
642568,Nalumavadi,642568,,6633
933472,Nazareth,933472,,6633
642516,Palayakkayal,642516,,6633
933464,Perungulam,933464,,6633
642558,Puraiyoor,642558,,6633
933462,Sawyerpuram,933462,,6633
642552,Sethukkuvaithan,642552,,6633
642521,Siruthondanallur,642521,,6633
642522,Sivagalai,642522,,6633
642496,Tannuthu,642496,,6633
642560,Themankulam,642560,,6633
933458,Thenthiruperai,933458,,6633
642550,Thenthiruperai (Kurukatur),642550,,6633
642551,Thenthiruperai (Rajapathi),642551,,6633
642548,Thirukalore,642548,,6633
642561,Thirunaveerudayarpuram,642561,,6633
642514,Tirupanichettikulam,642514,,6633
642541,Tiruppani Chettiyarpatti,642541,,6633
642563,Udayarkulam,642563,,6633
642540,Valavallan,642540,,6633
642565,Vellamadam,642565,,6633
642294,Athikinar,642294,,5863
642245,Ayan Karisalkulam,642245,,5863
642252,Ayan Vadamalaipuram,642252,,5863
642257,Ayyakottaiyur,642257,,5863
642272,Chidambarapuram,642272,,5863
642298,Cholapuram,642298,,5863
933428,Ettaiyapuram,933428,,5863
642297,Ettilappanaickenpatti,642297,,5863
642274,Ilambuvanam,642274,,5863
642256,Inam Arunachalapuram,642256,,5863
642285,Irachi,642285,,5863
642260,Kadalaiyur,642260,,5863
642280,Kalugachalapuram,642280,,5863
642299,Kannakkattai,642299,,5863
642262,Karuppur,642262,,5863
642259,Kattaramanpatti,642259,,5863
642251,Keelakarandai,642251,,5863
642255,Keelnattukurichi,642255,,5863
642290,Kila Eral,642290,,5863
642246,Kodangipatti (Vembur),642246,,5863
642273,Kumaragiri,642273,,5863
642293,Manjanaickenpatti,642293,,5863
642250,Masarpatti,642250,,5863
642261,Meenakshipuram,642261,,5863
642289,Mela Eral,642289,,5863
642248,Melakarandai,642248,,5863
642265,Muthulapuram,642265,,5863
642282,Nakkala Kattai,642282,,5863
642266,Nambipuram,642266,,5863
642270,Navalakkapatti,642270,,5863
642292,N.Pudupatti,642292,,5863
642281,Padanthapuli,642281,,5863
642284,Panasuraettunaickenpatti,642284,,5863
642268,Perilovanpatti,642268,,5863
642295,Podupatti,642295,,5863
642296,Pungavarnatham,642296,,5863
642249,Rajapatti,642249,,5863
642275,Ramanoothu,642275,,5863
642254,Sakkilipatti,642254,,5863
642286,Semmaputhur,642286,,5863
642269,Sindalakkarai,642269,,5863
642277,Singilipatti,642277,,5863
642271,Sinnamalaikkundru,642271,,5863
642283,Suraikkaipatti,642283,,5863
642291,T.Arunachalapuram,642291,,5863
642279,Thalaikattupuram,642279,,5863
642276,Thangammalpuram(T),642276,,5863
642253,Thappathi,642253,,5863
642264,Tholmalaipatti,642264,,5863
642287,T.Shanmugapuram,642287,,5863
642258,Urulaikudi,642258,,5863
642288,Valampatti,642288,,5863
642267,Vedapatti,642267,,5863
642263,Veerapatti,642263,,5863
642278,Velidupatti,642278,,5863
642247,Vembur,642247,,5863
642205,Achangulam,642205,,6628
642217,Ahilandapuram,642217,,6628
642198,Asoor,642198,,6628
642221,Ayyanaruthu,642221,,6628
642194,Chettikurichi,642194,,6628
642193,Chidambarampatti,642193,,6628
642208,Govindampatti,642208,,6628
642411,Ilavelangal,642411,,6628
933414,Kadambur,933414,,6628
642176,Kalampatti,642176,,6628
642177,Kalangaraipatti,642177,,6628
642434,Kalappaipatti,642434,,6628
642204,Kamanaickenpatti,642204,,6628
642215,Kappulingampatti,642215,,6628
642180,Karadikulam,642180,,6628
642179,Kattalampatti,642179,,6628
642183,Kattarankulam,642183,,6628
933418,Kayathar,933418,,6628
642214,K.Chidambarapuram,642214,,6628
642211,K.Kumarapuram,642211,,6628
642202,Koppampatti,642202,,6628
642413,Kottali,642413,,6628
642181,K.Subramaniapuram,642181,,6628
642387,Kudiraikulam,642387,,6628
642168,Kumara Ettayapuram,642168,,6628
642212,Kuppanapuram,642212,,6628
642191,Kurumalai,642191,,6628
642239,Kurumalai R.F.,642239,,6628
642203,Kuruvinatham,642203,,6628
642200,Melapparaipatti,642200,,6628
642190,Mudukkalankulam,642190,,6628
642388,Nagampatti,642388,,6628
642386,Onamakulam,642386,,6628
642213,Ottudanpatti,642213,,6628
642219,Panikkarkulam,642219,,6628
933426,Panikkarkular,933426,,6628
642223,Panneerkulam,642223,,6628
933419,Pudukottai,933419,,6628
642225,Rajapudukudi,642225,,6628
933422,Sankarapperi,933422,,6628
642226,Sannadhuputhukudi,642226,,6628
642182,Saravanapuram,642182,,6628
642197,Sevalapperi,642197,,6628
642199,Sivagnanapuram,642199,,6628
933423,S Kumareddiapuram,933423,,6628
642201,Sundaresapuram,642201,,6628
642222,Terku Ilandaikulam,642222,,6628
642207,Theethampatti,642207,,6628
642412,Thennampatti,642412,,6628
642178,Therku Kalugumalai,642178,,6628
642224,Therku Mylodai,642224,,6628
642210,Therku Vandanam,642210,,6628
642216,Thirumalaipuram,642216,,6628
642195,Thirumangalakuruchi,642195,,6628
642206,Tottampatti,642206,,6628
642220,Usilankulam,642220,,6628
642218,Vadakku Ilandaikulam,642218,,6628
642209,Vadakku Vandanam,642209,,6628
642196,Vellalankottai,642196,,6628
933409,Alampatti,933409,,5862
642172,Avalnatham,642172,,5862
642189,Duraiyoor,642189,,5862
642184,Idaiseval,642184,,5862
933407,Idaiseval II,933407,,5862
642240,Iluppaiyurani (CT),642240,,5862
642242,Inam Maniyachi (CT),642242,,5862
933411,Kalugumalai,933411,,5862
933412,Kangankulam,933412,,5862
642186,Kilalipatti,642186,,5862
642188,Kodukkamparai,642188,,5862
642171,Kovilpatti,642171,,5862
642167,K.Venkateswarapuram,642167,,5862
642173,Lingampatti,642173,,5862
642244,Manthithoppu (CT),642244,,5862
642175,Mudukkumeendanpatti,642175,,5862
642174,Nallattinputhur,642174,,5862
642243,Pandavarmangalam (CT),642243,,5862
933398,Pusarippatti,933398,,5862
642187,Sivandipatti,642187,,5862
642170,Thonugal,642170,,5862
642241,Tittangulam (CT),642241,,5862
642185,Utthupatti,642185,,5862
642169,Vanaramutti,642169,,5862
642192,Villiseri,642192,,5862
933396,Villiseri II,933396,,5862
642437,Ackanaickenpatti,642437,,5865
642395,Adanur,642395,,5865
642416,Araikkulam,642416,,5865
642401,Chandragiri,642401,,5865
642421,D.Duraiswamipuram,642421,,5865
642393,Eppodumvendran,642393,,5865
642433,Govindapuram,642433,,5865
642402,Jagaveerapandiapuram,642402,,5865
642442,Jambulingapuram,642442,,5865
642394,Kattunayakkanpatti,642394,,5865
642403,K.Dalavaipuram,642403,,5865
642448,Keela Arasadi,642448,,5865
642435,Keelakottai,642435,,5865
642407,Keela Mangalam,642407,,5865
642406,Kila Mudiman,642406,,5865
642436,Kodiyankulam,642436,,5865
642400,Kolamparambu,642400,,5865
642431,Kollankinaru,642431,,5865
642419,K.Shanmukapuram,642419,,5865
642428,Kulasekaranallur,642428,,5865
642392,Kumara Ettaiyapuram,642392,,5865
642410,Malaipatti,642410,,5865
642438,Maniyachi,642438,,5865
642432,Marudanvalvoonaraikinar,642432,,5865
642424,Mela Arasadi,642424,,5865
642420,Mela Maruthur,642420,,5865
642440,Melapandiyapuram,642440,,5865
642391,Minakshipuram,642391,,5865
642396,Mullur Muthukumarapuram,642396,,5865
642429,Muramban,642429,,5865
642390,Muthuramalingapuram,642390,,5865
642430,Ottainatham,642430,,5865
642427,Ottappidaram,642427,,5865
642417,Panchalamkurich,642417,,5865
642439,Paraikuttam,642439,,5865
642414,Parivallikkottai,642414,,5865
642389,Passuvandanai,642389,,5865
642422,Pattanamarudur,642422,,5865
642405,P.Duraiswamipuram,642405,,5865
642449,Pudiyamputhur (CT),642449,,5865
642443,Pudiyamputhur (Part),642443,,5865
642447,Pudur pandiyapuram,642447,,5865
642415,Sangampatti,642415,,5865
642441,Savarimangalam,642441,,5865
642446,Sillanatham,642446,,5865
642409,Sillangulam,642409,,5865
642426,Sindalakottai,642426,,5865
642418,S.Kumarapuram,642418,,5865
642444,Swaminatham,642444,,5865
642398,Terku Kalmedu,642398,,5865
642423,Tharuvaikulam,642423,,5865
642445,Therkuveerapandiyapuram,642445,,5865
642399,Vadanatham,642399,,5865
642425,Valasamuthram,642425,,5865
642404,Vellaram,642404,,5865
642408,Venkateswarapuram,642408,,5865
642397,Veppalodai,642397,,5865
642617,Arasoor I,642617,,5869
642616,Arasoor II,642616,,5869
642608,Chettiyiruppu,642608,,5869
642599,Eluvaraimukki,642599,,5869
642596,Karungadal,642596,,5869
642597,Kattarimangalam,642597,,5869
642602,Komaneri,642602,,5869
642609,Kombankulam,642609,,5869
642614,Kommadikottai,642614,,5869
642594,Meerankulam - I,642594,,5869
642595,Meerankulam - II,642595,,5869
642606,Mudalur,642606,,5869
642615,Naduvakkurichi,642615,,5869
642603,Nedungulam,642603,,5869
642613,Padukkapathu,642613,,5869
642600,Palangulam,642600,,5869
642612,Pallakuruchi,642612,,5869
642604,Pannamparai,642604,,5869
642598,Pidaneri,642598,,5869
642610,Pudukulam,642610,,5869
642611,Sasthavinallur,642611,,5869
642605,Sattankulam,642605,,5869
642601,Srivenkateshwarapuram,642601,,5869
642607,Thatchamozhi,642607,,5869
642618,Thiruppaniputhantharuvai,642618,,5869
642481,Alanda,642481,,5867
642500,Alikkudi,642500,,5867
642509,Alwarkarkulam,642509,,5867
642495,Aniyaparanallur,642495,,5867
642507,Arampannai,642507,,5867
642529,Cherakulam,642529,,5867
642494,Chettimallanpatti,642494,,5867
642492,Deivaseyalpuram,642492,,5867
642493,Ellainayakkanpatti,642493,,5867
642488,Kaliyavur,642488,,5867
642531,Kalvay,642531,,5867
642526,Karungulam,642526,,5867
642491,Kilavallanadu,642491,,5867
642534,Kilpidagai Varadarajapuram,642534,,5867
642498,Kilputhaneri,642498,,5867
642508,Kongarayankurichi,642508,,5867
642503,Manakkarai,642503,,5867
642483,Meenakshipuram Sekkarakkudi,642483,,5867
642501,Murappanadu Pudugramam,642501,,5867
642489,Muruppanadukovilpattu,642489,,5867
642505,Muthulangurichi,642505,,5867
642502,Nanalkadu,642502,,5867
642511,Padmanabhamangalam,642511,,5867
642535,Parakramapandi,642535,,5867
642523,Perur,642523,,5867
642482,Poovani,642482,,5867
642484,Sekkarakkudi,642484,,5867
933455,Sekkarakudi II,933455,,5867
642527,Seydunganallur,642527,,5867
642486,Singathakurichi,642486,,5867
642512,Srimulakkarai,642512,,5867
642533,Sriparankusanallur,642533,,5867
933452,Srivaikundam,933452,,5867
642528,Terkukariseri,642528,,5867
642524,Tirupuliyangudi,642524,,5867
642510,Tolappanpannai,642510,,5867
642487,Ulakkudi,642487,,5867
642485,Vadakkukariseri,642485,,5867
642490,Vadavallanadu,642490,,5867
642530,Vallakulam,642530,,5867
642497,Vallanadu (Kasba),642497,,5867
642545,Vallanadu R.F.,642545,,5867
642499,Vasavappapuram,642499,,5867
642525,Velur Adichehanallur,642525,,5867
642532,Velur Kasba,642532,,5867
933450,Velur Pudukudi,933450,,5867
642504,Vitthalapuram,642504,,5867
642506,Vitthalapuram Kovilpattu,642506,,5867
642462,Allikkulam,642462,,5866
642455,Ayyanadaippu,642455,,5866
642459,Dalvaypuram,642459,,5866
642471,Kattalangulam,642471,,5866
642457,Keelathattapparai,642457,,5866
642465,Korampallam (Part),642465,,5866
933386,Korampallam Part 2,933386,,5866
642473,Kuliyankarisal,642473,,5866
642479,Kumaragiri (CT),642479,,5866
642467,Kuttudankadu,642467,,5866
642476,Mappilaiurani (CT),642476,,5866
642464,Maravanmatam,642464,,5866
933388,Meelavittan Part 1,933388,,5866
933389,Meelavittan Part 2,933389,,5866
642451,Mela Thattaparai,642451,,5866
642470,Mudivaithanendal,642470,,5866
642474,Mullakadu (Part),642474,,5866
933566,Mullakkadu Part 2,933566,,5866
642456,Muthuswamipuram,642456,,5866
642461,Perurani,642461,,5866
933391,Pulipanjankulam,933391,,5866
642469,Ramanathapuram,642469,,5866
642458,Ramaswamipuram,642458,,5866
933392,Sankaraperi,933392,,5866
642466,Sendilampannai,642466,,5866
642472,Servaikaranmadam,642472,,5866
642463,Terkusilukkanpatti,642463,,5866
933394,Thoothukudi Part 1,933394,,5866
933395,Thoothukudi Part 2,933395,,5866
642460,Timmarajapuram,642460,,5866
642450,Umarikottai,642450,,5866
642452,Vadakkusilukkanpatti,642452,,5866
642468,Varthakareddipatti,642468,,5866
642571,Ammanpuram,642571,,5868
933440,Arumuganeri,933440,,5868
642587,Athiyakuruchi,642587,,5868
933446,Authur Kaspa,933446,,5868
642585,Chettiyapathu,642585,,5868
933429,Kalankudiyiruppu,933429,,5868
933443,Kanam,933443,,5868
933431,Kandasamypuram,933431,,5868
933437,Kayalpattinam North,933437,,5868
933439,Kayalpattinam South,933439,,5868
642575,Kayamozhi,642575,,5868
933433,Keela Tiruchendur,933433,,5868
642589,Kulasekaranpattinam,642589,,5868
642592,Kuthiraimoli R.F.,642592,,5868
642578,Kuthiraimozhi,642578,,5868
642583,Lakshmipuram,642583,,5868
642582,Manaduthandupathu,642582,,5868
642591,Manapad,642591,,5868
642590,Mathavankuruchi,642590,,5868
642581,Megnanapuram,642581,,5868
642553,Mela Authoor,642553,,5868
642576,Mela Thiruchendur,642576,,5868
642570,Moolakkarai,642570,,5868
642569,Nallur,642569,,5868
642580,Nangaimozhi,642580,,5868
933442,Nathakulam,933442,,5868
642574,Pallipathu,642574,,5868
642577,Paramankurichi,642577,,5868
642555,Punnakayal,642555,,5868
642579,Semmarikulam,642579,,5868
642554,Senthamangalam,642554,,5868
642556,Suganthalai,642556,,5868
642588,Udangudi,642588,,5868
642584,Vahaivilai,642584,,5868
642572,Veeramanickam,642572,,5868
642573,Veerapandianpattinam (Part),642573,,5868
642593,Veerapandianpattinam (Town) (CT),642593,,5868
642586,Venkatramanujapuram,642586,,5868
642342,Ariyanayakipuram,642342,,5864
642363,Arungulam,642363,,5864
642334,Athankarai,642334,,5864
642336,Ayanbommiahpuram,642336,,5864
642368,Ayansengalpadai,642368,,5864
642314,Boothalapuram,642314,,5864
642324,Chinnoor,642324,,5864
642335,Chithavanaickenpatti,642335,,5864
642351,E.Velayudhapuram,642351,,5864
642317,Goundampatti,642317,,5864
642333,Guruvarpatti,642333,,5864
642323,Kadalgudi,642323,,5864
642385,Kallurani,642385,,5864
642359,Kamalapuram,642359,,5864
642312,Kandasamypuram,642312,,5864
642371,Kannimarkuttam,642371,,5864
642321,K.Duraisamipuram,642321,,5864
642338,Keela Vilathikulam - I,642338,,5864
642339,Keela Vilathikulam - II,642339,,5864
642364,K.Kumareddiahpuram,642364,,5864
642360,Koothanoorani,642360,,5864
642357,Kottanatham,642357,,5864
932690,Kulakattankurichi,932690,,5864
642384,Kulathur (East),642384,,5864
642383,Kulathur (North),642383,,5864
642382,Kulathur (South),642382,,5864
642362,Kumaragiri,642362,,5864
642310,Kumaralingapuram,642310,,5864
642326,Kumarasakkanapuram,642326,,5864
932695,Kumarchithanpatti,932695,,5864
642356,Kuralayampatti,642356,,5864
642327,Lakshmipuram,642327,,5864
642309,Madalapuram,642309,,5864
642354,Madharajapuram,642354,,5864
642325,Malleswarapuram,642325,,5864
642355,Mandhikulam,642355,,5864
642302,Maniakaranpatti,642302,,5864
642369,Marthandampatti,642369,,5864
642322,Mavilodai,642322,,5864
642315,Melakallurani,642315,,5864
642352,Melmandai,642352,,5864
642300,Mettilpatti,642300,,5864
642320,M.Kodangipatti,642320,,5864
642344,M.Kumarasakkanapuram,642344,,5864
642348,M.Shanmugapuram,642348,,5864
642341,Muthiahpuram,642341,,5864
642301,Muthusamypuram,642301,,5864
642304,Nadukattur,642304,,5864
642319,Nagalapuram,642319,,5864
642367,Namasivayapuram,642367,,5864
642372,Nedungulam,642372,,5864
642313,N.Jagaveerapuram,642313,,5864
642373,Pallakulam,642373,,5864
642307,Pattithevanpatti,642307,,5864
642350,Periasamypuram,642350,,5864
642311,P.Jagaveerapuram,642311,,5864
642378,Poosanoor,642378,,5864
932697,Pudur,932697,,5864
642377,Puliangulam,642377,,5864
642340,Ramachandrapuram,642340,,5864
642380,Sakkammalpuram,642380,,5864
642305,Sennampatti,642305,,5864
642316,Shankaralinapuram,642316,,5864
642308,Shencottai,642308,,5864
642366,Sivagnanapuram,642366,,5864
642306,Sivalarpatti,642306,,5864
642347,Sivaperunguntram,642347,,5864
642345,Soorangudi,642345,,5864
642330,Subbiahpuram,642330,,5864
642343,Subramaniapuram,642343,,5864
642365,Subramaniapuram(Arungulam),642365,,5864
642329,Sundarapatchiapuram,642329,,5864
642346,Thangammalpuram.K.,642346,,5864
642353,Thathaneri,642353,,5864
642379,T.Subbiahpuram,642379,,5864
642328,Vadamalapuram,642328,,5864
642374,Vaippar - I,642374,,5864
642375,Vaippar - II,642375,,5864
642303,Vannipatti,642303,,5864
642331,Vathalakarai,642331,,5864
642376,Vedapatti (V),642376,,5864
642381,Veerapandiapuram,642381,,5864
642361,Vellaiammalpuram,642361,,5864
642349,Vembar,642349,,5864
642337,Vilathikulam,642337,,5864
642370,Virusampatti,642370,,5864
642318,Vowalthothi,642318,,5864
642332,Zamin Karisalkulam,642332,,5864
642358,Zaminsengalpadai,642358,,5864
630974,Agaram,630974,,5964
630971,Agraharam,630971,,5964
630842,Alleri,630842,,5964
631044,Ambur R.F.,631044,,5964
630812,Anaikattu,630812,,5964
630835,Appukal,630835,,5964
630978,Arimalai,630978,,5964
630975,Arjathi,630975,,5964
630987,Asanampattu,630987,,5964
630859,Athikuppam,630859,,5964
630834,Athiyur,630834,,5964
630815,Brahmanamangalam,630815,,5964
630822,Budur,630822,,5964
630985,Chinna Palli Kuppam,630985,,5964
630837,Devichettikuppam,630837,,5964
630809,Elavambadi,630809,,5964
630855,Elluparai,630855,,5964
630793,Erayangadu,630793,,5964
630820,Genganallore,630820,,5964
630865,Gengasanikuppam,630865,,5964
933988,Govindampadi,933988,,5964
630973,Guruvarajapalayam,630973,,5964
630872,Jarthankollai,630872,,5964
630792,Kalanipakkam,630792,,5964
630989,Kallaparai,630989,,5964
630791,Kandaneri,630791,,5964
630836,Karadikudi,630836,,5964
630838,Karunkali,630838,,5964
630864,Katharikuppam,630864,,5964
933989,Keelachur,933989,,5964
630856,Kilkothur,630856,,5964
630816,Kilkrishnapuram,630816,,5964
630814,Kommalankuttai,630814,,5964
630824,Kuppam,630824,,5964
630980,Kuppambattu,630980,,5964
630982,Kuppampalayam,630982,,5964
630860,Madayapattu,630860,,5964
630839,Mahammadupuram,630839,,5964
630867,Melarasampattu,630867,,5964
934044,Melnetham pakkam,934044,,5964
630986,Melpallipattu,630986,,5964
630869,Mulluvadi,630869,,5964
630825,Murukkeri,630825,,5964
630977,Nedumipalayam,630977,,5964
630858,Nemandapuram,630858,,5964
630818,Odiyathur,630818,,5964
933991,Odugathur,933991,,5964
630794,Okkanapuram,630794,,5964
630840,Ongapadi,630840,,5964
630984,Pakkam,630984,,5964
630983,Pakkampalayam,630983,,5964
630976,Palapadi,630976,,5964
933993,Pallikonda,933993,,5964
630863,Peenjamandai,630863,,5964
630871,Pelampattu,630871,,5964
630870,Periyapanaparai,630870,,5964
630857,Pinnanthurai,630857,,5964
630797,Poigai,630797,,5964
630862,Pudukuppam,630862,,5964
630821,Pulimedu,630821,,5964
630808,Puthur,630808,,5964
630979,Ramanayanikuppam,630979,,5964
630796,Sathiyamangalam,630796,,5964
630795,Seduvalai,630795,,5964
630823,Sekkanur,630823,,5964
630805,Sembedu,630805,,5964
630861,Serpadi,630861,,5964
630807,Thellur,630807,,5964
630988,Thenpudipattu,630988,,5964
630972,Thollapalli,630972,,5964
630817,Tippasamudram,630817,,5964
630868,Umayampattu,630868,,5964
630813,Unai,630813,,5964
630833,Usur,630833,,5964
630810,Vallandaraman,630810,,5964
630819,Vaniyambadi,630819,,5964
630866,Vannanthangal,630866,,5964
630841,Varadalampattu,630841,,5964
630811,Vasanthanadai,630811,,5964
630981,Veppankuppam,630981,,5964
933996,Vettuvanam,933996,,5964
933921,Virinchipuram,933921,,5964
631001,Agaramcheri,631001,,5712
934025,Agraharam,934025,,5712
630424,Ammanankuppam,630424,,5712
630342,Ananganallore,630342,,5712
630318,Bojanapuram,630318,,5712
630330,Chendathur,630330,,5712
630279,Chengundram,630279,,5712
630317,Chettikuppam,630317,,5712
630289,Chinnalapalli,630289,,5712
630337,Chinna Thottalam,630337,,5712
630346,Chithathoor,630346,,5712
630273,Dakshinapathapalayam,630273,,5712
630271,Danakondapalli,630271,,5712
630300,Erthangal,630300,,5712
630356,Erukkampattu (R.F),630356,,5712
631002,Gollamangalam,631002,,5712
630341,Goodanagaram,630341,,5712
934027,Gudiyatham Town,934027,,5712
630355,Gundalapalli Extention R.F,630355,,5712
630358,Gundalapalli R.F,630358,,5712
630349,Jangalapalli R.F,630349,,5712
630287,Jittapalli,630287,,5712
630294,Kallapadi,630294,,5712
630359,Kallapadi(R.F),630359,,5712
630338,Karuneekasamudram,630338,,5712
630295,Kathari Kuppam,630295,,5712
630360,Kempasamudram R.F,630360,,5712
630335,kilpatti,630335,,5712
933960,Kondasamudram,933960,,5712
630365,Kondasamudram (CT),630365,,5712
631000,Koothambakkam,631000,,5712
630343,Kothakuppam,630343,,5712
630336,Kulidikai,630336,,5712
630315,Melalathur,630315,,5712
630316,Melmuttukur,630316,,5712
630280,Modikuppam,630280,,5712
630296,Moongapattu,630296,,5712
934028,Mordana,934028,,5712
630348,Mordana R.F,630348,,5712
630290,Mukkundram,630290,,5712
630312,Nellorepettai,630312,,5712
630345,Olakasi,630345,,5712
630291,Pakkam,630291,,5712
630362,Pallalakuppam Extention R.F,630362,,5712
630364,Pallalakuppam (R.F),630364,,5712
630320,Pangarishikuppam,630320,,5712
630275,Paradarami,630275,,5712
630353,Paradarami Extention (R.F),630353,,5712
630351,Paradarami (R.F),630351,,5712
630344,Pattu,630344,,5712
630297,Perumbadi,630297,,5712
933955,Pichanur,933955,,5712
630276,Puttavaripalli,630276,,5712
630311,Rajakuppam,630311,,5712
630292,Ramalai,630292,,5712
630299,Rangasamudram,630299,,5712
630274,Rangasamudram,630274,,5712
630361,Reddanaickanur&Charakkal R.F.,630361,,5712
630367,Sathkar (CT),630367,,5712
933956,Sedukkarai,933956,,5712
630286,Semballi,630286,,5712
630319,Sembedu,630319,,5712
933957,Sengundram,933957,,5712
630313,Seruvangi,630313,,5712
933958,Sethuvandai,933958,,5712
630366,Sevur (CT),630366,,5712
630340,Singalpadi,630340,,5712
933959,Sithathur,933959,,5712
630354,Syanagunda (R.F),630354,,5712
630350,Syanagunta (R.F),630350,,5712
630314,Thalayatham,630314,,5712
630288,Thattaparai,630288,,5712
630293,Thattimanapalli,630293,,5712
630339,Ulli,630339,,5712
933962,Valathur,933962,,5712
630368,Valathur (CT),630368,,5712
630278,Varadhareddipalli,630278,,5712
630352,Veerasettipalli (R.F),630352,,5712
630277,Veerichettipalli,630277,,5712
630425,Veppur,630425,,5712
630272,Viludonapaliam,630272,,5712
630377,Ammavaripalle,630377,,5713
630456,Ammundi,630456,,5713
630467,Ammundi (R.F.),630467,,5713
630464,Ammundi (R.F),630464,,5713
630454,Arumparuthi,630454,,5713
630370,Balekuppam,630370,,5713
630462,Bomminayakkanpalayam R.F.,630462,,5713
630452,Brahmapuram,630452,,5713
630460,Chenji R.F.,630460,,5713
630451,Dharapadavedu,630451,,5713
630386,Elayanellore,630386,,5713
630391,Eranthangal,630391,,5713
630380,Erukkambattu,630380,,5713
630376,Gollapalli,630376,,5713
630407,Jaffrapet,630407,,5713
933977,Kalinjur,933977,,5713
630409,Kandipedu,630409,,5713
933981,Kankeyaanallur,933981,,5713
630395,Karasamangalam,630395,,5713
630408,Karigiri,630408,,5713
630455,Karnampattu,630455,,5713
933983,Katpadi,933983,,5713
630375,Keeraisathu,630375,,5713
933985,Kembarajapuram,933985,,5713
934006,Kilvaithinankuppam,934006,,5713
630385,Kodukkanthangal,630385,,5713
630371,Kondareddipalli,630371,,5713
630390,Kugaiyanallore,630390,,5713
630459,Kunjanur (R.F.),630459,,5713
630374,Madandakuppam,630374,,5713
630378,Mahimandalam,630378,,5713
630458,Mahimandalam R.F,630458,,5713
630382,Melpadi,630382,,5713
630383,Mutharasikuppam,630383,,5713
630393,Oddanthangal,630393,,5713
933990,Palekuppam,933990,,5713
631003,Pallikuppam,631003,,5713
630461,Panamadagi (R.F),630461,,5713
630373,Paramasathu,630373,,5713
630457,Parapallumalai R.F.,630457,,5713
630379,Perumalkuppam,630379,,5713
630372,Ponnai,630372,,5713
630410,Puthur,630410,,5713
630428,Sanan kuppam,630428,,5713
630411,Sembarayanallore,630411,,5713
934007,Senur,934007,,5713
630469,Senur (CT),630469,,5713
630463,Senur (R.F.),630463,,5713
630392,Serkadu,630392,,5713
630423,Sethuvandai,630423,,5713
630453,Sevur,630453,,5713
933992,Shozhamur,933992,,5713
630389,Sripadanallore,630389,,5713
630449,Thalayarampattu,630449,,5713
630450,Thandalamkrishnapuram,630450,,5713
630369,Thengal,630369,,5713
630387,Thenpalli,630387,,5713
933995,Thiruvalam,933995,,5713
630448,Unnamalaisamudram,630448,,5713
630381,Vallimalai,630381,,5713
630394,Vandaranthangal,630394,,5713
630412,Vanjur,630412,,5713
630388,Veppalai,630388,,5713
630465,Vikramachi (R.F),630465,,5713
630384,Vinnampalli,630384,,5713
630466,Virinjipuram Plantation (R.F.),630466,,5713
933994,Virudhampattu,933994,,5713
630417,Alanganeri,630417,,7052
630416,Angarankuppam,630416,,7052
630414,Annangudi,630414,,7052
630404,Arumbakkam,630404,,7052
630415,Bomminayakkanpalayam,630415,,7052
630397,Chenji,630397,,7052
934026,Chennangkuppam,934026,,7052
630446,Cholamur,630446,,7052
630420,Devarishikuppam,630420,,7052
630403,Kalambattu,630403,,7052
630419,Kanguppam,630419,,7052
630431,Kavanur,630431,,7052
630422,Kilalathur,630422,,7052
630402,Kilmuttukur,630402,,7052
630437,Kilur,630437,,7052
630470,Kilvaithinankuppam (CT),630470,,7052
630439,Kilvilachur,630439,,7052
630445,Kothamangalam,630445,,7052
630405,Latteri,630405,,7052
630429,Machanur,630429,,7052
630399,Maliyapattu,630399,,7052
630400,Melmankuppam,630400,,7052
630401,Melmoil,630401,,7052
630436,Melur,630436,,7052
630434,Melvilachur,630434,,7052
630438,Mudinampattu,630438,,7052
630418,Murukkambattu,630418,,7052
630421,Nagal,630421,,7052
630426,Netteri,630426,,7052
630413,Olaiyathur,630413,,7052
630430,Palayakrishnapuram,630430,,7052
630398,Panamadangi,630398,,7052
630427,Pasumathur,630427,,7052
630435,Pillanthipattu,630435,,7052
630447,Thirumani,630447,,7052
630396,Thondanthulasi,630396,,7052
630433,Thuthithangal,630433,,7052
630444,Vadavirinjipuram,630444,,7052
630440,Vaduganthangal,630440,,7052
630443,Valvankundram,630443,,7052
630442,Velampattu,630442,,7052
630432,Veppanganeri,630432,,7052
630441,Vikramachi,630441,,7052
630406,Vilundakkal,630406,,7052
630298,Agraharam,630298,,6663
630332,Alinjikuppam,630332,,6663
630269,Aravatla,630269,,6663
630324,Balur,630324,,6663
630283,Bathalapalli,630283,,6663
630304,Chinnadamal Cheruvu,630304,,6663
630329,Chokkarishikuppam,630329,,6663
630285,Erikuthi,630285,,6663
630284,Erukkampattu,630284,,6663
630282,Gundalapalli,630282,,6663
933964,Jothikammavarpalli,933964,,6663
630322,Karkur,630322,,6663
630307,Kempasamudram,630307,,6663
630321,Kothamarikuppam,630321,,6663
630303,Kothapalli,630303,,6663
631067,Kothur,631067,,6663
630325,Machampattu,630325,,6663
630334,Mailpatti,630334,,6663
630305,Masigam,630305,,6663
630326,Melkothakuppam,630326,,6663
630331,Melmurungai,630331,,6663
630333,Melvaithinankuppam,630333,,6663
630301,Morasapalli,630301,,6663
630270,Mordana,630270,,6663
630308,Pallalakuppam,630308,,6663
630363,Pallalakuppam(R.F),630363,,6663
631062,Pallalakuppam R.F(Portion of),631062,,6663
630310,Paravakkal,630310,,6663
933966,Pernambut,933966,,6663
630309,Pogalur,630309,,6663
630281,Rangampettai,630281,,6663
630328,Reddimankuppam,630328,,6663
934018,Sendathur,934018,,6663
630302,Thottithoraimottur,630302,,6663
630323,Vasanampalli,630323,,6663
630806,Abdullapuram,630806,,5717
630829,Adukkamparai,630829,,5717
933906,Alamelumangapuram,933906,,5717
933907,Allapuram,933907,,5717
630798,Anpundi,630798,,5717
630884,Appukal R.F.,630884,,5717
630894,Arasampattu R.F.,630894,,5717
933908,Ariyur,933908,,5717
630892,Athiyur R.F.,630892,,5717
630893,Athiyur R.F.,630893,,5717
630828,Balamadai,630828,,5717
934046,Balamathi,934046,,5717
933909,Edaiyansathu,933909,,5717
631065,Kailasagiri (CT),631065,,5717
630880,Kammasamudram,630880,,5717
630851,Kanikkaniyan,630851,,5717
933918,Kaniyambadi,933918,,5717
630914,Kaniyambadi (CT),630914,,5717
630905,Kaniyambadi (R.F.),630905,,5717
933919,Karugampattu,933919,,5717
630907,Karugampattur (CT),630907,,5717
630899,Karuthamalai R.F.,630899,,5717
630900,Karuthamalai R.F.,630900,,5717
630897,Karuthamalai R.F.,630897,,5717
630901,Karuthamalai R.F.,630901,,5717
630898,Karuthamalai R.F.,630898,,5717
630874,Kathalampattu,630874,,5717
630904,Kathalampattu (R.F.),630904,,5717
933910,Katpadi Railway Station,933910,,5717
630832,Kattuputhur,630832,,5717
630873,Kil Arasampattu,630873,,5717
933920,Kilmanavur,933920,,5717
630908,Kilmanavur (CT),630908,,5717
630878,Kilpallipattu,630878,,5717
933911,Konavattam,933911,,5717
630799,Melmanavur,630799,,5717
630879,Mettupalayam,630879,,5717
630881,Mothakkal,630881,,5717
630847,Munjurpattu,630847,,5717
630889,Nallimalai R.F.,630889,,5717
630845,Nelvoy,630845,,5717
630885,Palamadai R.F.,630885,,5717
630887,Palamadai R.F.,630887,,5717
630886,Palamadai R.F.,630886,,5717
630852,Palampakkam,630852,,5717
630875,Palathuvannan,630875,,5717
933912,Palavansathu,933912,,5717
630883,Pallikonda R.F.,630883,,5717
630848,Pangalathan,630848,,5717
630891,Paravamalai R.F.,630891,,5717
630896,Paravamalai R.F.,630896,,5717
630890,Paravamalai R.F.,630890,,5717
630895,Paravamalai R.F.,630895,,5717
933913,Pennathur,933913,,5717
630802,Perumugai,630802,,5717
630902,Puthur R.F.,630902,,5717
630803,Sadupperi,630803,,5717
630800,Sampanginallore,630800,,5717
630846,Sathumadurai,630846,,5717
630844,Sathupalaiyam,630844,,5717
933914,Sathuvachari,933914,,5717
630849,Selamanatham,630849,,5717
933915,Senbakkam,933915,,5717
630843,Sholavaram,630843,,5717
630876,Singarikoil,630876,,5717
630831,Sirukalambur,630831,,5717
630804,Sirunkanchi,630804,,5717
630854,Thellai,630854,,5717
630903,Thellai (R.F.),630903,,5717
933916,Thenvellore,933916,,5717
933917,Thorapadi,933917,,5717
630853,Thuttikadu,630853,,5717
630830,Thuttipattu,630830,,5717
933928,Vadavellore,933928,,5717
630877,Vallam,630877,,5717
630882,Vellore R.F.,630882,,5717
630801,Venkatapuram,630801,,5717
630850,Veppampattu,630850,,5717
630909,Virinchipuram (CT),630909,,5717
933930,Virupakshipuram,933930,,5717
632361,Agalur,632361,,5728
632368,Alampundi,632368,,5728
632502,Amur,632502,,5728
632482,Anaiyeri,632482,,5728
632390,Anangur,632390,,5728
932962,அனந்தபுரம் பே.ஊ,932962,,5728
632386,Anathur,632386,,5728
632492,Anilady,632492,,5728
632409,Anjancheri,632409,,5728
632449,Appampattu,632449,,5728
632393,Arugavur,632393,,5728
632446,Attiyur,632446,,5728
632391,Aviyur,632391,,5728
632380,Bharatantangal,632380,,5728
632360,Bondai,632360,,5728
632328,Buderi,632328,,5728
632364,Chellapiratti,632364,,5728
632330,Chinnagaram,632330,,5728
632417,Chinnaponnampundi,632417,,5728
632397,Chittamur (Mel),632397,,5728
632325,Cholangunam,632325,,5728
632499,Dalavalappattu,632499,,5728
632489,Dalavanur,632489,,5728
632327,Damanur,632327,,5728
632420,Devadanampettai,632420,,5728
632352,Eachur,632352,,5728
632359,Edaimalai,632359,,5728
632491,Errambattu,632491,,5728
632357,Ethanemili,632357,,5728
632441,Gangavaram,632441,,5728
632509,Gangavaram R.F.,632509,,5728
932964,செஞ்சி பே.ஊ,932964,,5728
632494,Gudalur (Mel),632494,,5728
632410,Idayalam (Mel),632410,,5728
632350,Illodu,632350,,5728
632396,Indirasankuppam,632396,,5728
632300,Irumbuli,632300,,5728
632453,Jambodi,632453,,5728
632412,Jayankondan,632412,,5728
632451,Kadagampundi,632451,,5728
632403,Kadambur,632403,,5728
632402,Kalaiyur,632402,,5728
632384,Kalavay (Mel),632384,,5728
632496,Kalladikuppam,632496,,5728
632488,Kallalipattu,632488,,5728
632299,Kallapuliyur,632299,,5728
632427,Kamagaram,632427,,5728
632463,Kammandur,632463,,5728
632442,Kanakkankuppam,632442,,5728
632301,Kandamanallur,632301,,5728
632431,Kanjur,632431,,5728
632470,Kappai,632470,,5728
632475,Karai,632475,,5728
632511,Karai R.F.,632511,,5728
633558,Karai R.F.,633558,,5728
632363,Kariyamangalam,632363,,5728
632351,Karunguli,632351,,5728
632429,Kattuchittamur,632429,,5728
632450,Kavarai,632450,,5728
932972,கீழ்மலை,932972,,5728
632461,Kilaiyur,632461,,5728
632468,Kilmambattu,632468,,5728
632471,Kommedu,632471,,5728
632414,Konai,632414,,5728
632481,Konalur,632481,,5728
632459,Kongarappattu,632459,,5728
632401,Koravanandal,632401,,5728
932968,கிருஷ்ணாபுரம்,932968,,5728
632454,Kurinjipai,632454,,5728
632395,Kuttapakkam (Mel),632395,,5728
632430,Madappundi,632430,,5728
632349,Mahadevimangalam,632349,,5728
632439,Malarasankuppam,632439,,5728
632440,Malavantangal,632440,,5728
632418,Manalapadi,632418,,5728
632462,Maniyampattu,632462,,5728
632458,Maruderi,632458,,5728
632497,Marur,632497,,5728
632487,Mattaparai,632487,,5728
632484,MatturTirukkai,632484,,5728
632473,Mavattambadi,632473,,5728
632477,Melarungunam,632477,,5728
632358,Melathipakkam,632358,,5728
632398,Melathur,632398,,5728
632354,Melolakkur,632354,,5728
932954,மேல் சேவூர் மேற்கு,932954,,5728
632452,Minamur,632452,,5728
632456,Modaiyur,632456,,5728
932951,முடையூர் மேற்கு,932951,,5728
632353,Mukkunam,632353,,5728
632478,Mullur,632478,,5728
632504,Muttakadu R.F.,632504,,5728
632432,Nagalampattu,632432,,5728
632498,Nagandur,632498,,5728
632433,Nallampillaipetral,632433,,5728
632406,Nangilikondan,632406,,5728
632392,Nangiyanandal,632392,,5728
632413,Narasingarayanpettai,632413,,5728
632400,Nattarmangalam,632400,,5728
632379,Nayampadi,632379,,5728
632356,Neerperuthagaram,632356,,5728
632362,Neganur,632362,,5728
632485,Oddambattu,632485,,5728
632416,Odiyathur,632416,,5728
632444,Padippallam,632444,,5728
632510,Padippallam R.F.,632510,,5728
632424,Pakkam,632424,,5728
632505,Pakkamalai R.F.,632505,,5728
632474,Palappattu,632474,,5728
632438,Palavalam,632438,,5728
632394,Pallikulam,632394,,5728
632399,Panappakkam,632399,,5728
632466,Pappambadi (Kil),632466,,5728
632375,Pappambadi (Mel),632375,,5728
632381,Pasumalaitangal,632381,,5728
632331,Pennagar,632331,,5728
632501,Perampattu,632501,,5728
632419,Periyamur,632419,,5728
632385,Perumpugai,632385,,5728
632326,Perumpundi,632326,,5728
632382,Perungappur,632382,,5728
632425,Pettai (Gingee),632425,,5728
632480,Ponnankuppam,632480,,5728
632411,Ponpatti,632411,,5728
632437,Pothuvoy,632437,,5728
632423,Pudupalayam,632423,,5728
632506,Pulinjimalai R.F.,632506,,5728
632483,Pulivandi,632483,,5728
632422,Pullipattu,632422,,5728
632500,Puthur (Ten),632500,,5728
632426,Puttagaram,632426,,5728
632389,Puttur (Vada),632389,,5728
632407,Rajampuliyur,632407,,5728
932957,சக்கராபுரம்,932957,,5728
632333,Sandisakshi,632333,,5728
632378,Satyamangalam,632378,,5728
632376,Semmedu,632376,,5728
632415,Sennalur,632415,,5728
632404,Servilagam,632404,,5728
632435,Settavarai,632435,,5728
632388,Seturayanallur,632388,,5728
632460,Sevur (Mel),632460,,5728
632383,Singavaram,632383,,5728
932970,சிறுகடம்பூர்,932970,,5728
632448,Sirunampundi,632448,,5728
632503,Siruvadi R.F.,632503,,5728
932971,சித்தரசூர்,932971,,5728
632447,Sittampundi,632447,,5728
632421,Sorattupperiyankuppam,632421,,5728
632465,Sorattur,632465,,5728
632445,Tachchampattu,632445,,5728
632436,Tadagam,632436,,5728
632428,Tadanguppam,632428,,5728
632464,Taiyur,632464,,5728
632443,Tandavasamudram,632443,,5728
632512,Tandavasamudram R.F.,632512,,5728
632472,Tenpuduppattu,632472,,5728
633223,Thachampattu RF,633223,,5728
633042,Thirunjikadu R.F.,633042,,5728
632486,Thiruvadikunnam,632486,,5728
632469,Thiruvambattu,632469,,5728
633226,Thruinjikadu RF,633226,,5728
632508,Thurinjikkadu R.F.,632508,,5728
632329,Tondur,632329,,5728
632455,Tuduppakkam,632455,,5728
632479,Tuttipattu,632479,,5728
632298,Udaiyantangal,632298,,5728
632434,Uliyampattu,632434,,5728
632408,Uranitangal,632408,,5728
632467,Vadataram,632467,,5728
632405,Vadavanur,632405,,5728
632495,Vailamur (Kil),632495,,5728
632457,Vallam,632457,,5728
632476,Varikkal,632476,,5728
632490,Vilvamadevi,632490,,5728
632377,Viramanallur,632377,,5728
632355,Viranamur,632355,,5728
632387,Virpattu,632387,,5728
632493,Vowalkunram,632493,,5728
633065,Adhichanur,633065,,6651
633091,Adoor Kolapakkam,633091,,6651
633072,Adukkam,633072,,6651
633225,Adukkam RF,633225,,6651
632507,Adukkam R.F.,632507,,6651
633127,A. Gudalur,633127,,6651
633121,Alambadi,633121,,6651
633111,Andili,633111,,6651
633084,Appanandal,633084,,6651
932839,அரகண்டநல்லூர்,932839,,6651
633088,Arasankuppam,633088,,6651
633165,Arcadu,633165,,6651
932834,ஆர்காடு தெற்கு,932834,,6651
633166,Arulavadi,633166,,6651
633114,Arumalai,633114,,6651
633069,Arunapuram,633069,,6651
633128,Ayandur,633128,,6651
633364,Chitherippattu,633364,,6651
633416,Chitherippattu R.F.,633416,,6651
633108,Devanur,633108,,6651
633220,Emappur,633220,,6651
633117,Kadaganur,633117,,6651
633068,Kallandal,633068,,6651
633074,Kandachipuram,633074,,6651
633123,Kasbakaranai,633123,,6651
633132,Keelakondur,633132,,6651
633076,Kilvalai,633076,,6651
633118,Kingilivadai,633118,,6651
633062,Kodukkapattu,633062,,6651
633129,Kodungal,633129,,6651
633110,Kollur,633110,,6651
633090,Kottamarudur,633090,,6651
633106,Kudamurutti,633106,,6651
633081,Madavilagam,633081,,6651
633107,Manampoondi,633107,,6651
633115,Melakondur,633115,,6651
633075,Melvalai,633075,,6651
633130,Mugaiyur,633130,,6651
633089,Nayanur,633089,,6651
633228,Nayanur RF,633228,,6651
633112,Nerkunam,633112,,6651
633070,Oddampattu,633070,,6651
633078,Oduvankuppam,633078,,6651
633077,Othiyathur,633077,,6651
633131,Paranur,633131,,6651
633124,Perichanur,633124,,6651
633085,Pilrampattu,633085,,6651
633722,Pudukalani,633722,,6651
633082,Pudupalaiyam,633082,,6651
633067,Pulikkal,633067,,6651
633092,Puthagaram,633092,,6651
633122,Sathiyakandanur,633122,,6651
633080,Sengamedu,633080,,6651
633126,Sennakunam,633126,,6651
633079,Sithathur,633079,,6651
633071,Thandarai,633071,,6651
633120,Thanikelampattu,633120,,6651
633086,Thirumalaipattu,633086,,6651
633109,Vadagaraithayanur,633109,,6651
633064,Vasanthkrishnapuram,633064,,6651
633119,V.Chithamur,633119,,6651
633083,Vedalam,633083,,6651
633073,Veerangipuram,633073,,6651
633066,Veerapandi,633066,,6651
633164,Veerashozhapuram,633164,,6651
633063,Velakulam,633063,,6651
633087,Vellamputhur,633087,,6651
633116,V.Puthur,633116,,6651
632650,Adasal,632650,,6650
632651,Adavallikuttam,632651,,6650
632591,Agaram (Vada),632591,,6650
632661,Alagaipakkam,632661,,6650
632654,Alanguppam,632654,,6650
632644,Alapakkam,632644,,6650
632594,Alathur,632594,,6650
632648,Anumandai,632648,,6650
632658,Ariyantangal,632658,,6650
632589,Asappur,632589,,6650
632645,Atchikadu,632645,,6650
632657,Bramaddesam,632657,,6650
632693,Chettikuppam,632693,,6650
632659,Chokkantangal,632659,,6650
632635,Endur,632635,,6650
632590,Kandadu,632590,,6650
932765,கந்தாடு மேற்கு,932765,,6650
632641,Kesavanayakkampalayam,632641,,6650
632627,Kilarungunam,632627,,6650
632647,Kilpettai,632647,,6650
632716,Kilpudupatti,632716,,6650
632663,Kilsiviri,632663,,6650
632595,Kodipakkam (Vada),632595,,6650
632694,Koonimedu,632694,,6650
632628,Kulapakkam (Vada),632628,,6650
632639,Kulathur,632639,,6650
632593,Kurumparam,632593,,6650
632636,Kurur,632636,,6650
632634,Madavantangal,632634,,6650
632622,Manur,632622,,6650
932801,மரக்காணம் வடக்கு,932801,,6650
932797,மரக்காணம் தெற்கு,932797,,6650
932802,முன்னூர் தெற்கு,932802,,6650
632638,Murukeri,632638,,6650
632640,Nadukuppam,632640,,6650
932769,நடுக்குப்பம் மேற்கு,932769,,6650
632586,Nagalpakkam,632586,,6650
632588,Nagar,632588,,6650
632584,Nallur,632584,,6650
632660,Nalmukkal,632660,,6650
632598,Nerkunam (Vada),632598,,6650
632649,Omipper,632649,,6650
632665,Palamukkal,632665,,6650
632646,Panichamedu,632646,,6650
632585,Pantodu,632585,,6650
632626,Perumukkal,632626,,6650
632592,Pudupakkam,632592,,6650
632587,Rayanallur,632587,,6650
632652,Sattamangalam,632652,,6650
632692,Seyyankuppam,632692,,6650
632653,Singanandai,632653,,6650
632596,Siruvadi,632596,,6650
632691,Sorapattu,632691,,6650
632664,Tenneri,632664,,6650
632642,Tirukanur,632642,,6650
632662,T. Nellalam,632662,,6650
632643,Urani,632643,,6650
632597,Vaidapakkam,632597,,6650
632656,Vanniper,632656,,6650
632637,Vepperi,632637,,6650
932944,ஆத்திப்பட்டு,932944,,6652
632324,Annamangalam,632324,,6652
632305,Arukkampoondi,632305,,6652
632315,Avalurpet,632315,,6652
632281,Chinnanolambai,632281,,6652
632322,Chitteri,632322,,6652
632370,Chokkanandal,632370,,6652
632297,Chokkapalam,632297,,6652
632275,Devandavadi,632275,,6652
632320,Devanur,632320,,6652
632267,Edapattu,632267,,6652
632343,Embalam,632343,,6652
632342,Eyyakunnam,632342,,6652
632282,Eyyal,632282,,6652
632321,Gangapuram,632321,,6652
632347,Kadali,632347,,6652
632314,Kadapanandal,632314,,6652
632276,Kaividantangal,632276,,6652
632371,Kalathambattu,632371,,6652
632274,Kammantangal,632274,,6652
632334,Kannalam,632334,,6652
632288,Kappalambadi,632288,,6652
632303,Karanai (Mel),632303,,6652
632294,Kilavampoondi,632294,,6652
632312,Kodambadi,632312,,6652
632308,Kodukankuppam,632308,,6652
632289,Kottaipoondi,632289,,6652
632316,Kovilporaiyur,632316,,6652
632295,Kuduvampoondi,632295,,6652
632311,Kundalampattu,632311,,6652
632374,Kuzhapalur,632374,,6652
632318,Malaiyanur (Mel.),632318,,6652
632339,Manandal,632339,,6652
632345,Mannur (Mel.),632345,,6652
632279,Marakonam,632279,,6652
632348,Mavanandal,632348,,6652
632366,Melacheri,632366,,6652
632372,Melarangunam,632372,,6652
632336,Melmambattu,632336,,6652
632283,Mel Sevalambadi,632283,,6652
632277,Modipattu,632277,,6652
632270,Nandipuram,632270,,6652
632285,Naranamangalam,632285,,6652
632280,Nemili (Mel),632280,,6652
632310,Nochaloor,632310,,6652
632292,Palampoondi,632292,,6652
632296,Pappantangal,632296,,6652
632287,Paraiyanpattu,632287,,6652
632291,Paraiyantangal,632291,,6652
632271,Paruttipuram,632271,,6652
632272,Periyanolambai,632272,,6652
632278,Peruvalur,632278,,6652
632273,Pinnanur,632273,,6652
632346,Porkunam,632346,,6652
632340,Puduppattu (Mel.),632340,,6652
632323,Samathankuppam,632323,,6652
632290,Sangilikkuppam,632290,,6652
632306,Sathambadi,632306,,6652
632332,Sathanandal,632332,,6652
632335,Sattaputhur,632335,,6652
632302,Sevalambadi (Kil),632302,,6652
632367,Sevalapurai,632367,,6652
932943,செவலபுரை வடக்கு,932943,,6652
632293,Sindagampoondi,632293,,6652
632309,Sindipattu,632309,,6652
632307,Sirudalaipoondi,632307,,6652
632338,Siyappundi,632338,,6652
632286,Talankunram,632286,,6652
632317,Tayanur,632317,,6652
632369,Tenpalai,632369,,6652
632269,Teppirampattu,632269,,6652
632337,Torappadi,632337,,6652
632344,Turinjippundi,632344,,6652
632284,Unnamanandal,632284,,6652
632341,Vadapalai,632341,,6652
632304,Vadavetti,632304,,6652
632313,Vaduganpoondi,632313,,6652
632268,Vailamur (Mel),632268,,6652
632319,Valathi,632319,,6652
632365,Vanakkambadi,632365,,6652
633202,Akkanur,633202,,7053
633605,Alankuppam,633605,,7053
633585,Amoor,633585,,7053
633640,Anaivari,633640,,7053
633601,Anathur,633601,,7053
633169,Andarayanur,633169,,7053
633604,Arasur,633604,,7053
633607,Arumpattu,633607,,7053
633199,Arungurukkai,633199,,7053
633608,Athipattu,633608,,7053
633208,Chinnasevlai,633208,,7053
633163,C. Meyyur,633163,,7053
633205,Elandurai,633205,,7053
633113,Emapper,633113,,7053
932843,ஏமப்பேர் தெற்கு,932843,,7053
633213,Enathimangalam,633213,,7053
633214,Eralur,633214,,7053
633590,Gramam,633590,,7053
633596,Iruvelpattu,633596,,7053
633646,Kandalavadi,633646,,7053
633591,Kannarampattu,633591,,7053
633594,Karadipakkam,633594,,7053
633597,Karapattu,633597,,7053
633217,Keelamangalam,633217,,7053
633599,Kilthaniyalampattu,633599,,7053
633573,Komasamudram,633573,,7053
633581,Kondasamudram,633581,,7053
633167,Kongarayanur,633167,,7053
633592,Kooranur,633592,,7053
633588,Kothanur,633588,,7053
633609,Madampattu,633609,,7053
633221,Malaiyampattu,633221,,7053
633606,Mamandur,633606,,7053
633206,Manakkuppam,633206,,7053
633212,Marangiyur,633212,,7053
633209,Mazhavarayanur,633209,,7053
633216,Melamangalam,633216,,7053
633598,Melthaniyalampattu,633598,,7053
633168,Paiyur,633168,,7053
633204,Panapakkam,633204,,7053
633641,Parugampattu,633641,,7053
633203,Pavandur,633203,,7053
633201,Pennaivalam,633201,,7053
633595,Perangiyur,633595,,7053
633587,Periyasevalai,633587,,7053
633603,Poyyarasur,633603,,7053
633589,Saravanapakkam,633589,,7053
633600,Semangalam,633600,,7053
633218,Semmar,633218,,7053
633211,Sirumadurai,633211,,7053
633210,Siruvanur,633210,,7053
633162,Sithalingamadam,633162,,7053
932846,சித்தலிங்கமடம் மேற்கு,932846,,7053
633642,Sithanangur,633642,,7053
633207,T. Edaiyur,633207,,7053
633222,Thaduthatkondur,633222,,7053
633593,Thenmangalam,633593,,7053
932874,திருவெண்ணைநல்லூர் வடக்கு,932874,,7053
932891,திருவெண்ணைநல்லூர் தெற்கு,932891,,7053
633586,Thulangampattu,633586,,7053
633200,T. Konalavadi,633200,,7053
633583,T.Kulathur,633583,,7053
633602,T.Kumaramangalam,633602,,7053
633170,T.Pudupalayam,633170,,7053
633215,Valaiyampattu,633215,,7053
633171,Veeranampattu,633171,,7053
632734,Agaram (Vada) R.F.,632734,,5729
632617,Agoor,632617,,5729
932600,ஆலகிராமம் கிழக்கு,932600,,5729
632706,Alagrammam,632706,,5729
632607,Alapakkam (Vada),632607,,5729
632525,Ammanambakkam,632525,,5729
632579,Andapattu,632579,,5729
632728,Anganikuppam,632728,,5729
632535,Annambakkam,632535,,5729
632670,Annamputhur,632670,,5729
632695,Ariyankuppam,632695,,5729
632678,Asur,632678,,5729
632581,Atchipakkam,632581,,5729
632727,Athikuppam,632727,,5729
632517,Attipakkam,632517,,5729
632606,Attur,632606,,5729
632687,Avanampattu,632687,,5729
632539,Avanipur,632539,,5729
932567,அவரபாக்கம்,932567,,5729
632681,Avayakuppam,632681,,5729
632630,Buderi,632630,,5729
632712,Chendur,632712,,5729
632702,Chinnanerkunam,632702,,5729
632704,Chinnavalavanur,632704,,5729
632725,Chittani,632725,,5729
632521,Dadapuram,632521,,5729
632616,Deevanur,632616,,5729
632666,Elavalapakkam,632666,,5729
632605,Endiyur,632605,,5729
632578,Eppakkam,632578,,5729
632548,Evalur,632548,,5729
632726,Ezhaoi,632726,,5729
632731,Ganapathipattu,632731,,5729
632624,Guruvammapettai,632624,,5729
632573,Ichcheri,632573,,5729
632614,Ilamangalam,632614,,5729
632672,Iraiyanur,632672,,5729
632674,Jaggampettai,632674,,5729
632625,Janakipettai,632625,,5729
632538,Kadavambakkam,632538,,5729
632544,Kadur (S),632544,,5729
632688,Kalavay (Then),632688,,5729
632537,Kalavoi (Vada),632537,,5729
632697,Kallakolathur,632697,,5729
632561,Kalpakkam,632561,,5729
632532,Kambur,632532,,5729
632718,Kanniyam,632718,,5729
632673,Karanavur,632673,,5729
632533,Karikambattu,632533,,5729
632602,Karuppur,632602,,5729
632565,Karuvapakkam,632565,,5729
632604,Kattalai,632604,,5729
632536,Kattupunjai,632536,,5729
632610,Kattusiviri,632610,,5729
932746,காவேரிபாக்கம்,932746,,5729
632685,Kenipattu,632685,,5729
932754,கிடங்கல்,932754,,5729
632576,Kiladanur,632576,,5729
632699,Kiledayalam,632699,,5729
632572,Kilgudalur,632572,,5729
632547,Kilkaranai,632547,,5729
632523,Kilmalayanur,632523,,5729
632601,Kilmannur,632601,,5729
632555,Kilmavilangai,632555,,5729
632599,Kilnemili,632599,,5729
632580,Kilpasar,632580,,5729
632603,Kilsevur,632603,,5729
632735,Kilsevur R.F.,632735,,5729
632690,Kilsithamur,632690,,5729
632562,Kirandipuram,632562,,5729
632554,Kodiam,632554,,5729
632683,Kodima,632683,,5729
632620,Kollar,632620,,5729
632701,Kolliyankunam,632701,,5729
632515,Konalur,632515,,5729
632730,Konamangalam,632730,,5729
632530,Koochikolathur,632530,,5729
632668,Kovadi,632668,,5729
632631,Kunnappakkam,632631,,5729
632720,Kuralur,632720,,5729
632732,Kuramparam R.F.,632732,,5729
632703,Kutteripattu,632703,,5729
632714,Mailam,632714,,5729
632513,Mambakkam,632513,,5729
632633,Mandaperumpakkam,632633,,5729
632575,Mangalam,632575,,5729
632613,Mannampoondi,632613,,5729
632655,Manoor,632655,,5729
632733,Marakkanam R.F.,632733,,5729
632556,Mavilangai (Mel),632556,,5729
632524,Meladhanur,632524,,5729
632551,Melpakkam,632551,,5729
632570,Melpettai,632570,,5729
632516,Melsiviri,632516,,5729
632623,Molasur,632623,,5729
632682,Muppuli,632682,,5729
632612,Naduvanandal,632612,,5729
632557,Nagavaram,632557,,5729
632700,Nallamur,632700,,5729
632543,Nallathur,632543,,5729
632542,Nangunam,632542,,5729
632582,Naramagani,632582,,5729
632707,Nedumozhianur,632707,,5729
632518,Neduntondi,632518,,5729
632667,Nerkunam (Then),632667,,5729
632676,Nettiyur,632676,,5729
632552,Neykuppi,632552,,5729
632574,Nolambur,632574,,5729
632529,Olakkur Kilpadi,632529,,5729
632528,Olakkur Melpadi,632528,,5729
632669,Ommandur,632669,,5729
632534,Ongur,632534,,5729
632684,Padamangalam,632684,,5729
632721,Padirapuliyur,632721,,5729
632531,Padiri,632531,,5729
632608,Palakuppam,632608,,5729
632722,Palapattu,632722,,5729
632577,Pallipakkam,632577,,5729
632611,Pampundi,632611,,5729
632540,Panaiyur,632540,,5729
632569,Panchalam,632569,,5729
632541,Pangalathur,632541,,5729
632686,Pasiyar (Then),632686,,5729
632567,Pattanam,632567,,5729
632618,Peradikuppam,632618,,5729
632698,Peradikuppam (Kil),632698,,5729
632677,Peramandur East,632677,,5729
932611,பெரமண்டூர் மேற்கு,932611,,5729
632723,Perani,632723,,5729
632564,Perapari,632564,,5729
632724,Periathatchur,632724,,5729
932731,பெரியதச்சூர் தெற்கு,932731,,5729
632553,Pulaiyur,632553,,5729
632560,Puliyanur,632560,,5729
632546,Purangarai,632546,,5729
632520,Puttanandal,632520,,5729
632680,Rettanai,632680,,5729
932735,ரெட்டணை கிழக்கு,932735,,5729
932760,ரோஷணை,932760,,5729
632619,Salai,632619,,5729
632568,Salavadi,632568,,5729
632545,Saram,632545,,5729
632549,Sattanur,632549,,5729
632514,Sembakkam,632514,,5729
632629,Senalur,632629,,5729
632583,Sendamangalam,632583,,5729
632711,Sendiyampakkam,632711,,5729
632708,Senjikothamangalam,632708,,5729
632522,Singanikuppam,632522,,5729
632675,Singanur,632675,,5729
632558,Siruvalur (Vada),632558,,5729
632550,Sitteripattu,632550,,5729
632705,Soliasokkulam,632705,,5729
632717,Taludali,632717,,5729
632559,Taniyal,632559,,5729
632527,Tengapakkam,632527,,5729
632719,Tennalapakkam,632719,,5729
632632,Tennampundi,632632,,5729
632715,Thenkulapakkam,632715,,5729
932761,திண்டிவனம்,932761,,5729
632566,Ural,632566,,5729
632563,Vadampundi,632563,,5729
632526,Vairapuram,632526,,5729
632600,Vandarampundi,632600,,5729
632671,Varagapattu,632671,,5729
932740,வீடுர் மேற்கு,932740,,5729
632713,Velangampadi,632713,,5729
632696,Veliyanur,632696,,5729
632519,Vellimedupettai,632519,,5729
632621,Vempundi,632621,,5729
632689,Vengai,632689,,5729
632679,Vengandur,632679,,5729
632609,Venmaniyathur,632609,,5729
632729,Vidur,632729,,5729
632615,Vilukkam,632615,,5729
632571,Vittalapuram,632571,,5729
632709,V. Nallalam,632709,,5729
632710,V. Panchalam,632710,,5729
632807,Acharampattu,632807,,5730
632756,Adanappattu,632756,,5730
632775,Agaram (Then),632775,,5730
632806,Akasampattu,632806,,5730
632772,Appakkam,632772,,5730
632770,Appirambattu,632770,,5730
632748,Aruvadai,632748,,5730
632754,Aruvapakkam,632754,,5730
632809,Bommayapalayam,632809,,5730
632743,Chittanappakkam,632743,,5730
632745,Devanandal,632745,,5730
632796,Elayandapattu,632796,,5730
632779,Eraiyur,632779,,5730
632764,Idaichcheri,632764,,5730
632794,Idaiyapattu,632794,,5730
632776,Ilvampattu,632776,,5730
632808,Irumbai,632808,,5730
632797,Iveli,632797,,5730
632802,Kadagampattu,632802,,5730
632813,Kadapperikuppam,632813,,5730
632766,Kaluperumbakkam,632766,,5730
632763,Kanjimangalam,632763,,5730
632780,Karasanur,632780,,5730
632747,Karattai,632747,,5730
632782,Katrambakkam,632782,,5730
632742,Kayalmedu,632742,,5730
632774,Kenippattu,632774,,5730
632746,Kilappakkam,632746,,5730
632762,Kiliyanur,632762,,5730
932986,கிளியனூா் மேற்கு,932986,,5730
632761,Kilkoothapakkam,632761,,5730
632736,Kodippakkam (Ten),632736,,5730
632771,Kodur,632771,,5730
632767,Koluveri,632767,,5730
632740,Komadippattu,632740,,5730
632803,Kondalamkuppam,632803,,5730
632753,Kondamur,632753,,5730
632798,Korakkeni,632798,,5730
932995,கோட்டகுப்பம்,932995,,5730
632739,Kumalampattu,632739,,5730
632815,Kumalampattu R.F.,632815,,5730
632777,Kunnam,632777,,5730
632768,Mattur,632768,,5730
632759,Murukkam,632759,,5730
632752,Nallavur,632752,,5730
632791,Nemili (V),632791,,5730
632769,Nesal,632769,,5730
632738,Olagapuram,632738,,5730
632783,Olundiyappattu,632783,,5730
632805,Ottai,632805,,5730
632789,Parangani,632789,,5730
632757,Parikkalpattu,632757,,5730
632811,Pattanur,632811,,5730
632814,Perambai,632814,,5730
632737,Peravur,632737,,5730
632778,Perumbakkam,632778,,5730
632795,Pombur,632795,,5730
632792,Ponnampundi,632792,,5730
632750,Pudukkuppam,632750,,5730
632787,Pulichapallam,632787,,5730
632812,Puthurai,632812,,5730
632784,Rayattai,632784,,5730
632785,Royapudupakkam,632785,,5730
632781,Semangalam,632781,,5730
632801,Sengamedu,632801,,5730
632758,Sirunarur,632758,,5730
632793,Siruvai,632793,,5730
632755,Siruvalur (Ten),632755,,5730
632773,Tailapuram,632773,,5730
632741,Talaiganikuppam,632741,,5730
632760,Terkunam,632760,,5730
632810,Tiruchitrambalam,632810,,5730
632800,Tiruvaikkarai,632800,,5730
632790,Tollamur,632790,,5730
632786,Toruvai,632786,,5730
632751,T. Parangani,632751,,5730
632749,Uppuvelur,632749,,5730
632788,Vanur,632788,,5730
632744,Vengaram,632744,,5730
632765,Vilvanatham,632765,,5730
632804,V. Pudupakkam,632804,,5730
933037,ஆசூர் வடக்கு,933037,,5978
632880,Adanur,632880,,5978
632963,Ammanankuppam,632963,,5978
632839,Anniyur,632839,,5978
632843,Arasalapuram,632843,,5978
632879,Arumbuli,632879,,5978
632865,Asur,632865,,5978
632853,Attiyur Thirukkai,632853,,5978
632885,Avadaiyarpattu,632885,,5978
632917,Ayyankovilpattu,632917,,5978
632906,Ayyur Agaram,632906,,5978
632829,Brahmadesam,632829,,5978
632819,Chennappanayakkanpalayam,632819,,5978
632990,Chinnababusamudram,632990,,5978
632860,Chinnatachachur,632860,,5978
632912,Chittalambattu,632912,,5978
632904,Cholaganur,632904,,5978
632845,Echchanguppam,632845,,5978
632856,Elusembon,632856,,5978
632828,Ennayiram,632828,,5978
632846,Esalam,632846,,5978
632837,Hanumanthapuram,632837,,5978
632817,Kadayam,632817,,5978
632876,Kakkanur,632876,,5978
632941,Kaliingamalai,632941,,5978
632962,Kalittirambattu,632962,,5978
632842,Kaliyanampundi,632842,,5978
632867,Kanjanur,632867,,5978
632841,Kannandal,632841,,5978
632915,Kappiyampuliyur,632915,,5978
632818,Karuvakshi,632818,,5978
632881,Kasbakaranai,632881,,5978
632888,Kayattur,632888,,5978
632911,Kodukkur,632911,,5978
633046,Kongarampoondi R.F.,633046,,5978
632861,Konkarambundi,632861,,5978
632857,Koralur,632857,,5978
632883,Kottiyampundi,632883,,5978
632916,Kuchchippalaiyam (Vada),632916,,5978
632834,Kulirsunai,632834,,5978
632960,Kumulam,632960,,5978
632872,Kundalappuliyur,632872,,5978
632873,Kunnathur Thangal (I),632873,,5978
632945,Kurampalaiyam,632945,,5978
632863,Kuttampundi,632863,,5978
632910,Maduraipakkam,632910,,5978
632844,Mandagapattu (E),632844,,5978
632947,Mathur,632947,,5978
632850,Melkaranai,632850,,5978
632864,Melkondai,632864,,5978
632959,Mudaliyarkuppam,632959,,5978
632907,Mundiyambakkam,632907,,5978
632938,Mungilpattu,632938,,5978
632940,Muttarampattu,632940,,5978
632831,Muttatur,632831,,5978
632823,Nagar,632823,,5978
632816,Nallapalayam,632816,,5978
632848,Nandivadi,632848,,5978
632822,Nangathur,632822,,5978
632859,Narasinganur,632859,,5978
632849,Nemur,632849,,5978
632944,Nerkunam,632944,,5978
633227,Odaiyanatham RF,633227,,5978
632870,Olagalampundi,632870,,5978
632893,Orathur,632893,,5978
632936,Pagandai,632936,,5978
632943,Pakkiripalayam,632943,,5978
632908,Panaiyapuram,632908,,5978
632820,Panamalai,632820,,5978
933051,பனமலை தெற்கு,933051,,5978
632891,Panappakkam,632891,,5978
632892,Pappanapattu,632892,,5978
632964,Periyababusamudram,632964,,5978
632840,Perunkalapundi,632840,,5978
632827,Pidaripattu,632827,,5978
632852,Porur,632852,,5978
632869,Pundi,632869,,5978
632871,Pungunam,632871,,5978
632909,Radhapuram,632909,,5978
632886,Reddikuppam,632886,,5978
632862,Salai (Vikravandi),632862,,5978
633047,Salai (Vikravandi) R.F.,633047,,5978
632832,Salavanur,632832,,5978
632821,Sangitamanagalam,632821,,5978
632884,Sattanur,632884,,5978
632875,Semmedu,632875,,5978
632825,Senji kunnathur,632825,,5978
632824,Senjipudur,632824,,5978
632961,Seshanganur,632961,,5978
632913,Seyyaduvinnan,632913,,5978
632874,Siruvalai,632874,,5978
632914,Siruvallikuppam,632914,,5978
632855,Sitheri,632855,,5978
632830,S. Kolapakkam,632830,,5978
632894,Surappattu,632894,,5978
632905,Tennamadevi,632905,,5978
632937,Tennavarayanbattu,632937,,5978
632847,Tenpair,632847,,5978
632838,Thirukkunam,632838,,5978
632826,Thirunandipuram,632826,,5978
632918,Thiruvamattur,632918,,5978
632882,Thumbur,632882,,5978
632939,Tirumangalam,632939,,5978
632890,Toravi,632890,,5978
632835,Udaiyanatham,632835,,5978
633045,Udaiyanattam R.F.,633045,,5978
632946,Vadanur,632946,,5978
632935,Vakkur,632935,,5978
632942,Valudavur,632942,,5978
632868,Veliyandal,632868,,5978
632833,Vellayaimbattu,632833,,5978
632854,Velleripattu,632854,,5978
632866,Vembi,632866,,5978
632836,Vengamur,632836,,5978
632858,Vengayakuppam,632858,,5978
632889,Vettukkadu,632889,,5978
933061,விக்கிரவாண்டி மேற்கு,933061,,5978
933054,விக்கிரவாண்டி கிழக்கு,933054,,5978
632901,Agaram Chittamur,632901,,5731
632929,Alathur,632929,,5731
632994,Aliyur,632994,,5731
632985,Anangur,632985,,5731
633027,Arasamangalam,633027,,5731
632877,Ariyalur (Thirukkai),632877,,5731
633009,Ariyalur (Villupuram),633009,,5731
632920,Ariyur,632920,,5731
632998,Arpisampalaiyam,632998,,5731
632903,Asarakuppam,632903,,5731
633011,Athiyur (Tiruvadi),633011,,5731
633010,Chittatur (Tirukkai),633010,,5731
633023,Chokkambattu,633023,,5731
632919,Cholampundi,632919,,5731
633014,Dalavanur (Tiruvadi),633014,,5731
933085,எருமனந்தாங்கல்,933085,,5731
632989,Gangarampalaiyam,632989,,5731
633044,Gangavaram R.F.,633044,,5731
632928,Idappalaiyam,632928,,5731
632957,Illangadu,632957,,5731
633043,Kadayam R.F.,633043,,5731
933088,கா.குப்பம்,933088,,5731
633040,Kalanjukuppam,633040,,5731
632955,Kallappattu,632955,,5731
633029,Kallippattu,633029,,5731
632923,Kalpattu,632923,,5731
933072,கல்பட்டு மேற்கு,933072,,5731
632926,Kanai,632926,,5731
633003,Kandamanadi,633003,,5731
632993,Kandamangalam,632993,,5731
633004,Kandambakkam,633004,,5731
633007,Kandiyamadai,633007,,5731
632900,Kangiyanur,632900,,5731
633005,Kappur,633005,,5731
632925,Karingalippattu,632925,,5731
633001,Kavanippakkam,633001,,5731
632896,Kedar,632896,,5731
933092,கீழ்பெரும்பாக்கம்,933092,,5731
632898,Kolippattu,632898,,5731
632954,Koliyanur,632954,,5731
632983,Kondangi,632983,,5731
633022,Kondur,633022,,5731
633032,Kongambattu,633032,,5731
633013,Kongarakondan,633013,,5731
632975,Konur,632975,,5731
632996,Kottambakkam,632996,,5731
632978,Kottammangalam,632978,,5731
633036,Krishnapuram,633036,,5731
633028,Kuchipalaiyam (Ten),633028,,5731
632967,Kudumiyankuppam,632967,,5731
633002,Kulathur,633002,,5731
933095,குமாரக்குப்பம்,933095,,5731
632921,Kuppam,632921,,5731
632934,Madirimangalam,632934,,5731
933099,மஹாராஜபுரம்,933099,,5731
632966,Malarajamkuppam,632966,,5731
632987,Malavarayanur,632987,,5731
632899,Malligappattu,632899,,5731
632922,Mambalapattu,632922,,5731
633020,Mandagappattu(Mitta),633020,,5731
632965,Mangkkuppam,632965,,5731
633006,Maragathapuram,633006,,5731
633048,Melkondai R.F.,633048,,5731
632950,Melpadi,632950,,5731
633031,Mettupalaiyam,633031,,5731
633024,Mokshakulam,633024,,5731
632972,Nannadu,632972,,5731
632986,Nannattampalaiyam,632986,,5731
632968,Naraiyur,632968,,5731
632992,Navamalkapper,632992,,5731
633021,Navamal Marudur,633021,,5731
632981,Orukodi,632981,,5731
633035,Pakkam,633035,,5731
933077,பாக்கம் தெற்கு,933077,,5731
632997,Palichcheri,632997,,5731
632995,Pallineriyanur,632995,,5731
633019,Pallippuduppattu,633019,,5731
632991,Pallittennal,632991,,5731
632897,Palliyandur,632897,,5731
933105,பாணாம்பட்டு,933105,,5731
632969,Pananguppam,632969,,5731
633017,Panchamadevi,633017,,5731
633025,Parasureddipalaiyam,633025,,5731
633008,Pedagam,633008,,5731
632956,Peddureddikuppam,632956,,5731
633041,Perichchambakkam,633041,,5731
632974,Perumbakkam,632974,,5731
633000,Pillur,633000,,5731
933110,பூந்தோட்டம்,933110,,5731
632933,Poyyapakkam,632933,,5731
633026,Puvarasamkuppam,633026,,5731
633037,Rampakkam,633037,,5731
632953,Salaiagaram,632953,,5731
933123,சாலாமேடு,933123,,5731
632988,Salayampalayam (East),632988,,5731
933082,சாலையாம்பாளையம் மேற்கு,933082,,5731
632980,Sattipattu,632980,,5731
632948,Sengadu,632948,,5731
633016,Serndanur,633016,,5731
632924,Siruvakkur,632924,,5731
633018,Siruvandadu,633018,,5731
633033,Sorappur,633033,,5731
633038,Sornavur (Kilpadi),633038,,5731
633039,Sornavur (Melpadi),633039,,5731
632976,Teli,632976,,5731
633015,Tiruppachchanur,633015,,5731
632970,Todandanur,632970,,5731
632982,Tokavadi,632982,,5731
633030,Vadavambalam,633030,,5731
632949,Vaduganathankuppam,632949,,5731
632927,Vailamur,632927,,5731
632895,Valappattu,632895,,5731
933127,வளவனூர்,933127,,5731
933132,வழுதரெட்டி,933132,,5731
632973,Vedambattu,632973,,5731
633012,Veliyambakkam,633012,,5731
632902,Vengandur,632902,,5731
632999,Vengatadriagaram,632999,,5731
632979,Venkatesapuram,632979,,5731
632977,Venmaniyathur,632977,,5731
633049,Vikravandi R.F.,633049,,5731
632931,Villupuram,632931,,5731
632878,Viramur,632878,,5731
633034,Viranam,633034,,5731
632930,Virattikuppam,632930,,5731
933135,வி.மருதூர்,933135,,5731
632958,V.Pudur,632958,,5731
641642,Aladipatti,641642,,5853
641653,Amanakkunatham,641653,,5853
641634,Ambelatheve natham,641634,,5853
641648,Aruppukottai,641648,,5853
641701,Athipatti (CT),641701,,5853
641644,Bommakottai,641644,,5853
641687,Chettikulam,641687,,5853
641657,Chettikurichi,641657,,5853
641675,Chettipatti,641675,,5853
932443,சின்ன புளியம்பட்டி,932443,,5853
641665,Erasinnampatti,641665,,5853
641625,Gopalapuram,641625,,5853
641662,Kalayarkarisalkulam,641662,,5853
641696,Kallakkari,641696,,5853
641646,Kallorani,641646,,5853
641664,Kallumadam,641664,,5853
932432,கல்லுமார்பட்டி,932432,,5853
641663,Kalyanasundarapuram,641663,,5853
641688,Kanakai,641688,,5853
641636,Kanjanaiyakkenpatti,641636,,5853
641645,Karuppukkattiyendal,641645,,5853
932437,கட்டகஞ்சன்பட்டி,932437,,5853
641627,Kattangudi,641627,,5853
641697,Keelkudi,641697,,5853
641641,Konganakurichi,641641,,5853
641654,Kotthiparai,641654,,5853
641626,Kovilangulam,641626,,5853
641637,Kulasekaranallur,641637,,5853
641658,Kullampatti,641658,,5853
641698,Kullursandai (CT),641698,,5853
641640,Kurunaikulam,641640,,5853
641655,Kurundamadam,641655,,5853
641629,Kurunjakulam,641629,,5853
641670,Mandapasalai,641670,,5853
641638,Mangulam,641638,,5853
641671,Maravarperungudi,641671,,5853
641690,Melaiyur,641690,,5853
641639,Melakandamangalam,641639,,5853
641632,Mettuthottiyangulam,641632,,5853
641659,Muthuramalingapuram,641659,,5853
641660,Narthampatti,641660,,5853
641624,Palavanatham,641624,,5853
641699,Palayampatti (CT),641699,,5853
641674,Pandalkudi,641674,,5853
641678,P.Andipatti,641678,,5853
641689,Paralachi,641689,,5853
641666,Parattanatham,641666,,5853
932451,பெரிய புளியம்பட்டி,932451,,5853
641633,Periyapuliampatti West,641633,,5853
641656,Podampatti,641656,,5853
641694,Poolangal,641694,,5853
641628,Poyyankulam,641628,,5853
641630,Puliyuran,641630,,5853
641686,Pullanaickenpatti,641686,,5853
641695,Purasaloor,641695,,5853
641685,Rajagopalapuram,641685,,5853
641652,Ramapuram,641652,,5853
641682,Salukkuvarpatti,641682,,5853
641647,Savaspuram,641647,,5853
641631,Sembatti,641631,,5853
641693,Sengulam,641693,,5853
641669,Silukkapatti,641669,,5853
641700,Soolakkarai (CT),641700,,5853
641649,Sukkilanatham,641649,,5853
641661,Sundakottai,641661,,5853
641683,Suthamadam,641683,,5853
641667,Thammanaickenpatti,641667,,5853
641692,Therkunatham,641692,,5853
641681,Thirumalaipuram,641681,,5853
641650,Thiruvirunthalpuram,641650,,5853
641684,Thoppalakarai,641684,,5853
641677,Thummakundu,641677,,5853
641680,Thummuchinnampatti,641680,,5853
641673,T.Koppuchithampatti,641673,,5853
641651,T.Meenakshipuram,641651,,5853
641672,Vadakkukoppuchithampatti,641672,,5853
641691,Vadakkunatham,641691,,5853
641676,Vaduvarpatti,641676,,5853
641635,Valavanda puram,641635,,5853
641668,Vedanatham,641668,,5853
641679,Velayudhapuram,641679,,5853
641643,Veppilaiseri,641643,,5853
641623,Villipathiri,641623,,5853
932496,அச்சம்பட்டி,932496,,5851
641403,Achangulam,641403,,5851
641432,Alagianallur,641432,,5851
641398,Alangulam,641398,,5851
641409,Allalaperi,641409,,5851
641391,Allikkulam,641391,,5851
641425,Allikkulam,641425,,5851
641386,Amaiperukki,641386,,5851
641462,Ambaikkulam,641462,,5851
641389,Anuppanendal,641389,,5851
641376,Arasakulam,641376,,5851
641385,Ariyanendal,641385,,5851
641440,Athikulam,641440,,5851
641456,Athikulam,641456,,5851
641374,Aviyoor,641374,,5851
932470,அயன் ரெட்டியாபட்டி,932470,,5851
641464,Ayyanarkulam,641464,,5851
641435,Chandrankulam,641435,,5851
641408,Chatrampuliangulam,641408,,5851
641417,Chinna Alangulam,641417,,5851
641415,Chithanendal,641415,,5851
641424,Chittumoonradaippu,641424,,5851
641413,Chokkanendal,641413,,5851
641375,D.Kadambankulam,641375,,5851
641395,Iluppaikulam,641395,,5851
641445,Isalimadai,641445,,5851
641437,Johilpatti,641437,,5851
641436,Kalkurichi,641436,,5851
641406,Kaluvancheri,641406,,5851
641471,Kambali,641471,,5851
641382,Kambikudi,641382,,5851
641438,Kanakkanendal,641438,,5851
641470,Karaikulam,641470,,5851
932546,காரியாபட்டி,932546,,5851
641427,Kariyanendal,641427,,5851
641418,Karungulam Nedungulam,641418,,5851
932487,கட்டுக்குத்தகை கரிசல்குளம்,932487,,5851
641468,Keelakallikulam,641468,,5851
641412,Keelapudupatti,641412,,5851
641467,Keelidaikulam,641467,,5851
641472,Keelidayankulam,641472,,5851
641457,Kilakanjirangulam,641457,,5851
641423,Kilavanari,641423,,5851
641447,Koovarkulam,641447,,5851
641420,Kovilankulam,641420,,5851
641458,Kudumbangulam,641458,,5851
641466,Kundukulam,641466,,5851
641373,Kurandi,641373,,5851
641444,Kurianjakkulam,641444,,5851
641387,Kurinjakulan,641387,,5851
932476,மல்லாங்கிணர்,932476,,5851
641451,Manankathan,641451,,5851
641421,Manaviyendal,641421,,5851
641372,Mangulam,641372,,5851
641402,Manthoppu,641402,,5851
641449,Maraikulam,641449,,5851
641461,Mela Idayankulam,641461,,5851
641378,Melakallankulam,641378,,5851
641469,Melakallikulam,641469,,5851
641442,Melakanjirangulam,641442,,5851
641439,Melapudupatti,641439,,5851
641426,Minniranjampatti,641426,,5851
641410,Mudukkangulam,641410,,5851
641377,Mustakurichi,641377,,5851
641431,Nandikundu,641431,,5851
932513,Nedungulam A,932513,,5851
641394,Neivilakkunedungulam,641394,,5851
641416,Oothakulam,641416,,5851
641399,Pampatti,641399,,5851
641396,Panaikulam,641396,,5851
641459,Pandanendal,641459,,5851
641460,Panikkurippu,641460,,5851
641400,Panjar,641400,,5851
641381,Pappanam,641381,,5851
641450,Parayanakuthi,641450,,5851
641414,Periaalangulam,641414,,5851
641404,Pisindi,641404,,5851
641454,Pottalkulam,641454,,5851
641453,Pudukulam,641453,,5851
641384,Pulavanakkundu,641384,,5851
641390,Sandanendal,641390,,5851
641452,Singanathapuram,641452,,5851
641411,Sirukulam,641411,,5851
641392,Siruveppangulam,641392,,5851
641383,S.Kallupatti,641383,,5851
641446,Sooranoor,641446,,5851
641443,T.Chettikulam,641443,,5851
641455,Thamaraikulam,641455,,5851
641448,Thenoor,641448,,5851
641379,Thimmapuram,641379,,5851
641388,Thondarendal,641388,,5851
641429,Thonugal,641429,,5851
641407,Thoppur,641407,,5851
641393,Thottiankulam,641393,,5851
641465,Thulukkangulam,641465,,5851
641397,T.Veppankulam,641397,,5851
641405,Vadakarai,641405,,5851
641430,Vadakkupuliampatti,641430,,5851
641401,Vaiyampatti,641401,,5851
641428,Vakkanangundu,641428,,5851
641441,Valayapatti,641441,,5851
641434,Valukkalotti,641434,,5851
641433,Varalotti,641433,,5851
641419,Vellakulam,641419,,5851
641422,Vettrilaimuruganpatti,641422,,5851
641463,Vilakulam,641463,,5851
641380,V.Nangoor,641380,,5851
641187,Appaneri,641187,,5847
641174,Arasiyarpatti,641174,,5847
641176,Ayan Kollankondan,641176,,5847
932253,அயன்கொல்லங்கொண்டான்-2,932253,,5847
933768,செட்டியார்பட்டி,933768,,5847
641202,Chokkanathaputtur,641202,,5847
932276,சோழபுரம்-2,932276,,5847
641210,Dhalavoipuram (CT),641210,,5847
641192,Ilandiraikondan,641192,,5847
641178,Kadambankulam,641178,,5847
641183,Kollankondan,641183,,5847
641206,Kollankondan R.F.,641206,,5847
641173,Kothankulam,641173,,5847
641205,Kothankulam RF,641205,,5847
641196,Kovilur,641196,,5847
641172,Melapattamkarisalkulam,641172,,5847
641181,Melarajakularaman (Part),641181,,5847
932268,மேலூர் துரைச்சாமியாபுரம்,932268,,5847
933770,மேட்டுப்பட்டி,933770,,5847
641193,Muthusamipuram,641193,,5847
641197,Nallamangalam,641197,,5847
641199,Nathampatti,641199,,5847
641182,Pudupalaiyam,641182,,5847
641198,Puthur,641198,,5847
641175,Rajapalayam,641175,,5847
641209,Ramalingapuram (CT),641209,,5847
641179,Reghunathapuram,641179,,5847
641171,Sammandapuram,641171,,5847
641208,Samusigapuram (CT),641208,,5847
641204,Sappaniparambu (R.F),641204,,5847
641207,Settur RF,641207,,5847
641191,Sholapuram,641191,,5847
641185,Solaicheri,641185,,5847
641184,Sundararajapuram,641184,,5847
641195,Terku Devadanam,641195,,5847
641186,Terkuvenganallur,641186,,5847
641177,Tiruchalur,641177,,5847
641194,Vadakkudevadanam,641194,,5847
641170,Vadakku Venganallur,641170,,5847
641718,Alampatti,641718,,5854
641713,Ammapatti,641713,,5854
641711,Athipatti,641711,,5854
641733,Ayyampatti,641733,,5854
641727,Banduvarpatti,641727,,5854
641766,Chatrapatti (CT),641766,,5854
641724,Chinnagollapatti,641724,,5854
641714,Chinnakamanpatti,641714,,5854
641741,Chinnathambiyapuram,641741,,5854
641739,D.Chinnodaipatti,641739,,5854
641706,Golwarpatti,641706,,5854
641761,Kanjampatti,641761,,5854
641755,Karisalpatti,641755,,5854
641717,Kattalampatti,641717,,5854
641710,Kosukkundu,641710,,5854
641729,Kottaipachcheri,641729,,5854
641702,Kumaralingapuram,641702,,5854
641708,Kundalakkuttu,641708,,5854
641740,Madamchinnodaipatti,641740,,5854
933795,மடத்துக்காடு,933795,,5854
641719,Melamadai,641719,,5854
641763,Mettamalai (CT),641763,,5854
641721,Mudittalai Nagalapuram,641721,,5854
641756,Mulliseval Muthusamipuram,641756,,5854
641757,Mullisevel (a)Chokkalingapuram,641757,,5854
641703,Muthulingapuram,641703,,5854
641707,Nallamanayakkanpatti,641707,,5854
641758,Nallamuthanpatti,641758,,5854
641759,Nalli,641759,,5854
641722,Nenmeni,641722,,5854
641720,N.Mettupatti (Nenmani),641720,,5854
641735,Omattampatti,641735,,5854
641730,Othaiyal,641730,,5854
641726,Othaiyal Mettupatti,641726,,5854
641736,Ovanayakkanpatti,641736,,5854
641765,Padandal (CT),641765,,5854
641716,Padandal (Part),641716,,5854
641709,Pappakudi,641709,,5854
641738,Peddureddipatti,641738,,5854
641760,Perayyampatti,641760,,5854
641723,Periagollapatti,641723,,5854
641731,Pottireddiyapatti,641731,,5854
641762,Ravuthampatti,641762,,5854
641705,Sandaiyur,641705,,5854
641292,Sankaranatham,641292,,5854
641725,Sattur,641725,,5854
641291,Sindapalli,641291,,5854
641732,Sinduvampatti,641732,,5854
641712,Sirukulam,641712,,5854
641737,Subramaniyapuram,641737,,5854
641728,Surankudi,641728,,5854
641734,Uppattur,641734,,5854
641715,Vadamalaipuram,641715,,5854
641764,Venkatachalapuram (CT),641764,,5854
641704,Veppilaipatti,641704,,5854
641317,Alangulam (CT),641317,,5849
641332,A.Meenachipuram,641332,,5849
641331,Anaikkuttam,641331,,5849
641313,Anaiyur (CT),641313,,5849
641283,Anaiyur (Part),641283,,5849
641316,Anuppankulam (CT),641316,,5849
641348,Chokkalingapuram (Part),641348,,5849
641285,Duraiswamipuram,641285,,5849
641268,Erichchanatham,641268,,5849
641279,Injar,641279,,5849
641271,Kalayarkurichchi,641271,,5849
641334,Kariseri,641334,,5849
641325,Kavundampatti,641325,,5849
641281,Kiltiruthangal (Part),641281,,5849
641256,Kongalapuram,641256,,5849
641278,Krishnaperi,641278,,5849
641272,Mangalam,641272,,5849
641284,Maraneri,641284,,5849
641333,Melamattur,641333,,5849
641276,Namaskarittanpatti,641276,,5849
641312,Naranapuram (CT),641312,,5849
641282,Naranapuram (Part),641282,,5849
641274,Nedungulam,641274,,5849
641311,Pallapatti (CT),641311,,5849
641288,Paranayakkanpatti,641288,,5849
641270,Pudukkottai,641270,,5849
641275,Purnachandrapuram,641275,,5849
641293,Salvarpatti,641293,,5849
641310,Sengamalanachiarpatti (CT),641310,,5849
641269,Sevalur,641269,,5849
641314,Sithurajapuram (CT),641314,,5849
933797,சிவகாசி,933797,,5849
641290,Subramaniyapuram,641290,,5849
641273,Tachchakkudi,641273,,5849
641295,Tayilupatti,641295,,5849
641280,Thiruthangal (Part),641280,,5849
641277,Vadapatti,641277,,5849
641371,Vadi (CT),641371,,5849
641330,Vellur,641330,,5849
641286,Vendurayapuram,641286,,5849
641289,Vettilaiyurani,641289,,5849
641315,Viswanatham (CT),641315,,5849
641255,Achchandavilthan,641255,,5848
641258,Alagapuri RF,641258,,5848
641247,Athikulam Sengulam,641247,,5848
641252,Deyvendri,641252,,5848
641239,Kurukkalkulam,641239,,5848
641251,Malli,641251,,5848
641245,Mamsapuram,641245,,5848
641249,Mullikulam,641249,,5848
641241,Muthuvenkatarayapuram,641241,,5848
641253,Nachchiyarkovil,641253,,5848
641235,Nallingaperi,641235,,5848
641267,Padikkasu vaithanpatti (CT),641267,,5848
641232,Pattakkulam Sallipatti,641232,,5848
641254,Pillaiyarkulam (part),641254,,5848
641236,Pillaiyarnatham,641236,,5848
641265,Pillaiyarnatham R.F.,641265,,5848
641243,Ponnangani,641243,,5848
641240,Puvani,641240,,5848
641233,S.Ammapatti,641233,,5848
641238,Singammalpuram,641238,,5848
641244,Sivandipatti,641244,,5848
641246,Srivilliputtur,641246,,5848
641263,Srivilliputtur R.F.,641263,,5848
641250,Tadagannai Managaseri,641250,,5848
641248,Thilakulam,641248,,5848
641242,Vadakkusrivilliputhur,641242,,5848
641266,Valaikkulam R.F.,641266,,5848
641257,Valaikulam RF,641257,,5848
641237,Venkateswarapuram,641237,,5848
641264,Venkateswarapuram R.F.,641264,,5848
641234,Viluppanur,641234,,5848
641562,Achchangulam,641562,,5852
641575,Agathakulam,641575,,5852
641604,Alangulam,641604,,5852
641578,Ambaneri,641578,,5852
641614,Anaikulam,641614,,5852
641616,Andipatti,641616,,5852
641507,Andiyendal,641507,,5852
641537,Anikalakkiyendal,641537,,5852
641550,Anjanaikkuthi,641550,,5852
641504,Athithnanendal,641504,,5852
641488,Attikulam,641488,,5852
641531,Chinnavannankulam,641531,,5852
641608,Chittalakundu,641608,,5852
641516,Chokkampatti,641516,,5852
641620,Damodarapuram,641620,,5852
641481,Eluvani,641481,,5852
641483,Erumaikkulam,641483,,5852
641556,Idaiyankulam,641556,,5852
641615,Illuppaiyur,641615,,5852
641511,Iluppaikkulam,641511,,5852
641493,Irunjirai,641493,,5852
641500,Isali,641500,,5852
641559,Kadaiyanendal,641559,,5852
641551,Kadalpatchi,641551,,5852
641513,Kadambankulam,641513,,5852
641601,Kadambankulam,641601,,5852
641570,Kaladippappankulam,641570,,5852
641535,Kallandal,641535,,5852
641557,Kallattikulam,641557,,5852
641476,Kallattur,641476,,5852
641478,Kallumadaipulangulam,641478,,5852
641530,Kamalipuliyankulam,641530,,5852
641509,Kandukondanmanickam,641509,,5852
641579,Karendal,641579,,5852
641479,Karungulamnedungulam,641479,,5852
641487,Katanur,641487,,5852
641618,Kattanpatti,641618,,5852
641568,Keelachembur,641568,,5852
641589,Keelakandamangalam,641589,,5852
641565,Keelapuliyandarkottai,641565,,5852
641612,Koigaipithan,641612,,5852
641581,Kokkulam,641581,,5852
641588,Konappanendal,641588,,5852
641597,Kongalakudi,641597,,5852
641485,Kundukkulam,641485,,5852
641563,Kuraiyaravasithan,641563,,5852
641576,Kurudankulam,641576,,5852
641555,Kurunjakkulam,641555,,5852
641545,Kutchampatti,641545,,5852
641529,Kuthanakkottai,641529,,5852
641542,Maili,641542,,5852
641548,Manavarayanendal,641548,,5852
641498,Manoor,641498,,5852
641497,Mayaleri,641497,,5852
641558,Meenakshipuram,641558,,5852
641569,Melachembur,641569,,5852
641502,Melakumilankulam,641502,,5852
641526,Melaparuttiyur,641526,,5852
641536,Melendal,641536,,5852
641517,Meludaikulam,641517,,5852
641600,Minakkulam,641600,,5852
641521,Mithilaikulam,641521,,5852
641490,M.Pudukkulam,641490,,5852
641527,Mullikkulam,641527,,5852
641553,Muthanendal,641553,,5852
641574,Muthaneri,641574,,5852
641622,Muthuramalingapuram,641622,,5852
641552,Nadakulam,641552,,5852
641611,Naduvappacheri,641611,,5852
641560,Nallatharai,641560,,5852
641598,Nallukkurichi,641598,,5852
641489,Naloor,641489,,5852
641603,Nambiyendal,641603,,5852
641594,Nathaikulam,641594,,5852
641541,Nathakkulam,641541,,5852
641606,Nellikulam,641606,,5852
641518,Notchikkulam,641518,,5852
641566,Ottankulam,641566,,5852
641571,Padanakurichi,641571,,5852
641583,Pallimadam,641583,,5852
641491,Panaikkudi,641491,,5852
641591,Panaiyur,641591,,5852
641514,Pannaimoonadradaippu,641514,,5852
641599,Pappankulam,641599,,5852
641586,Paraikulam,641586,,5852
641554,Paraiyankulam,641554,,5852
641533,Perumanendal,641533,,5852
641501,Perunjalipudupatti,641501,,5852
641477,Pillaiyarkulam,641477,,5852
641609,Pillaiyar natham,641609,,5852
641547,Pillaiyarthottaiyankulam,641547,,5852
641590,Pillayarendal,641590,,5852
641572,Pitchangudi,641572,,5852
641564,P.Mamakulam,641564,,5852
641621,Poomalaipatti,641621,,5852
641473,Poombidagai,641473,,5852
641482,Pulavaikkarai,641482,,5852
641528,Pulichikulam,641528,,5852
641549,Pulikurichi,641549,,5852
641522,Puliyangulam,641522,,5852
641540,Puthiyendal,641540,,5852
641593,Regunathamadai,641593,,5852
641499,Salai Iluppaikulam,641499,,5852
641577,Sappaniyendal,641577,,5852
641506,Sathiseri,641506,,5852
641539,Seeniendal,641539,,5852
641532,Semmanendal,641532,,5852
641592,Semponnerunji,641592,,5852
641520,Sennilakkudi,641520,,5852
641610,Sethupuram,641610,,5852
641617,Silampatti,641617,,5852
641613,Silandikulam,641613,,5852
641510,Sirumudalaikulam,641510,,5852
641582,Soochaneri,641582,,5852
641495,Sorikulam,641495,,5852
641503,Sottamuri,641503,,5852
641543,Sriramanendal,641543,,5852
641605,Sullankudi,641605,,5852
641602,Sundarattan,641602,,5852
641595,Suraikulam,641595,,5852
641494,Theli,641494,,5852
641573,Therkuariyankulam,641573,,5852
641512,Thondamankulam,641512,,5852
641475,Thulukkanedungulam,641475,,5852
641596,Tiduvur,641596,,5852
641546,Tippampatti,641546,,5852
641584,Tiruchuli,641584,,5852
641480,Tiruvidanallur,641480,,5852
641607,T.Karisalkulam,641607,,5852
641496,T.Velankudi,641496,,5852
641544,Udaiyananpatti,641544,,5852
641515,Udayarendal,641515,,5852
641585,Udichchiyendal,641585,,5852
641492,Ulakkudi,641492,,5852
641484,Undurnikidakulam,641484,,5852
641580,Uranippatti,641580,,5852
641525,Usilangulam,641525,,5852
641561,Vadagaraiyankulam,641561,,5852
641587,Vadapalai,641587,,5852
641486,Vagaikkulam,641486,,5852
641534,Valayanendal,641534,,5852
641519,Vallilaperi,641519,,5852
641508,Varisaiyur,641508,,5852
641567,Veeracholan,641567,,5852
641524,Veerakudi,641524,,5852
641505,Velaneri,641505,,5852
641619,Velanoorani,641619,,5852
641538,Velayuthapuram,641538,,5852
641523,Vidathakulam,641523,,5852
641474,V.Karisalkulam,641474,,5852
641305,Achchangulam,641305,,6640
641299,Alangulam,641299,,6640
641309,Appanayakkanpatti,641309,,6640
641297,Edirkottai,641297,,6640
641767,Elayirampannai,641767,,6640
641751,E. Ramanathapuram,641751,,6640
641189,Gopalapuram,641189,,6640
641296,Kananjampatti,641296,,6640
641742,Kangarakottai,641742,,6640
641301,Kangaraseval,641301,,6640
641180,Keelrajakularaman,641180,,6640
641307,Kilanmarinadu,641307,,6640
641298,Kongankulam,641298,,6640
641203,Korukkampatti,641203,,6640
641746,Kuganparai,641746,,6640
641300,Kundayiruppu,641300,,6640
641190,Kuruchiyarpatti,641190,,6640
641308,Lakshmipuram,641308,,6640
641753,Muthandipuram,641753,,6640
641287,Nadukkudi,641287,,6640
641754,O.Muthuswamipuram,641754,,6640
641304,Panaiyadippatti,641304,,6640
641752,Reddiyapatti,641752,,6640
641749,Sanankulam,641749,,6640
641743,Sankarapandiyapuram,641743,,6640
641748,Servaikaranpatti,641748,,6640
641745,Sevalpatti,641745,,6640
641747,Sippipparai,641747,,6640
641306,Surarpatti,641306,,6640
641201,Tenkarai,641201,,6640
641744,Thlukkankurichchi,641744,,6640
641750,Uthuppatti,641750,,6640
641200,Vadagarai,641200,,6640
641188,Varagunaramapuram,641188,,6640
641302,Vembakottai,641302,,6640
641303,Vijayakarisalkulam,641303,,6640
641294,Vijayarengapuram,641294,,6640
641327,Alagapuri,641327,,5850
932294,அல்லம்பட்டி,932294,,5850
641368,Amathur (CT),641368,,5850
641329,Amathur (Part),641329,,5850
641364,Appayyanayakkanpatti,641364,,5850
641358,Avudaiyapuram,641358,,5850
641366,Chathirareddipatti (CT),641366,,5850
641342,Chettipatti,641342,,5850
932327,சின்னமூப்பன்பட்டி,932327,,5850
641360,Chinnavadi,641360,,5850
641319,Ellinganayakkampatti,641319,,5850
641354,Endappuli,641354,,5850
641340,Kadambankulam,641340,,5850
641352,Kalangaperi,641352,,5850
641345,Kasireddiapatti,641345,,5850
641355,Koilvirarpatti,641355,,5850
641370,Kooraikundu (CT),641370,,5850
641353,Kottainattam,641353,,5850
932348,கோட்டைப்பட்டி,932348,,5850
641361,Kottaiyur,641361,,5850
641326,Kumaralingapuram,641326,,5850
641357,Mannarkottai,641357,,5850
641338,Maruluthu,641338,,5850
641339,Mettukkundu,641339,,5850
641328,Misalur,641328,,5850
641324,Moolippatti,641324,,5850
932340,முத்துராமன்பட்டி,932340,,5850
932428,நாட்டார்மங்கலம்,932428,,5850
641335,Ondippulinayakkanur,641335,,5850
641346,Pachakulam,641346,,5850
641343,Pattampudur,641343,,5850
641367,Pavali (CT),641367,,5850
932420,பேளம்பட்டி,932420,,5850
641322,Periaparali,641322,,5850
641363,Pudupatti,641363,,5850
641349,Pudur,641349,,5850
641337,Puliyangulam,641337,,5850
641321,Pullalakkottai,641321,,5850
641369,Rosalpatti (CT),641369,,5850
932286,சீனியாபுரம்,932286,,5850
641318,Sengottai,641318,,5850
641323,Sengunrapuram,641323,,5850
641341,Sennalkudi,641341,,5850
641365,Sivagnanapuram (CT),641365,,5850
641362,Sundaralingapuram,641362,,5850
641350,Thammanayakkanpatti,641350,,5850
641336,Thathampatti,641336,,5850
641359,Tulukkapatti,641359,,5850
641351,Vachakkarapatti,641351,,5850
641320,Vadamalaikurichi,641320,,5850
641344,Vaipputtanpatti,641344,,5850
641356,Valayapatti,641356,,5850
932421,விருதுநகர்,932421,,5850
641347,V.Muthulingapuram,641347,,5850
641227,Ammapatti,641227,,6675
641216,Ayaidharmam,641216,,6675
641219,Ayan Karisalkulam,641219,,6675
641217,Govindanallur,641217,,6675
641215,Ilandaikulam,641215,,6675
641228,Kalathur,641228,,6675
641221,Khansabpuram,641221,,6675
641260,Khansabpuram(Khansapuram RF),641260,,6675
641259,Khansabpuram (Unnipath RF),641259,,6675
641214,Kottaiyur,641214,,6675
641230,Kunnur,641230,,6675
641212,Maharajapuram,641212,,6675
641220,Marakalamkathan,641220,,6675
641224,Muvaraivenran,641224,,6675
641229,Nathampatti,641229,,6675
641262,Pudupatti R.F,641262,,6675
641225,Rudrappanaickenpatti,641225,,6675
641231,Semmanandikarisalkulam,641231,,6675
933793,எஸ். கொடிகுளம்,933793,,6675
641222,Sundarapandiyam,641222,,6675
641261,Sundarapandiyam(R.F),641261,,6675
641213,Thambipatti,641213,,6675
641223,Thulukkapatti,641223,,6675
641226,Vadugapatti,641226,,6675
641218,Vellaipottal,641218,,6675
641211,Watrap,641211,,6675
